GSM,raw_selected_characteristic,observed_pcr_rd,dlda30_prediction,pam50_class,both_known,different
GSM615096,dlda30_prediction: RD,RD,RD,LumA,True,False
GSM615097,dlda30_prediction: RD,RD,RD,Normal,True,False
GSM615098,dlda30_prediction: pCR,RD,pCR,Basal,True,True
GSM615099,dlda30_prediction: pCR,pCR,pCR,Basal,True,False
GSM615100,dlda30_prediction: RD,RD,RD,LumA,True,False
GSM615101,dlda30_prediction: pCR,RD,pCR,Basal,True,True
GSM615102,dlda30_prediction: pCR,RD,pCR,Basal,True,True
GSM615103,dlda30_prediction: RD,RD,RD,LumA,True,False
GSM615104,dlda30_prediction: pCR,RD,pCR,Basal,True,True
GSM615105,dlda30_prediction: RD,,RD,LumA,False,False
GSM615106,dlda30_prediction: pCR,RD,pCR,Basal,True,True
GSM615107,dlda30_prediction: pCR,RD,pCR,Basal,True,True
GSM615108,dlda30_prediction: RD,RD,RD,LumB,True,False
GSM615109,dlda30_prediction: pCR,RD,pCR,Basal,True,True
GSM615110,dlda30_prediction: pCR,pCR,pCR,Basal,True,False
GSM615111,dlda30_prediction: pCR,RD,pCR,Basal,True,True
GSM615112,dlda30_prediction: pCR,RD,pCR,Basal,True,True
GSM615113,dlda30_prediction: pCR,RD,pCR,Basal,True,True
GSM615114,dlda30_prediction: RD,RD,RD,LumA,True,False
GSM615115,dlda30_prediction: pCR,RD,pCR,Basal,True,True
GSM615116,dlda30_prediction: RD,RD,RD,Basal,True,False
GSM615117,dlda30_prediction: pCR,RD,pCR,Basal,True,True
GSM615118,dlda30_prediction: pCR,,pCR,Basal,False,False
GSM615119,dlda30_prediction: RD,,RD,Basal,False,False
GSM615120,dlda30_prediction: RD,RD,RD,LumA,True,False
GSM615121,dlda30_prediction: RD,RD,RD,LumB,True,False
GSM615122,dlda30_prediction: RD,pCR,RD,LumA,True,True
GSM615123,dlda30_prediction: RD,pCR,RD,LumB,True,True
GSM615124,dlda30_prediction: RD,RD,RD,Basal,True,False
GSM615125,dlda30_prediction: RD,RD,RD,Normal,True,False
GSM615126,dlda30_prediction: RD,RD,RD,LumA,True,False
GSM615127,dlda30_prediction: RD,RD,RD,LumA,True,False
GSM615128,dlda30_prediction: RD,RD,RD,LumB,True,False
GSM615129,dlda30_prediction: RD,RD,RD,LumB,True,False
GSM615130,dlda30_prediction: RD,RD,RD,Her2,True,False
GSM615131,dlda30_prediction: RD,RD,RD,LumA,True,False
GSM615132,dlda30_prediction: RD,RD,RD,LumA,True,False
GSM615133,dlda30_prediction: RD,RD,RD,LumA,True,False
GSM615134,dlda30_prediction: RD,RD,RD,Normal,True,False
GSM615135,dlda30_prediction: RD,RD,RD,Normal,True,False
GSM615136,dlda30_prediction: pCR,RD,pCR,Basal,True,True
GSM615137,dlda30_prediction: pCR,pCR,pCR,Basal,True,False
GSM615138,dlda30_prediction: RD,RD,RD,LumB,True,False
GSM615139,dlda30_prediction: pCR,pCR,pCR,Her2,True,False
GSM615140,dlda30_prediction: pCR,pCR,pCR,Basal,True,False
GSM615141,dlda30_prediction: pCR,RD,pCR,Basal,True,True
GSM615142,dlda30_prediction: RD,RD,RD,LumA,True,False
GSM615143,dlda30_prediction: RD,pCR,RD,Basal,True,True
GSM615144,dlda30_prediction: RD,RD,RD,LumA,True,False
GSM615145,dlda30_prediction: pCR,RD,pCR,Basal,True,True
GSM615146,dlda30_prediction: pCR,pCR,pCR,Basal,True,False
GSM615147,dlda30_prediction: RD,RD,RD,LumA,True,False
GSM615148,dlda30_prediction: pCR,RD,pCR,Basal,True,True
GSM615149,dlda30_prediction: pCR,RD,pCR,Basal,True,True
GSM615150,dlda30_prediction: RD,RD,RD,LumA,True,False
GSM615151,dlda30_prediction: pCR,RD,pCR,Basal,True,True
GSM615152,dlda30_prediction: pCR,RD,pCR,Basal,True,True
GSM615153,dlda30_prediction: RD,RD,RD,LumB,True,False
GSM615154,dlda30_prediction: pCR,pCR,pCR,Basal,True,False
GSM615155,dlda30_prediction: RD,RD,RD,Basal,True,False
GSM615156,dlda30_prediction: pCR,RD,pCR,Basal,True,True
GSM615157,dlda30_prediction: RD,RD,RD,Her2,True,False
GSM615158,dlda30_prediction: RD,RD,RD,LumA,True,False
GSM615159,dlda30_prediction: pCR,RD,pCR,Her2,True,True
GSM615160,dlda30_prediction: pCR,RD,pCR,Basal,True,True
GSM615161,dlda30_prediction: RD,RD,RD,LumA,True,False
GSM615162,dlda30_prediction: RD,RD,RD,LumA,True,False
GSM615163,dlda30_prediction: RD,,RD,LumB,False,False
GSM615164,dlda30_prediction: pCR,pCR,pCR,Basal,True,False
GSM615165,dlda30_prediction: RD,RD,RD,Normal,True,False
GSM615166,dlda30_prediction: RD,RD,RD,Normal,True,False
GSM615167,dlda30_prediction: RD,pCR,RD,Normal,True,True
GSM615168,dlda30_prediction: RD,RD,RD,LumA,True,False
GSM615169,dlda30_prediction: pCR,RD,pCR,Basal,True,True
GSM615170,dlda30_prediction: RD,RD,RD,LumA,True,False
GSM615171,dlda30_prediction: pCR,pCR,pCR,Basal,True,False
GSM615172,dlda30_prediction: RD,RD,RD,LumA,True,False
GSM615173,dlda30_prediction: RD,RD,RD,LumA,True,False
GSM615174,dlda30_prediction: RD,RD,RD,LumB,True,False
GSM615175,dlda30_prediction: pCR,pCR,pCR,Basal,True,False
GSM615176,dlda30_prediction: RD,RD,RD,Normal,True,False
GSM615177,dlda30_prediction: RD,RD,RD,LumA,True,False
GSM615178,dlda30_prediction: pCR,RD,pCR,Basal,True,True
GSM615179,dlda30_prediction: RD,RD,RD,LumA,True,False
GSM615180,dlda30_prediction: RD,RD,RD,LumA,True,False
GSM615181,dlda30_prediction: pCR,pCR,pCR,Basal,True,False
GSM615182,dlda30_prediction: RD,RD,RD,Her2,True,False
GSM615183,dlda30_prediction: RD,RD,RD,LumA,True,False
GSM615184,dlda30_prediction: pCR,RD,pCR,Basal,True,True
GSM615185,dlda30_prediction: pCR,RD,pCR,Basal,True,True
GSM615186,dlda30_prediction: RD,pCR,RD,LumA,True,True
GSM615187,dlda30_prediction: RD,RD,RD,LumA,True,False
GSM615188,dlda30_prediction: RD,RD,RD,LumB,True,False
GSM615189,dlda30_prediction: pCR,RD,pCR,Her2,True,True
GSM615190,dlda30_prediction: pCR,RD,pCR,Basal,True,True
GSM615191,dlda30_prediction: pCR,pCR,pCR,Basal,True,False
GSM615192,dlda30_prediction: RD,RD,RD,LumA,True,False
GSM615193,dlda30_prediction: pCR,pCR,pCR,Normal,True,False
GSM615194,dlda30_prediction: pCR,pCR,pCR,Basal,True,False
GSM615195,dlda30_prediction: pCR,RD,pCR,Basal,True,True
GSM615196,dlda30_prediction: RD,RD,RD,LumB,True,False
GSM615197,dlda30_prediction: RD,RD,RD,Her2,True,False
GSM615198,dlda30_prediction: RD,RD,RD,LumA,True,False
GSM615199,dlda30_prediction: RD,RD,RD,LumA,True,False
GSM615200,dlda30_prediction: RD,RD,RD,LumB,True,False
GSM615201,dlda30_prediction: RD,pCR,RD,LumB,True,True
GSM615202,dlda30_prediction: RD,pCR,RD,Basal,True,True
GSM615203,dlda30_prediction: RD,RD,RD,LumA,True,False
GSM615204,dlda30_prediction: RD,RD,RD,LumA,True,False
GSM615205,dlda30_prediction: RD,RD,RD,LumB,True,False
GSM615206,dlda30_prediction: RD,RD,RD,LumB,True,False
GSM615207,dlda30_prediction: RD,RD,RD,LumA,True,False
GSM615208,dlda30_prediction: RD,RD,RD,LumA,True,False
GSM615209,dlda30_prediction: pCR,pCR,pCR,Basal,True,False
GSM615210,dlda30_prediction: RD,RD,RD,LumA,True,False
GSM615211,dlda30_prediction: pCR,pCR,pCR,Basal,True,False
GSM615212,dlda30_prediction: pCR,pCR,pCR,Basal,True,False
GSM615213,dlda30_prediction: pCR,pCR,pCR,Basal,True,False
GSM615214,dlda30_prediction: RD,RD,RD,LumA,True,False
GSM615215,dlda30_prediction: pCR,pCR,pCR,Her2,True,False
GSM615216,dlda30_prediction: RD,RD,RD,LumB,True,False
GSM615217,dlda30_prediction: RD,RD,RD,LumA,True,False
GSM615218,dlda30_prediction: pCR,RD,pCR,Basal,True,True
GSM615219,dlda30_prediction: RD,RD,RD,Basal,True,False
GSM615220,dlda30_prediction: RD,RD,RD,Normal,True,False
GSM615221,dlda30_prediction: RD,RD,RD,LumA,True,False
GSM615222,dlda30_prediction: RD,RD,RD,LumA,True,False
GSM615223,dlda30_prediction: pCR,RD,pCR,Basal,True,True
GSM615224,dlda30_prediction: RD,RD,RD,LumA,True,False
GSM615225,dlda30_prediction: pCR,RD,pCR,Basal,True,True
GSM615226,dlda30_prediction: RD,RD,RD,Normal,True,False
GSM615227,dlda30_prediction: RD,RD,RD,LumB,True,False
GSM615228,dlda30_prediction: RD,RD,RD,LumA,True,False
GSM615229,dlda30_prediction: RD,RD,RD,Normal,True,False
GSM615230,dlda30_prediction: RD,RD,RD,Her2,True,False
GSM615231,dlda30_prediction: RD,RD,RD,LumA,True,False
GSM615232,dlda30_prediction: RD,RD,RD,LumA,True,False
GSM615233,dlda30_prediction: RD,RD,RD,Normal,True,False
GSM615234,dlda30_prediction: RD,RD,RD,Normal,True,False
GSM615235,dlda30_prediction: RD,RD,RD,LumB,True,False
GSM615236,dlda30_prediction: RD,RD,RD,LumA,True,False
GSM615237,dlda30_prediction: RD,RD,RD,LumA,True,False
GSM615238,dlda30_prediction: RD,RD,RD,LumB,True,False
GSM615239,dlda30_prediction: RD,RD,RD,LumA,True,False
GSM615240,dlda30_prediction: pCR,pCR,pCR,Basal,True,False
GSM615241,dlda30_prediction: RD,RD,RD,LumA,True,False
GSM615242,dlda30_prediction: pCR,pCR,pCR,Basal,True,False
GSM615243,dlda30_prediction: RD,RD,RD,LumA,True,False
GSM615244,dlda30_prediction: pCR,RD,pCR,Basal,True,True
GSM615245,dlda30_prediction: RD,RD,RD,LumA,True,False
GSM615246,dlda30_prediction: RD,RD,RD,LumA,True,False
GSM615247,dlda30_prediction: RD,RD,RD,LumA,True,False
GSM615248,dlda30_prediction: pCR,RD,pCR,Basal,True,True
GSM615249,dlda30_prediction: RD,RD,RD,Her2,True,False
GSM615250,dlda30_prediction: pCR,RD,pCR,Her2,True,True
GSM615251,dlda30_prediction: pCR,RD,pCR,Basal,True,True
GSM615252,dlda30_prediction: RD,RD,RD,LumA,True,False
GSM615253,dlda30_prediction: RD,RD,RD,LumB,True,False
GSM615254,dlda30_prediction: RD,RD,RD,LumA,True,False
GSM615255,dlda30_prediction: pCR,RD,pCR,Basal,True,True
GSM615256,dlda30_prediction: RD,pCR,RD,LumB,True,True
GSM615257,dlda30_prediction: RD,RD,RD,Normal,True,False
GSM615258,dlda30_prediction: RD,RD,RD,Normal,True,False
GSM615259,dlda30_prediction: RD,RD,RD,LumA,True,False
GSM615260,dlda30_prediction: pCR,RD,pCR,Basal,True,True
GSM615261,dlda30_prediction: RD,RD,RD,LumA,True,False
GSM615262,dlda30_prediction: RD,RD,RD,LumA,True,False
GSM615263,dlda30_prediction: RD,pCR,RD,Normal,True,True
GSM615264,dlda30_prediction: pCR,pCR,pCR,Basal,True,False
GSM615265,dlda30_prediction: RD,RD,RD,Normal,True,False
GSM615266,dlda30_prediction: RD,RD,RD,LumA,True,False
GSM615267,dlda30_prediction: RD,RD,RD,LumB,True,False
GSM615268,dlda30_prediction: RD,RD,RD,LumA,True,False
GSM615269,dlda30_prediction: RD,RD,RD,LumB,True,False
GSM615270,dlda30_prediction: pCR,pCR,pCR,Basal,True,False
GSM615271,dlda30_prediction: pCR,RD,pCR,Her2,True,True
GSM615272,dlda30_prediction: pCR,RD,pCR,LumB,True,True
GSM615273,dlda30_prediction: RD,RD,RD,LumA,True,False
GSM615274,dlda30_prediction: pCR,RD,pCR,Her2,True,True
GSM615275,dlda30_prediction: pCR,RD,pCR,Basal,True,True
GSM615276,dlda30_prediction: pCR,RD,pCR,Basal,True,True
GSM615277,dlda30_prediction: RD,RD,RD,LumA,True,False
GSM615278,dlda30_prediction: RD,RD,RD,LumA,True,False
GSM615279,dlda30_prediction: RD,RD,RD,LumB,True,False
GSM615280,dlda30_prediction: RD,pCR,RD,Her2,True,True
GSM615281,dlda30_prediction: RD,RD,RD,LumB,True,False
GSM615282,dlda30_prediction: RD,RD,RD,Her2,True,False
GSM615283,dlda30_prediction: RD,RD,RD,LumA,True,False
GSM615284,dlda30_prediction: pCR,pCR,pCR,Basal,True,False
GSM615285,dlda30_prediction: RD,RD,RD,LumA,True,False
GSM615286,dlda30_prediction: RD,RD,RD,Her2,True,False
GSM615287,dlda30_prediction: RD,RD,RD,Normal,True,False
GSM615288,dlda30_prediction: pCR,RD,pCR,Basal,True,True
GSM615289,dlda30_prediction: RD,RD,RD,LumB,True,False
GSM615290,dlda30_prediction: pCR,RD,pCR,Basal,True,True
GSM615291,dlda30_prediction: pCR,pCR,pCR,Basal,True,False
GSM615292,dlda30_prediction: RD,RD,RD,LumA,True,False
GSM615293,dlda30_prediction: pCR,pCR,pCR,Basal,True,False
GSM615294,dlda30_prediction: RD,RD,RD,Normal,True,False
GSM615295,dlda30_prediction: RD,RD,RD,Normal,True,False
GSM615296,dlda30_prediction: RD,RD,RD,LumA,True,False
GSM615297,dlda30_prediction: RD,RD,RD,Basal,True,False
GSM615298,dlda30_prediction: RD,RD,RD,LumA,True,False
GSM615299,dlda30_prediction: RD,RD,RD,LumA,True,False
GSM615300,dlda30_prediction: pCR,pCR,pCR,Basal,True,False
GSM615301,dlda30_prediction: pCR,RD,pCR,Basal,True,True
GSM615302,dlda30_prediction: RD,RD,RD,Her2,True,False
GSM615303,dlda30_prediction: pCR,RD,pCR,Basal,True,True
GSM615304,dlda30_prediction: RD,RD,RD,LumB,True,False
GSM615305,dlda30_prediction: RD,RD,RD,LumA,True,False
GSM615306,dlda30_prediction: RD,RD,RD,LumA,True,False
GSM615307,dlda30_prediction: pCR,pCR,pCR,Basal,True,False
GSM615308,dlda30_prediction: RD,RD,RD,LumB,True,False
GSM615309,dlda30_prediction: RD,RD,RD,LumB,True,False
GSM615310,dlda30_prediction: pCR,pCR,pCR,Basal,True,False
GSM615311,dlda30_prediction: RD,RD,RD,LumA,True,False
GSM615312,dlda30_prediction: RD,RD,RD,Basal,True,False
GSM615313,dlda30_prediction: RD,RD,RD,Normal,True,False
GSM615314,dlda30_prediction: RD,RD,RD,LumA,True,False
GSM615315,dlda30_prediction: pCR,RD,pCR,Basal,True,True
GSM615316,dlda30_prediction: RD,RD,RD,LumA,True,False
GSM615317,dlda30_prediction: pCR,RD,pCR,Basal,True,True
GSM615318,dlda30_prediction: RD,RD,RD,LumA,True,False
GSM615319,dlda30_prediction: pCR,RD,pCR,Basal,True,True
GSM615320,dlda30_prediction: pCR,RD,pCR,Basal,True,True
GSM615321,dlda30_prediction: pCR,RD,pCR,Basal,True,True
GSM615322,dlda30_prediction: pCR,RD,pCR,Basal,True,True
GSM615323,dlda30_prediction: RD,RD,RD,Normal,True,False
GSM615324,dlda30_prediction: pCR,pCR,pCR,Basal,True,False
GSM615325,dlda30_prediction: pCR,pCR,pCR,Basal,True,False
GSM615326,dlda30_prediction: pCR,RD,pCR,Basal,True,True
GSM615327,dlda30_prediction: pCR,RD,pCR,Basal,True,True
GSM615328,dlda30_prediction: RD,RD,RD,LumA,True,False
GSM615329,dlda30_prediction: RD,RD,RD,LumA,True,False
GSM615330,dlda30_prediction: RD,RD,RD,Basal,True,False
GSM615331,dlda30_prediction: RD,pCR,RD,Basal,True,True
GSM615332,dlda30_prediction: RD,RD,RD,LumB,True,False
GSM615333,dlda30_prediction: pCR,RD,pCR,Basal,True,True
GSM615334,dlda30_prediction: pCR,pCR,pCR,Basal,True,False
GSM615335,dlda30_prediction: pCR,RD,pCR,Basal,True,True
GSM615336,dlda30_prediction: pCR,pCR,pCR,Basal,True,False
GSM615337,dlda30_prediction: RD,RD,RD,LumA,True,False
GSM615338,dlda30_prediction: pCR,pCR,pCR,Basal,True,False
GSM615339,dlda30_prediction: RD,RD,RD,LumA,True,False
GSM615340,dlda30_prediction: RD,RD,RD,Her2,True,False
GSM615341,dlda30_prediction: RD,RD,RD,LumA,True,False
GSM615342,dlda30_prediction: pCR,RD,pCR,Her2,True,True
GSM615343,dlda30_prediction: RD,RD,RD,LumB,True,False
GSM615344,dlda30_prediction: pCR,RD,pCR,Normal,True,True
GSM615345,dlda30_prediction: RD,RD,RD,LumB,True,False
GSM615346,dlda30_prediction: pCR,RD,pCR,Basal,True,True
GSM615347,dlda30_prediction: pCR,RD,pCR,Basal,True,True
GSM615348,dlda30_prediction: pCR,RD,pCR,Basal,True,True
GSM615349,dlda30_prediction: RD,RD,RD,LumA,True,False
GSM615350,dlda30_prediction: RD,RD,RD,LumB,True,False
GSM615351,dlda30_prediction: RD,RD,RD,LumA,True,False
GSM615352,dlda30_prediction: RD,RD,RD,LumA,True,False
GSM615353,dlda30_prediction: RD,pCR,RD,LumB,True,True
GSM615354,dlda30_prediction: pCR,pCR,pCR,Basal,True,False
GSM615355,dlda30_prediction: RD,RD,RD,LumA,True,False
GSM615356,dlda30_prediction: RD,RD,RD,LumB,True,False
GSM615357,dlda30_prediction: pCR,pCR,pCR,Basal,True,False
GSM615358,dlda30_prediction: RD,RD,RD,LumB,True,False
GSM615359,dlda30_prediction: pCR,pCR,pCR,Basal,True,False
GSM615360,dlda30_prediction: RD,RD,RD,LumA,True,False
GSM615361,dlda30_prediction: RD,RD,RD,Normal,True,False
GSM615362,dlda30_prediction: RD,RD,RD,LumA,True,False
GSM615363,dlda30_prediction: pCR,RD,pCR,Basal,True,True
GSM615364,dlda30_prediction: pCR,RD,pCR,Basal,True,True
GSM615365,dlda30_prediction: RD,RD,RD,LumA,True,False
GSM615366,dlda30_prediction: RD,RD,RD,LumA,True,False
GSM615367,dlda30_prediction: RD,RD,RD,LumB,True,False
GSM615368,dlda30_prediction: pCR,RD,pCR,Basal,True,True
GSM615369,dlda30_prediction: pCR,RD,pCR,Basal,True,True
GSM615370,dlda30_prediction: RD,RD,RD,LumA,True,False
GSM615371,dlda30_prediction: pCR,pCR,pCR,Basal,True,False
GSM615372,dlda30_prediction: pCR,RD,pCR,Basal,True,True
GSM615373,dlda30_prediction: RD,RD,RD,LumB,True,False
GSM615374,dlda30_prediction: RD,RD,RD,LumA,True,False
GSM615375,dlda30_prediction: pCR,pCR,pCR,Basal,True,False
GSM615376,dlda30_prediction: pCR,RD,pCR,Basal,True,True
GSM615377,dlda30_prediction: RD,RD,RD,LumB,True,False
GSM615378,dlda30_prediction: pCR,RD,pCR,Basal,True,True
GSM615379,dlda30_prediction: pCR,pCR,pCR,Basal,True,False
GSM615380,dlda30_prediction: pCR,RD,pCR,Basal,True,True
GSM615381,dlda30_prediction: RD,RD,RD,LumA,True,False
GSM615382,dlda30_prediction: pCR,RD,pCR,Basal,True,True
GSM615383,dlda30_prediction: RD,pCR,RD,LumA,True,True
GSM615384,dlda30_prediction: pCR,RD,pCR,Basal,True,True
GSM615385,dlda30_prediction: pCR,RD,pCR,Basal,True,True
GSM615386,dlda30_prediction: RD,RD,RD,LumA,True,False
GSM615387,dlda30_prediction: RD,RD,RD,Basal,True,False
GSM615388,dlda30_prediction: RD,RD,RD,LumA,True,False
GSM615389,dlda30_prediction: RD,RD,RD,LumA,True,False
GSM615390,dlda30_prediction: pCR,RD,pCR,Basal,True,True
GSM615391,dlda30_prediction: RD,RD,RD,LumB,True,False
GSM615392,dlda30_prediction: pCR,RD,pCR,Basal,True,True
GSM615393,dlda30_prediction: pCR,pCR,pCR,Basal,True,False
GSM615394,dlda30_prediction: pCR,pCR,pCR,Basal,True,False
GSM615395,dlda30_prediction: RD,RD,RD,LumA,True,False
GSM615396,dlda30_prediction: pCR,pCR,pCR,Basal,True,False
GSM615397,dlda30_prediction: pCR,pCR,pCR,Basal,True,False
GSM615398,dlda30_prediction: RD,RD,RD,LumB,True,False
GSM615399,dlda30_prediction: RD,RD,RD,LumA,True,False
GSM615400,dlda30_prediction: RD,RD,RD,LumA,True,False
GSM615401,dlda30_prediction: RD,RD,RD,LumB,True,False
GSM615402,dlda30_prediction: RD,RD,RD,LumA,True,False
GSM615403,dlda30_prediction: pCR,RD,pCR,Basal,True,True
GSM615404,dlda30_prediction: RD,RD,RD,LumB,True,False
GSM615405,dlda30_prediction: pCR,RD,pCR,Her2,True,True
