GSM,patient_key,source_name_ch1,raw_basename,platform_id,pathologic_response_pcr_rd,age_years,er_status_ihc,pam50_class
GSM615631,USO:1,"breast cancer, sample USO-1",U133A_FL28-US1_05_05_05.CEL.gz,GPL96,RD,32.2,P,LumA
GSM615632,USO:5,"breast cancer, sample USO-5",U133A_FL31-US05_05_19_05.CEL.gz,GPL96,pCR,41.9,N,Basal
GSM615633,USO:12,"breast cancer, sample USO-12",U133A_FL27-US11_05_05_05.CEL.gz,GPL96,RD,36.7,P,LumB
GSM615634,USO:13,"breast cancer, sample USO-13",U133A_FL24-US14_04_21_05.CEL.gz,GPL96,pCR,47.1,P,LumB
GSM615635,USO:18,"breast cancer, sample USO-18",U133A_FL35-US19_06_10_05.CEL.gz,GPL96,pCR,43.8,P,LumB
GSM615636,USO:20,"breast cancer, sample USO-20",U133A_FL22-US22_04_21_05.CEL.gz,GPL96,pCR,50.8,P,LumB
GSM615637,USO:23,"breast cancer, sample USO-23",U133A_FL20-US24_04_22_05.CEL.gz,GPL96,pCR,34.1,N,Basal
GSM615638,USO:24,"breast cancer, sample USO-24",U133A_FL23-US26_04_21_05.CEL.gz,GPL96,RD,57.5,P,Basal
GSM615639,USO:30,"breast cancer, sample USO-30",U133A_FL11_03_16_05.CEL.gz,GPL96,pCR,43.0,N,Basal
GSM615640,USO:31,"breast cancer, sample USO-31",U133A_FL21-US34_04_21_05.CEL.gz,GPL96,RD,49.0,N,Basal
GSM615641,USO:32,"breast cancer, sample USO-32",U133A_FL19-US33_04_22_05.CEL.gz,GPL96,RD,40.3,N,Basal
GSM615642,USO:35,"breast cancer, sample USO-35",U133A_FL09_03_16_05.CEL.gz,GPL96,RD,54.0,P,LumA
GSM615643,USO:36,"breast cancer, sample USO-36",U133A_FL25-US37_04_22_05.CEL.gz,GPL96,RD,65.1,N,Basal
GSM615644,USO:45,"breast cancer, sample USO-45",U133A_FL13_03_17_05.CEL.gz,GPL96,pCR,50.1,N,Basal
GSM615645,USO:46,"breast cancer, sample USO-46",U133A_FL12_03_16_05.CEL.gz,GPL96,RD,46.9,P,LumB
GSM615646,USO:48,"breast cancer, sample USO-48",U133A_FL16_03_17_05.CEL.gz,GPL96,RD,51.5,P,LumA
GSM615647,USO:51,"breast cancer, sample USO-51",U133A_FL51_US55_07_13_05.CEL.gz,GPL96,RD,45.4,NA,LumA
GSM615648,USO:52,"breast cancer, sample USO-52",U133A_FL10_03_16_05.CEL.gz,GPL96,RD,59.2,P,Basal
GSM615649,USO:67,"breast cancer, sample USO-67",U133A_FL52_US71_07_13_05.CEL.gz,GPL96,RD,65.3,N,Basal
GSM615650,USO:68,"breast cancer, sample USO-68",U133A_FL33-US67_06_10_05.CEL.gz,GPL96,RD,60.1,N,Basal
GSM615651,USO:70,"breast cancer, sample USO-70",U133A_FL124_US74_10_27_05.CEL.gz,GPL96,RD,60.9,N,Basal
GSM615652,USO:76,"breast cancer, sample USO-76",U133A_FL53_US72_07_13_05.CEL.gz,GPL96,RD,41.3,P,Her2
GSM615653,USO:77,"breast cancer, sample USO-77",U133A_FL54_US80_07_20_05.CEL.gz,GPL96,RD,55.9,P,LumB
GSM615654,USO:80,"breast cancer, sample USO-80",U133A_FL64-US82_08_04_05.CEL.gz,GPL96,RD,45.1,P,LumA
GSM615655,USO:85,"breast cancer, sample USO-85",U133A_FL75_US87_08_25_05.CEL.gz,GPL96,RD,26.1,N,LumB
GSM615656,USO:86,"breast cancer, sample USO-86",U133A_FL68_US89_08_24_05.CEL.gz,GPL96,pCR,49.3,P,Normal
GSM615657,USO:87,"breast cancer, sample USO-87",U133A_FL77_US90_08_26_05.CEL.gz,GPL96,RD,43.9,N,Basal
GSM615658,USO:88,"breast cancer, sample USO-88",U133A_FL76_US88_08_26_05.CEL.gz,GPL96,pCR,50.3,N,Basal
GSM615659,USO:94,"breast cancer, sample USO-94",U133A_FL79_US96_08_26_05.CEL.gz,GPL96,RD,59.5,P,LumA
GSM615660,USO:95,"breast cancer, sample USO-95",U133A_FL72_US100_08_25_05.CEL.gz,GPL96,pCR,40.7,N,Basal
GSM615661,USO:96,"breast cancer, sample USO-96",U133A_FL81_US99_09_01_05.CEL.gz,GPL96,RD,62.3,N,Basal
GSM615662,USO:97,"breast cancer, sample USO-97",U133A_FL69_US93_08_24_05.CEL.gz,GPL96,RD,43.4,P,LumB
GSM615663,USO:100,"breast cancer, sample USO-100",U133A_FL73_US103_08_25_05.CEL.gz,GPL96,pCR,52.8,P,LumB
GSM615664,USO:101,"breast cancer, sample USO-101",U133A_FL107_US104_10_12_05.CEL.gz,GPL96,RD,44.4,P,Normal
GSM615665,USO:103,"breast cancer, sample USO-103",U133A_FL149_US108_12_08_05.CEL.gz,GPL96,pCR,50.1,P,LumA
GSM615666,USO:104,"breast cancer, sample USO-104",U133A_FL110_US110_10_12_05.CEL.gz,GPL96,RD,66.7,N,Basal
GSM615667,USO:106,"breast cancer, sample USO-106",U133A_FL121_US111_10_27_05.CEL.gz,GPL96,RD,55.7,N,Basal
GSM615668,USO:110,"breast cancer, sample USO-110",U133A_FL105_US116_10_06_05.CEL.gz,GPL96,pCR,40.3,N,Basal
GSM615669,USO:111,"breast cancer, sample USO-111",U133A_FL120_US112_10_20_05.CEL.gz,GPL96,pCR,47.4,P,LumB
GSM615670,USO:112,"breast cancer, sample USO-112",U133A_FL123_US117_10_27_05.CEL.gz,GPL96,RD,52.5,P,LumB
GSM615671,USO:113,"breast cancer, sample USO-113",U133A_FL118_US118_10_14_05.CEL.gz,GPL96,RD,38.6,N,Basal
GSM615672,USO:118,"breast cancer, sample USO-118",U133A_FL147_US122_12_07_05.CEL.gz,GPL96,pCR,49.6,N,Basal
GSM615673,USO:124,"breast cancer, sample USO-124",U133A_80-FL-002_01_20_06.CEL.gz,GPL96,RD,34.1,P,LumB
GSM615674,USO:125,"breast cancer, sample USO-125",U133A_FL150_US128_12_08_05.CEL.gz,GPL96,RD,32.6,N,Basal
GSM615675,USO:130,"breast cancer, sample USO-130",U133A_80-FL-003_01_20_06.CEL.gz,GPL96,RD,45.2,P,LumA
GSM615676,USO:133,"breast cancer, sample USO-133",U133A_FL152_US135_12_08_05.CEL.gz,GPL96,pCR,46.8,N,Basal
GSM615677,USO:145,"breast cancer, sample USO-145",U133A_FL178_US154_01_19_06.CEL.gz,GPL96,pCR,46.0,N,Basal
GSM615678,USO:148,"breast cancer, sample USO-148",U133A_FL163_US144_01_10_06.CEL.gz,GPL96,RD,54.6,P,Her2
GSM615679,USO:149,"breast cancer, sample USO-149",U133A_FL173_US143_01_13_06_3.CEL.gz,GPL96,RD,42.6,P,LumA
GSM615680,USO:150,"breast cancer, sample USO-150",U133A_FL162_US141_01_10_06.CEL.gz,GPL96,pCR,48.4,N,Basal
GSM615681,USO:154,"breast cancer, sample USO-154",U133A_80_FL_006_01_25_06.CEL.gz,GPL96,pCR,52.8,N,Basal
GSM615682,USO:155,"breast cancer, sample USO-155",U133A_80_FL_005_01_25_06.CEL.gz,GPL96,RD,46.0,N,LumA
GSM615683,USO:159,"breast cancer, sample USO-159",U133A_80_FL_008_01_25_06.CEL.gz,GPL96,RD,57.7,P,LumA
GSM615684,USO:161,"breast cancer, sample USO-161",U133A_80_FL_009_01_26_06.CEL.gz,GPL96,RD,61.1,N,Normal
GSM615685,MDACC:223,"breast cancer, sample MDACC-223",FL2042_223_0409.CEL.gz,GPL96,RD,62.0,P,LumA
GSM615686,MDACC:225,"breast cancer, sample MDACC-225",FL2043_225_0409.CEL.gz,GPL96,RD,37.0,P,LumA
GSM615687,MDACC:249,"breast cancer, sample MDACC-249",FL2045_249_0409.CEL.gz,GPL96,RD,39.0,N,Basal
GSM615688,MDACC:268,"breast cancer, sample MDACC-268",FL2046_268_0409.CEL.gz,GPL96,RD,38.0,P,LumA
GSM615689,MDACC:272,"breast cancer, sample MDACC-272",FL2047_272_0409.CEL.gz,GPL96,RD,40.0,N,Basal
GSM615690,MDACC:290,"breast cancer, sample MDACC-290",FL2048_290_0409.CEL.gz,GPL96,RD,45.0,P,LumA
GSM615691,MDACC:293,"breast cancer, sample MDACC-293",FL2104_293_0509.CEL.gz,GPL96,RD,34.0,N,Basal
GSM615692,MDACC:305,"breast cancer, sample MDACC-305",FL2049_305_0409.CEL.gz,GPL96,RD,59.0,P,LumA
GSM615693,MDACC:320,"breast cancer, sample MDACC-320",FL2050_320_0409.CEL.gz,GPL96,RD,36.0,N,LumA
GSM615694,MDACC:324,"breast cancer, sample MDACC-324",FL2051_324_0409.CEL.gz,GPL96,pCR,40.0,N,Basal
GSM615695,MDACC:327,"breast cancer, sample MDACC-327",FL2027_327_0409.CEL.gz,GPL96,pCR,72.0,P,Basal
GSM615696,MDACC:336,"breast cancer, sample MDACC-336",FL2028_336_0409.CEL.gz,GPL96,RD,65.0,N,Basal
GSM615697,MDACC:337,"breast cancer, sample MDACC-337",FL2029_337_0409.CEL.gz,GPL96,RD,52.0,P,LumA
GSM615698,MDACC:342,"breast cancer, sample MDACC-342",FL2030_342_0409.CEL.gz,GPL96,RD,56.0,P,LumA
GSM615699,MDACC:348,"breast cancer, sample MDACC-348",FL2031_348_0409.CEL.gz,GPL96,RD,47.0,N,Basal
GSM615700,MDACC:364,"breast cancer, sample MDACC-364",FL2105_364_0509.CEL.gz,GPL96,RD,69.0,P,LumA
GSM615701,MDACC:437,"breast cancer, sample MDACC-437",FL2033_437_0409.CEL.gz,GPL96,RD,53.0,P,Basal
GSM615702,MDACC:440,"breast cancer, sample MDACC-440",FL2034_440_0409.CEL.gz,GPL96,RD,57.0,P,LumB
GSM615703,MDACC:470,"breast cancer, sample MDACC-470",FL2035_470_0409.CEL.gz,GPL96,RD,58.0,P,Normal
GSM615704,MDACC:480,"breast cancer, sample MDACC-480",FL2106_480_0509.CEL.gz,GPL96,RD,58.0,P,Normal
GSM615705,MDACC:496,"breast cancer, sample MDACC-496",FL2056_496_0509.CEL.gz,GPL96,RD,40.0,P,LumA
GSM615706,MDACC:509,"breast cancer, sample MDACC-509",FL2057_509_0509.CEL.gz,GPL96,pCR,43.0,N,Basal
GSM615707,MDACC:544,"breast cancer, sample MDACC-544",FL2058_544_0509.CEL.gz,GPL96,RD,63.0,N,Basal
GSM615708,MDACC:551,"breast cancer, sample MDACC-551",FL2059_551_0509.CEL.gz,GPL96,RD,64.0,P,LumB
GSM615709,MDACC:575,"breast cancer, sample MDACC-575",U133A_80-FL-109_FL285-575_05_19_06.CEL.gz,GPL96,RD,27.0,P,LumB
GSM615710,MDACC:645,"breast cancer, sample MDACC-645",FL2061_645_0509.CEL.gz,GPL96,RD,42.0,P,LumA
GSM615711,MDACC:660,"breast cancer, sample MDACC-660",FL2064_660_0509.CEL.gz,GPL96,RD,34.0,P,LumA
GSM615712,MDACC:699,"breast cancer, sample MDACC-699",FL2065_699_0509.CEL.gz,GPL96,RD,57.0,N,Basal
GSM615713,MDACC:748,"breast cancer, sample MDACC-748",FL2015_748_0409.CEL.gz,GPL96,RD,45.0,P,LumA
GSM615714,MDACC:787,"breast cancer, sample MDACC-787",FL828-787.CEL.gz,GPL96,RD,54.0,N,Basal
GSM615715,MDACC:798,"breast cancer, sample MDACC-798",FL832-798.CEL.gz,GPL96,RD,50.0,N,Basal
GSM615716,MDACC:811,"breast cancer, sample MDACC-811",FL1452_811.CEL.gz,GPL96,RD,33.0,N,Basal
GSM615717,MDACC:813,"breast cancer, sample MDACC-813",FL1126-813.CEL.gz,GPL96,RD,45.0,P,Normal
GSM615718,MDACC:814,"breast cancer, sample MDACC-814",FL1901-814rehyb.CEL.gz,GPL96,RD,54.0,P,LumA
GSM615719,MDACC:815,"breast cancer, sample MDACC-815",FL1127-815.CEL.gz,GPL96,RD,49.0,P,LumA
GSM615720,MDACC:817,"breast cancer, sample MDACC-817",FL1996_817_0409.CEL.gz,GPL96,RD,35.0,P,LumB
GSM615721,MDACC:821,"breast cancer, sample MDACC-821",FL804-821.CEL.gz,GPL96,RD,60.0,P,LumA
GSM615722,MDACC:822,"breast cancer, sample MDACC-822",FL1454_822.CEL.gz,GPL96,RD,43.0,P,LumA
GSM615723,MDACC:824,"breast cancer, sample MDACC-824",FL1655_824.CEL.gz,GPL96,pCR,41.0,P,LumB
GSM615724,MDACC:825,"breast cancer, sample MDACC-825",FL1665_825.CEL.gz,GPL96,pCR,59.0,P,LumA
GSM615725,MDACC:826,"breast cancer, sample MDACC-826",FL1666_826.CEL.gz,GPL96,RD,33.0,P,LumA
GSM615726,MDACC:828,"breast cancer, sample MDACC-828",FL1997_828_0409.CEL.gz,GPL96,RD,58.0,P,LumB
GSM615727,MDACC:829,"breast cancer, sample MDACC-829",FL1457_829.CEL.gz,GPL96,pCR,24.0,N,Basal
GSM615728,MDACC:831,"breast cancer, sample MDACC-831",FL1652_831.CEL.gz,GPL96,RD,45.0,P,Basal
GSM615729,MDACC:835,"breast cancer, sample MDACC-835",FL1976_835_0309.CEL.gz,GPL96,RD,53.0,P,LumA
GSM615730,MDACC:837,"breast cancer, sample MDACC-837",FL1662_837.CEL.gz,GPL96,RD,47.0,P,Basal
GSM615731,MDACC:838,"breast cancer, sample MDACC-838",FL1902-838rehyb.CEL.gz,GPL96,RD,43.0,P,LumB
GSM615732,MDACC:839,"breast cancer, sample MDACC-839",FL1903-839rehyb.CEL.gz,GPL96,RD,24.0,P,Basal
GSM615733,MDACC:840,"breast cancer, sample MDACC-840",FL2000_840_0409.CEL.gz,GPL96,pCR,64.0,N,Basal
GSM615734,MDACC:842,"breast cancer, sample MDACC-842",FL1904-842rehyb.CEL.gz,GPL96,RD,61.0,P,LumA
GSM615735,MDACC:845,"breast cancer, sample MDACC-845",FL1661_845.CEL.gz,GPL96,RD,51.0,P,LumB
GSM615736,MDACC:854,"breast cancer, sample MDACC-854",FL1909-854rehyb.CEL.gz,GPL96,pCR,52.0,P,LumB
GSM615737,MDACC:857,"breast cancer, sample MDACC-857",FL1910-857rehyb.CEL.gz,GPL96,pCR,50.0,P,Basal
GSM615738,MDACC:860,"breast cancer, sample MDACC-860",FL1653_860.CEL.gz,GPL96,RD,61.0,P,LumA
GSM615739,MDACC:865,"breast cancer, sample MDACC-865",FL1632_865.CEL.gz,GPL96,RD,53.0,N,Basal
GSM615740,MDACC:867,"breast cancer, sample MDACC-867",FL1663_867.CEL.gz,GPL96,RD,42.0,P,LumA
GSM615741,MDACC:868,"breast cancer, sample MDACC-868",FL1664_868.CEL.gz,GPL96,RD,44.0,P,Basal
GSM615742,MDACC:879,"breast cancer, sample MDACC-879",FL1542_879_2.CEL.gz,GPL96,pCR,38.0,N,Basal
GSM615743,MDACC:880,"breast cancer, sample MDACC-880",FL2079_880_0509.CEL.gz,GPL96,RD,43.4,P,LumA
GSM615744,MDACC:881,"breast cancer, sample MDACC-881",FL2080_881_0509.CEL.gz,GPL96,pCR,48.0,N,Normal
GSM615745,MDACC:883,"breast cancer, sample MDACC-883",FL2078_883_0509.CEL.gz,GPL96,RD,46.0,P,LumA
GSM615746,MDACC:885,"breast cancer, sample MDACC-885",FL2007_885_0409.CEL.gz,GPL96,RD,56.0,N,Normal
GSM615747,MDACC:886,"breast cancer, sample MDACC-886",FL1607_886.CEL.gz,GPL96,RD,42.0,P,LumA
GSM615748,MDACC:892,"breast cancer, sample MDACC-892",FL1961-892.CEL.gz,GPL96,pCR,60.0,P,Basal
GSM615749,MDACC:893,"breast cancer, sample MDACC-893",FL2081_893_0509.CEL.gz,GPL96,RD,47.0,P,LumB
GSM615750,MDACC:896,"breast cancer, sample MDACC-896",FL2082_896_0509.CEL.gz,GPL96,RD,27.0,P,LumA
GSM615751,MDACC:901,"breast cancer, sample MDACC-901",FL1963-901.CEL.gz,GPL96,RD,38.0,N,LumA
GSM615752,MDACC:905,"breast cancer, sample MDACC-905",FL2233_905_0809.CEL.gz,GPL96,RD,64.0,P,LumA
GSM615753,MDACC:910,"breast cancer, sample MDACC-910",FL1973_910_0309.CEL.gz,GPL96,RD,46.0,P,Her2
GSM615754,MDACC:913,"breast cancer, sample MDACC-913",FL2236_913_0809.CEL.gz,GPL96,RD,59.0,P,Her2
GSM615755,MDACC:916,"breast cancer, sample MDACC-916",FL2237_916_0809.CEL.gz,GPL96,RD,31.0,P,Basal
GSM615756,MDACC:MDA002,"breast cancer, sample MDACC-MDA002",FL2550_05_014.CEL.gz,GPL96,NA,53.1,P,LumA
GSM615757,MDACC:MDA003,"breast cancer, sample MDACC-MDA003",FL2552_05_032.CEL.gz,GPL96,NA,62.6,N,Basal
GSM615758,MDACC:MDA005,"breast cancer, sample MDACC-MDA005",FL2554_06_001.CEL.gz,GPL96,NA,49.1,P,LumA
GSM615759,MDACC:MDA006,"breast cancer, sample MDACC-MDA006",FL2555_06_010.CEL.gz,GPL96,NA,66.7,P,LumA
GSM615760,MDACC:MDA007,"breast cancer, sample MDACC-MDA007",FL2556_06_011.CEL.gz,GPL96,NA,67.4,P,LumB
GSM615761,MDACC:MDA008,"breast cancer, sample MDACC-MDA008",FL2593MDA008.CEL.gz,GPL96,NA,60.9,P,LumA
GSM615762,MDACC:MDA009,"breast cancer, sample MDACC-MDA009",FL2594MDA009.CEL.gz,GPL96,NA,32.8,N,Her2
GSM615763,MDACC:MDA010,"breast cancer, sample MDACC-MDA010",FL2595MDA010.CEL.gz,GPL96,NA,45.2,N,Basal
GSM615764,MDACC:MDA011,"breast cancer, sample MDACC-MDA011",FL2596MDA011.CEL.gz,GPL96,NA,61.8,N,Basal
GSM615765,MDACC:MDA012,"breast cancer, sample MDACC-MDA012",FL2597MDA012.CEL.gz,GPL96,NA,44.0,P,Normal
GSM615766,MDACC:MDA013,"breast cancer, sample MDACC-MDA013",FL2598MDA013.CEL.gz,GPL96,NA,61.2,N,Normal
GSM615767,MDACC:MDA014,"breast cancer, sample MDACC-MDA014",FL2599MDA014.CEL.gz,GPL96,NA,31.9,P,Normal
GSM615768,MDACC:MDA015,"breast cancer, sample MDACC-MDA015",FL2600MDA015.CEL.gz,GPL96,NA,57.5,P,LumA
GSM615769,MDACC:MDA016,"breast cancer, sample MDACC-MDA016",FL2601MDA016.CEL.gz,GPL96,NA,43.0,N,Basal
GSM615770,MDACC:MDA018,"breast cancer, sample MDACC-MDA018",FL2603MDA018.CEL.gz,GPL96,NA,48.7,P,LumA
GSM615771,LBJ/IN/GEI:LBJ016,"breast cancer, sample LBJ/IN/GEI-LBJ016",U133A_FL66-LBJ16_08_04_05.CEL.gz,GPL96,RD,39.0,N,Her2
GSM615772,LBJ/IN/GEI:LBJ032,"breast cancer, sample LBJ/IN/GEI-LBJ032",FL734-LBJ32.CEL.gz,GPL96,RD,53.0,P,LumA
GSM615773,LBJ/IN/GEI:LBJ038,"breast cancer, sample LBJ/IN/GEI-LBJ038",FL432-LBJ38.CEL.gz,GPL96,pCR,58.0,N,Basal
GSM615774,LBJ/IN/GEI:LBJ046,"breast cancer, sample LBJ/IN/GEI-LBJ046",FL693-LBJ46.CEL.gz,GPL96,RD,59.0,P,Her2
GSM615775,LBJ/IN/GEI:LBJ047,"breast cancer, sample LBJ/IN/GEI-LBJ047",U133A_80-FL-104_FL280-LBJ47_05_17_06.CEL.gz,GPL96,pCR,46.0,P,Her2
GSM615776,LBJ/IN/GEI:LBJ053,"breast cancer, sample LBJ/IN/GEI-LBJ053",FL735-LBJ53.CEL.gz,GPL96,RD,45.0,N,Basal
GSM615777,LBJ/IN/GEI:LBJ054,"breast cancer, sample LBJ/IN/GEI-LBJ054",U133A_80-FL-098_FL274-LBJ54_05_11_06.CEL.gz,GPL96,RD,35.0,P,LumA
GSM615778,LBJ/IN/GEI:LBJ070,"breast cancer, sample LBJ/IN/GEI-LBJ070",U133A_80-FL-105_FL281-LBJ70_05_17_06.CEL.gz,GPL96,RD,38.0,P,Her2
GSM615779,LBJ/IN/GEI:LBJ071,"breast cancer, sample LBJ/IN/GEI-LBJ071",FL736-LBJ71.CEL.gz,GPL96,pCR,56.0,P,Normal
GSM615780,LBJ/IN/GEI:LBJ082,"breast cancer, sample LBJ/IN/GEI-LBJ082",FL842-LBJ82.CEL.gz,GPL96,pCR,39.0,N,Normal
GSM615781,LBJ/IN/GEI:LBJ103,"breast cancer, sample LBJ/IN/GEI-LBJ103",FL1413_LBJ130.CEL.gz,GPL96,RD,63.0,P,LumB
GSM615782,LBJ/IN/GEI:LBJ105,"breast cancer, sample LBJ/IN/GEI-LBJ105",FL1300_LBJ105.CEL.gz,GPL96,pCR,59.0,P,Normal
GSM615783,LBJ/IN/GEI:LBJ131,"breast cancer, sample LBJ/IN/GEI-LBJ131",FL1414_LBJ131.CEL.gz,GPL96,RD,47.0,P,Normal
GSM615784,LBJ/IN/GEI:LBJ143,"breast cancer, sample LBJ/IN/GEI-LBJ143",FL1417_LBJ143.CEL.gz,GPL96,RD,63.0,N,Normal
GSM615785,LBJ/IN/GEI:LBJ158,"breast cancer, sample LBJ/IN/GEI-LBJ158",FL1418_LBJ158.CEL.gz,GPL96,RD,51.0,N,Her2
GSM615786,LBJ/IN/GEI:LBJ170,"breast cancer, sample LBJ/IN/GEI-LBJ170",FL1915_LBJ170.CEL.gz,GPL96,RD,55.0,P,Basal
GSM615787,LBJ/IN/GEI:LBJ171,"breast cancer, sample LBJ/IN/GEI-LBJ171",FL1916_LBJ171.CEL.gz,GPL96,RD,46.0,N,Basal
GSM615788,LBJ/IN/GEI:PERU02,"breast cancer, sample LBJ/IN/GEI-PERU02",29539_AB01833512_35703.CEL.gz,GPL96,RD,71.0,P,LumB
GSM615789,LBJ/IN/GEI:PERU05,"breast cancer, sample LBJ/IN/GEI-PERU05",29539_AB01723010_35704.CEL.gz,GPL96,RD,38.0,P,LumB
GSM615790,LBJ/IN/GEI:PERU06,"breast cancer, sample LBJ/IN/GEI-PERU06",U133A_80_FL_085_FL261-PERU6_04_20_06.CEL.gz,GPL96,NA,72.0,P,LumB
GSM615791,LBJ/IN/GEI:PERU16-18,"breast cancer, sample LBJ/IN/GEI-PERU16-18",29539_AB01723007_35647.CEL.gz,GPL96,RD,46.0,P,LumA
GSM615792,LBJ/IN/GEI:PERU21,"breast cancer, sample LBJ/IN/GEI-PERU21",FL431-PERU21.CEL.gz,GPL96,RD,36.0,P,LumB
GSM615793,LBJ/IN/GEI:PERU23,"breast cancer, sample LBJ/IN/GEI-PERU23",U133A_80_FL_087_FL263-PERU23_04_27_06.CEL.gz,GPL96,pCR,53.0,N,Her2
GSM615794,LBJ/IN/GEI:PERU26,"breast cancer, sample LBJ/IN/GEI-PERU26",FL694-Peru26.CEL.gz,GPL96,RD,66.0,P,Basal
GSM615795,LBJ/IN/GEI:PERU28,"breast cancer, sample LBJ/IN/GEI-PERU28",U133A_80-FL-091_FL267-Peru28_05_09_06.CEL.gz,GPL96,RD,39.0,P,LumB
GSM615796,LBJ/IN/GEI:PERU37,"breast cancer, sample LBJ/IN/GEI-PERU37",FL695-Peru37.CEL.gz,GPL96,RD,48.0,P,Her2
GSM615797,LBJ/IN/GEI:PERU38,"breast cancer, sample LBJ/IN/GEI-PERU38",FL415-PERU38.CEL.gz,GPL96,RD,52.0,P,LumA
GSM615798,LBJ/IN/GEI:PERU40,"breast cancer, sample LBJ/IN/GEI-PERU40",U133A_80-FL-226-FL390-PERU49_09_22_06.CEL.gz,GPL96,pCR,40.0,P,Basal
GSM615799,LBJ/IN/GEI:PERU42,"breast cancer, sample LBJ/IN/GEI-PERU42",FL699-PERU42.CEL.gz,GPL96,RD,42.0,P,LumA
GSM615800,LBJ/IN/GEI:PERU44,"breast cancer, sample LBJ/IN/GEI-PERU44",U133A_80-FL-228-FL392-PERU44_09_29_06.CEL.gz,GPL96,RD,40.0,N,Basal
GSM615801,LBJ/IN/GEI:PERU48,"breast cancer, sample LBJ/IN/GEI-PERU48",FL697-Peru48.CEL.gz,GPL96,RD,59.0,N,Basal
GSM615802,LBJ/IN/GEI:PERU50,"breast cancer, sample LBJ/IN/GEI-PERU50",U133A_80-FL-232-FL418-PERU50_11_17_06.CEL.gz,GPL96,pCR,44.0,P,LumB
GSM615803,LBJ/IN/GEI:PERU52,"breast cancer, sample LBJ/IN/GEI-PERU52",FL727-peru52.CEL.gz,GPL96,pCR,58.0,N,Her2
GSM615804,LBJ/IN/GEI:PERU53,"breast cancer, sample LBJ/IN/GEI-PERU53",FL471-PERU53.CEL.gz,GPL96,RD,35.0,N,Basal
GSM615805,LBJ/IN/GEI:PERU54,"breast cancer, sample LBJ/IN/GEI-PERU54",FL728-peru54.CEL.gz,GPL96,RD,63.0,N,Her2
GSM615806,LBJ/IN/GEI:PERU56,"breast cancer, sample LBJ/IN/GEI-PERU56",FL729-peru56.CEL.gz,GPL96,RD,44.0,N,Basal
GSM615807,LBJ/IN/GEI:PERU57,"breast cancer, sample LBJ/IN/GEI-PERU57",FL425-PERU57.CEL.gz,GPL96,RD,41.0,P,LumA
GSM615808,LBJ/IN/GEI:PERU61,"breast cancer, sample LBJ/IN/GEI-PERU61",FL426-PERU61.CEL.gz,GPL96,RD,69.0,P,LumB
GSM615809,LBJ/IN/GEI:PERU69,"breast cancer, sample LBJ/IN/GEI-PERU69",FL427-PERU69.CEL.gz,GPL96,RD,53.0,P,LumB
GSM615810,LBJ/IN/GEI:PERU72,"breast cancer, sample LBJ/IN/GEI-PERU72",FL465-PERU72.CEL.gz,GPL96,RD,37.0,P,LumA
GSM615811,LBJ/IN/GEI:PERU73,"breast cancer, sample LBJ/IN/GEI-PERU73",FL466-PERU73.CEL.gz,GPL96,RD,61.0,P,LumA
GSM615812,LBJ/IN/GEI:PERU76,"breast cancer, sample LBJ/IN/GEI-PERU76",FL698-PERU76.CEL.gz,GPL96,RD,51.0,N,Her2
GSM615813,LBJ/IN/GEI:SPAIN04,"breast cancer, sample LBJ/IN/GEI-Spain04",FL844-Spain4.CEL.gz,GPL96,RD,68.0,N,Basal
GSM615814,LBJ/IN/GEI:SPAIN06,"breast cancer, sample LBJ/IN/GEI-Spain06",FL1994_Spain6_0409.CEL.gz,GPL96,RD,67.0,P,LumB
GSM615815,LBJ/IN/GEI:SPAIN07,"breast cancer, sample LBJ/IN/GEI-Spain07",FL718-Spain7.CEL.gz,GPL96,RD,37.0,P,Basal
GSM615816,LBJ/IN/GEI:SPAIN12,"breast cancer, sample LBJ/IN/GEI-Spain12",FL846-Spain12.CEL.gz,GPL96,RD,60.0,P,LumA
GSM615817,LBJ/IN/GEI:SPAIN13,"breast cancer, sample LBJ/IN/GEI-Spain13",FL847-Spain13.CEL.gz,GPL96,RD,42.0,P,Normal
GSM615818,LBJ/IN/GEI:SPAIN27,"breast cancer, sample LBJ/IN/GEI-Spain27",FL849-Spain27.CEL.gz,GPL96,RD,61.0,P,LumA
GSM615819,LBJ/IN/GEI:SPAIN30,"breast cancer, sample LBJ/IN/GEI-Spain30",FL739-Spain30.CEL.gz,GPL96,RD,39.0,P,LumA
GSM615820,LBJ/IN/GEI:SPAIN32,"breast cancer, sample LBJ/IN/GEI-Spain32",FL1287_GM32.CEL.gz,GPL96,RD,42.0,P,LumA
GSM615821,LBJ/IN/GEI:SPAIN41,"breast cancer, sample LBJ/IN/GEI-Spain41",FL852-Spain41.CEL.gz,GPL96,RD,64.0,P,LumB
GSM615822,LBJ/IN/GEI:SPAIN45,"breast cancer, sample LBJ/IN/GEI-Spain45",FL721-spain45.CEL.gz,GPL96,pCR,56.0,P,Her2
GSM615823,LBJ/IN/GEI:SPAIN46,"breast cancer, sample LBJ/IN/GEI-Spain46",FL853-Spain46.CEL.gz,GPL96,RD,45.0,N,Her2
GSM615824,LBJ/IN/GEI:SPAIN48,"breast cancer, sample LBJ/IN/GEI-Spain48",FL723-spain48.CEL.gz,GPL96,pCR,46.0,N,Normal
GSM615825,LBJ/IN/GEI:SPAIN49,"breast cancer, sample LBJ/IN/GEI-Spain49",FL741-Spain49.CEL.gz,GPL96,RD,42.0,P,LumA
GSM615826,LBJ/IN/GEI:SPAIN51,"breast cancer, sample LBJ/IN/GEI-Spain51",FL854-Spain51.CEL.gz,GPL96,RD,44.0,N,LumA
GSM615827,LBJ/IN/GEI:SPAIN53,"breast cancer, sample LBJ/IN/GEI-Spain53",FL724-spain53.CEL.gz,GPL96,RD,71.0,N,Normal
GSM615828,LBJ/IN/GEI:SPAIN57,"breast cancer, sample LBJ/IN/GEI-Spain57",FL742-Spain57.CEL.gz,GPL96,RD,45.0,N,LumA
