GSM,source_label,pathologic_response_pcr_rd,dlda30_prediction,series,matches_pathology,matches_dlda30
GSM615099,pCR,pCR,pCR,GSE25055,True,True
GSM615146,pCR,pCR,pCR,GSE25055,True,True
GSM615154,pCR,pCR,pCR,GSE25055,True,True
GSM615164,pCR,pCR,pCR,GSE25055,True,True
GSM615167,pCR,pCR,RD,GSE25055,True,False
GSM615175,pCR,pCR,pCR,GSE25055,True,True
GSM615181,pCR,pCR,pCR,GSE25055,True,True
GSM615193,pCR,pCR,pCR,GSE25055,True,True
GSM615209,pCR,pCR,pCR,GSE25055,True,True
GSM615211,pCR,pCR,pCR,GSE25055,True,True
GSM615212,pCR,pCR,pCR,GSE25055,True,True
GSM615213,pCR,pCR,pCR,GSE25055,True,True
GSM615215,pCR,pCR,pCR,GSE25055,True,True
GSM615240,pCR,pCR,pCR,GSE25055,True,True
GSM615242,pCR,pCR,pCR,GSE25055,True,True
GSM615263,pCR,pCR,RD,GSE25055,True,False
GSM615264,pCR,pCR,pCR,GSE25055,True,True
GSM615270,pCR,pCR,pCR,GSE25055,True,True
GSM615284,pCR,pCR,pCR,GSE25055,True,True
GSM615291,pCR,pCR,pCR,GSE25055,True,True
GSM615293,pCR,pCR,pCR,GSE25055,True,True
GSM615300,pCR,pCR,pCR,GSE25055,True,True
GSM615307,pCR,pCR,pCR,GSE25055,True,True
GSM615324,pCR,pCR,pCR,GSE25055,True,True
GSM615325,pCR,pCR,pCR,GSE25055,True,True
GSM615334,pCR,pCR,pCR,GSE25055,True,True
GSM615336,pCR,pCR,pCR,GSE25055,True,True
GSM615338,pCR,pCR,pCR,GSE25055,True,True
GSM615354,pCR,pCR,pCR,GSE25055,True,True
GSM615357,pCR,pCR,pCR,GSE25055,True,True
GSM615359,pCR,pCR,pCR,GSE25055,True,True
GSM615371,pCR,pCR,pCR,GSE25055,True,True
GSM615379,pCR,pCR,pCR,GSE25055,True,True
GSM615393,pCR,pCR,pCR,GSE25055,True,True
GSM615394,pCR,pCR,pCR,GSE25055,True,True
GSM615396,pCR,pCR,pCR,GSE25055,True,True
GSM615397,pCR,pCR,pCR,GSE25055,True,True
GSM615098,RD,RD,pCR,GSE25055,True,False
GSM615101,RD,RD,pCR,GSE25055,True,False
GSM615104,RD,RD,pCR,GSE25055,True,False
GSM615106,RD,RD,pCR,GSE25055,True,False
GSM615107,RD,RD,pCR,GSE25055,True,False
GSM615109,RD,RD,pCR,GSE25055,True,False
GSM615111,RD,RD,pCR,GSE25055,True,False
GSM615112,RD,RD,pCR,GSE25055,True,False
GSM615113,RD,RD,pCR,GSE25055,True,False
GSM615115,RD,RD,pCR,GSE25055,True,False
GSM615135,RD,RD,RD,GSE25055,True,True
GSM615136,RD,RD,pCR,GSE25055,True,False
GSM615145,RD,RD,pCR,GSE25055,True,False
GSM615148,RD,RD,pCR,GSE25055,True,False
GSM615149,RD,RD,pCR,GSE25055,True,False
GSM615151,RD,RD,pCR,GSE25055,True,False
GSM615156,RD,RD,pCR,GSE25055,True,False
GSM615160,RD,RD,pCR,GSE25055,True,False
GSM615169,RD,RD,pCR,GSE25055,True,False
GSM615182,RD,RD,RD,GSE25055,True,True
GSM615185,RD,RD,pCR,GSE25055,True,False
GSM615188,RD,RD,RD,GSE25055,True,True
GSM615190,RD,RD,pCR,GSE25055,True,False
GSM615195,RD,RD,pCR,GSE25055,True,False
GSM615197,RD,RD,RD,GSE25055,True,True
GSM615218,RD,RD,pCR,GSE25055,True,False
GSM615223,RD,RD,pCR,GSE25055,True,False
GSM615225,RD,RD,pCR,GSE25055,True,False
GSM615229,RD,RD,RD,GSE25055,True,True
GSM615244,RD,RD,pCR,GSE25055,True,False
GSM615250,RD,RD,pCR,GSE25055,True,False
GSM615251,RD,RD,pCR,GSE25055,True,False
GSM615255,RD,RD,pCR,GSE25055,True,False
GSM615265,RD,RD,RD,GSE25055,True,True
GSM615275,RD,RD,pCR,GSE25055,True,False
GSM615276,RD,RD,pCR,GSE25055,True,False
GSM615287,RD,RD,RD,GSE25055,True,True
GSM615288,RD,RD,pCR,GSE25055,True,False
GSM615295,RD,RD,RD,GSE25055,True,True
GSM615297,RD,RD,RD,GSE25055,True,True
GSM615301,RD,RD,pCR,GSE25055,True,False
GSM615303,RD,RD,pCR,GSE25055,True,False
GSM615315,RD,RD,pCR,GSE25055,True,False
GSM615317,RD,RD,pCR,GSE25055,True,False
GSM615319,RD,RD,pCR,GSE25055,True,False
GSM615320,RD,RD,pCR,GSE25055,True,False
GSM615321,RD,RD,pCR,GSE25055,True,False
GSM615322,RD,RD,pCR,GSE25055,True,False
GSM615323,RD,RD,RD,GSE25055,True,True
GSM615327,RD,RD,pCR,GSE25055,True,False
GSM615330,RD,RD,RD,GSE25055,True,True
GSM615335,RD,RD,pCR,GSE25055,True,False
GSM615342,RD,RD,pCR,GSE25055,True,False
GSM615344,RD,RD,pCR,GSE25055,True,False
GSM615345,RD,RD,RD,GSE25055,True,True
GSM615346,RD,RD,pCR,GSE25055,True,False
GSM615347,RD,RD,pCR,GSE25055,True,False
GSM615348,RD,RD,pCR,GSE25055,True,False
GSM615356,RD,RD,RD,GSE25055,True,True
GSM615363,RD,RD,pCR,GSE25055,True,False
GSM615364,RD,RD,pCR,GSE25055,True,False
GSM615368,RD,RD,pCR,GSE25055,True,False
GSM615369,RD,RD,pCR,GSE25055,True,False
GSM615372,RD,RD,pCR,GSE25055,True,False
GSM615376,RD,RD,pCR,GSE25055,True,False
GSM615378,RD,RD,pCR,GSE25055,True,False
GSM615380,RD,RD,pCR,GSE25055,True,False
GSM615382,RD,RD,pCR,GSE25055,True,False
GSM615384,RD,RD,pCR,GSE25055,True,False
GSM615385,RD,RD,pCR,GSE25055,True,False
GSM615387,RD,RD,RD,GSE25055,True,True
GSM615390,RD,RD,pCR,GSE25055,True,False
GSM615392,RD,RD,pCR,GSE25055,True,False
GSM615403,RD,RD,pCR,GSE25055,True,False
GSM615405,RD,RD,pCR,GSE25055,True,False
GSM615637,pCR,pCR,,GSE25065,True,False
GSM615639,pCR,pCR,,GSE25065,True,False
GSM615644,pCR,pCR,,GSE25065,True,False
GSM615658,pCR,pCR,,GSE25065,True,False
GSM615660,pCR,pCR,,GSE25065,True,False
GSM615668,pCR,pCR,,GSE25065,True,False
GSM615672,pCR,pCR,,GSE25065,True,False
GSM615677,pCR,pCR,,GSE25065,True,False
GSM615680,pCR,pCR,,GSE25065,True,False
GSM615681,pCR,pCR,,GSE25065,True,False
GSM615694,pCR,pCR,,GSE25065,True,False
GSM615727,pCR,pCR,,GSE25065,True,False
GSM615733,pCR,pCR,,GSE25065,True,False
GSM615742,pCR,pCR,,GSE25065,True,False
GSM615744,pCR,pCR,,GSE25065,True,False
GSM615773,pCR,pCR,,GSE25065,True,False
GSM615780,pCR,pCR,,GSE25065,True,False
GSM615793,pCR,pCR,,GSE25065,True,False
GSM615803,pCR,pCR,,GSE25065,True,False
GSM615824,pCR,pCR,,GSE25065,True,False
GSM615640,RD,RD,,GSE25065,True,False
GSM615649,RD,RD,,GSE25065,True,False
GSM615650,RD,RD,,GSE25065,True,False
GSM615651,RD,RD,,GSE25065,True,False
GSM615657,RD,RD,,GSE25065,True,False
GSM615661,RD,RD,,GSE25065,True,False
GSM615666,RD,RD,,GSE25065,True,False
GSM615667,RD,RD,,GSE25065,True,False
GSM615671,RD,RD,,GSE25065,True,False
GSM615674,RD,RD,,GSE25065,True,False
GSM615687,RD,RD,,GSE25065,True,False
GSM615689,RD,RD,,GSE25065,True,False
GSM615691,RD,RD,,GSE25065,True,False
GSM615696,RD,RD,,GSE25065,True,False
GSM615699,RD,RD,,GSE25065,True,False
GSM615707,RD,RD,,GSE25065,True,False
GSM615712,RD,RD,,GSE25065,True,False
GSM615714,RD,RD,,GSE25065,True,False
GSM615715,RD,RD,,GSE25065,True,False
GSM615716,RD,RD,,GSE25065,True,False
GSM615739,RD,RD,,GSE25065,True,False
GSM615746,RD,RD,,GSE25065,True,False
GSM615751,RD,RD,,GSE25065,True,False
GSM615771,RD,RD,,GSE25065,True,False
GSM615776,RD,RD,,GSE25065,True,False
GSM615784,RD,RD,,GSE25065,True,False
GSM615785,RD,RD,,GSE25065,True,False
GSM615787,RD,RD,,GSE25065,True,False
GSM615800,RD,RD,,GSE25065,True,False
GSM615801,RD,RD,,GSE25065,True,False
GSM615804,RD,RD,,GSE25065,True,False
GSM615805,RD,RD,,GSE25065,True,False
GSM615806,RD,RD,,GSE25065,True,False
GSM615812,RD,RD,,GSE25065,True,False
GSM615813,RD,RD,,GSE25065,True,False
GSM615823,RD,RD,,GSE25065,True,False
GSM615827,RD,RD,,GSE25065,True,False
GSM615828,RD,RD,,GSE25065,True,False
