cohort,GSM,y,stored,score,age10,er,pam50
GSE25055,GSM615098,0,1,2.4458529949188232,4.07,negative,Basal
GSE25055,GSM615099,1,1,2.587481737136841,4.08,negative,Basal
GSE25055,GSM615101,0,1,2.4780044555664062,5.220000000000001,negative,Basal
GSE25055,GSM615102,0,1,2.43146014213562,3.8200000000000003,negative,Basal
GSE25055,GSM615104,0,1,2.293200969696045,4.66,negative,Basal
GSE25055,GSM615106,0,1,2.1587953567504883,5.11,negative,Basal
GSE25055,GSM615107,0,1,2.410231351852417,3.78,negative,Basal
GSE25055,GSM615109,0,1,2.5588574409484863,5.88,negative,Basal
GSE25055,GSM615110,1,1,2.069526195526123,4.96,unknown,Basal
GSE25055,GSM615111,0,1,2.2234790325164795,5.04,negative,Basal
GSE25055,GSM615112,0,1,2.485264778137207,6.32,negative,Basal
GSE25055,GSM615113,0,1,2.436967372894287,4.279999999999999,negative,Basal
GSE25055,GSM615115,0,1,2.2916979789733887,4.42,negative,Basal
GSE25055,GSM615117,0,1,2.508765697479248,3.46,positive,Basal
GSE25055,GSM615136,0,1,2.4676835536956787,6.0,negative,Basal
GSE25055,GSM615137,1,1,2.2411112785339355,3.5100000000000002,positive,Basal
GSE25055,GSM615139,1,1,2.6939425468444824,5.63,negative,Her2
GSE25055,GSM615140,1,1,2.344376564025879,3.94,negative,Basal
GSE25055,GSM615141,0,1,2.1303155422210693,5.92,unknown,Basal
GSE25055,GSM615145,0,1,2.750263929367065,5.57,negative,Basal
GSE25055,GSM615146,1,1,2.355018138885498,3.8899999999999997,negative,Basal
GSE25055,GSM615148,0,1,2.375650882720948,3.97,negative,Basal
GSE25055,GSM615149,0,1,2.2658047676086426,4.42,negative,Basal
GSE25055,GSM615151,0,1,2.405055284500122,4.46,negative,Basal
GSE25055,GSM615152,0,1,2.6035149097442627,4.4,unknown,Basal
GSE25055,GSM615154,1,1,2.2631993293762207,4.08,negative,Basal
GSE25055,GSM615156,0,1,2.2452995777130127,3.8299999999999996,negative,Basal
GSE25055,GSM615159,0,1,2.068195581436157,4.470000000000001,negative,Her2
GSE25055,GSM615160,0,1,2.3297722339630127,3.7700000000000005,negative,Basal
GSE25055,GSM615164,1,1,2.6107468605041504,4.21,negative,Basal
GSE25055,GSM615169,0,1,2.392995357513428,4.779999999999999,negative,Basal
GSE25055,GSM615171,1,1,2.234966278076172,4.3100000000000005,negative,Basal
GSE25055,GSM615175,1,1,2.472444534301758,4.25,negative,Basal
GSE25055,GSM615178,0,1,2.318424940109253,3.8600000000000003,negative,Basal
GSE25055,GSM615181,1,1,2.389692783355713,4.9,negative,Basal
GSE25055,GSM615184,0,1,2.629817485809326,5.1,negative,Basal
GSE25055,GSM615185,0,1,2.2690608501434326,6.5,negative,Basal
GSE25055,GSM615189,0,1,2.3342413902282715,6.5,negative,Her2
GSE25055,GSM615190,0,1,2.407155752182007,3.7,negative,Basal
GSE25055,GSM615191,1,1,2.6770031452178955,3.7,negative,Basal
GSE25055,GSM615193,1,1,2.358582019805908,4.0,negative,Normal
GSE25055,GSM615194,1,1,2.595531940460205,6.1,negative,Basal
GSE25055,GSM615195,0,1,2.6094307899475098,2.9,negative,Basal
GSE25055,GSM615209,1,1,2.5630807876586914,5.6,negative,Basal
GSE25055,GSM615211,1,1,2.6122541427612305,3.5,negative,Basal
GSE25055,GSM615212,1,1,2.090920209884644,4.8,negative,Basal
GSE25055,GSM615213,1,1,2.433899402618408,5.3,negative,Basal
GSE25055,GSM615215,1,1,2.2969746589660645,4.4,negative,Her2
GSE25055,GSM615218,0,1,2.300945281982422,5.6,negative,Basal
GSE25055,GSM615223,0,1,2.0983471870422363,5.7,negative,Basal
GSE25055,GSM615225,0,1,2.328739643096924,6.0,negative,Basal
GSE25055,GSM615240,1,1,1.99796998500824,4.8,negative,Basal
GSE25055,GSM615242,1,1,2.4532413482666016,4.6,negative,Basal
GSE25055,GSM615244,0,1,2.065351247787476,5.1,negative,Basal
GSE25055,GSM615248,0,1,2.577476024627685,4.2,positive,Basal
GSE25055,GSM615250,0,1,2.537177801132202,6.3,negative,Her2
GSE25055,GSM615251,0,1,2.440181016921997,4.4,negative,Basal
GSE25055,GSM615255,0,1,2.2792136669158936,3.9,negative,Basal
GSE25055,GSM615260,0,1,2.557324886322021,5.6,positive,Basal
GSE25055,GSM615264,1,1,2.14815354347229,4.5,negative,Basal
GSE25055,GSM615270,1,1,2.561652421951294,3.8,negative,Basal
GSE25055,GSM615271,0,1,2.4642562866210938,4.4,positive,Her2
GSE25055,GSM615272,0,1,2.076063632965088,6.3,positive,LumB
GSE25055,GSM615274,0,1,2.5345733165740967,6.8,positive,Her2
GSE25055,GSM615275,0,1,2.5342814922332764,6.0,negative,Basal
GSE25055,GSM615276,0,1,2.2679150104522705,5.2,negative,Basal
GSE25055,GSM615284,1,1,2.452590227127075,5.0,negative,Basal
GSE25055,GSM615288,0,1,2.46757173538208,3.8,negative,Basal
GSE25055,GSM615290,0,1,2.564662218093872,6.6,positive,Basal
GSE25055,GSM615291,1,1,2.357442617416382,5.9,negative,Basal
GSE25055,GSM615293,1,1,2.7023518085479736,3.1,negative,Basal
GSE25055,GSM615300,1,1,2.2453761100769043,5.7,negative,Basal
GSE25055,GSM615301,0,1,2.364293336868286,6.2,negative,Basal
GSE25055,GSM615303,0,1,2.380110740661621,6.8,negative,Basal
GSE25055,GSM615307,1,1,2.753462314605713,3.2,negative,Basal
GSE25055,GSM615310,1,1,2.6990253925323486,6.4,positive,Basal
GSE25055,GSM615315,0,1,2.531862735748291,3.2,negative,Basal
GSE25055,GSM615317,0,1,2.445385932922364,4.7,negative,Basal
GSE25055,GSM615319,0,1,2.22326397895813,6.3,negative,Basal
GSE25055,GSM615320,0,1,2.585261106491089,4.0,negative,Basal
GSE25055,GSM615321,0,1,2.396327257156372,5.0,negative,Basal
GSE25055,GSM615322,0,1,2.531999111175537,5.2,negative,Basal
GSE25055,GSM615324,1,1,2.7159910202026367,4.9,negative,Basal
GSE25055,GSM615325,1,1,2.564296245574951,4.3,negative,Basal
GSE25055,GSM615326,0,1,2.649121046066284,5.7,positive,Basal
GSE25055,GSM615327,0,1,2.416240692138672,6.5,negative,Basal
GSE25055,GSM615333,0,1,2.290539026260376,4.8,negative,Basal
GSE25055,GSM615334,1,1,2.7090978622436523,6.1,negative,Basal
GSE25055,GSM615335,0,1,2.387835502624512,5.1,negative,Basal
GSE25055,GSM615336,1,1,2.556159496307373,4.9,negative,Basal
GSE25055,GSM615338,1,1,2.3546948432922363,5.7,negative,Basal
GSE25055,GSM615342,0,1,2.118086576461792,4.3,negative,Her2
GSE25055,GSM615344,0,1,2.086212635040283,5.8,negative,Normal
GSE25055,GSM615346,0,1,2.473863363265991,4.2,negative,Basal
GSE25055,GSM615347,0,1,2.4475319385528564,7.2,negative,Basal
GSE25055,GSM615348,0,1,2.396979570388794,3.3,negative,Basal
GSE25055,GSM615354,1,1,2.379669189453125,4.6,negative,Basal
GSE25055,GSM615357,1,1,2.548011302947998,5.3,negative,Basal
GSE25055,GSM615359,1,1,2.6099941730499268,5.1,negative,Basal
GSE25055,GSM615363,0,1,2.1642773151397705,3.6,negative,Basal
GSE25055,GSM615364,0,1,2.4746108055114746,3.4,negative,Basal
GSE25055,GSM615368,0,1,2.6186912059783936,2.8,negative,Basal
GSE25055,GSM615369,0,1,2.172280550003052,5.0,negative,Basal
GSE25055,GSM615371,1,1,2.3835275173187256,6.7,negative,Basal
GSE25055,GSM615372,0,1,2.3866076469421387,3.9,negative,Basal
GSE25055,GSM615375,1,1,2.858341932296753,7.5,negative,Basal
GSE25055,GSM615376,0,1,2.137192487716675,5.1,negative,Basal
GSE25055,GSM615378,0,1,2.3375461101531982,4.1,negative,Basal
GSE25055,GSM615379,1,1,2.2233240604400635,6.2,negative,Basal
GSE25055,GSM615380,0,1,2.612637996673584,4.0,negative,Basal
GSE25055,GSM615382,0,1,2.0852267742156982,5.9,negative,Basal
GSE25055,GSM615384,0,1,2.21025013923645,5.7,negative,Basal
GSE25055,GSM615385,0,1,1.9455143213272093,3.7,negative,Basal
GSE25055,GSM615390,0,1,2.490849256515503,4.6,negative,Basal
GSE25055,GSM615392,0,1,2.47526478767395,6.5,negative,Basal
GSE25055,GSM615393,1,1,2.2031190395355225,4.3,negative,Basal
GSE25055,GSM615394,1,1,2.2406413555145264,6.2,negative,Basal
GSE25055,GSM615396,1,1,2.4190115928649902,3.2,negative,Basal
GSE25055,GSM615397,1,1,2.4315953254699707,5.7,negative,Basal
GSE25055,GSM615403,0,1,2.4547481536865234,5.0,negative,Basal
GSE25055,GSM615405,0,1,2.605159282684326,5.8,negative,Her2
GSE25055,GSM615096,0,0,2.0466549396514893,3.78,positive,LumA
GSE25055,GSM615097,0,0,2.0302205085754395,4.58,positive,Normal
GSE25055,GSM615100,0,0,2.3607378005981445,3.55,positive,LumA
GSE25055,GSM615103,0,0,2.034553050994873,5.42,unknown,LumA
GSE25055,GSM615108,0,0,2.2926743030548096,4.66,positive,LumB
GSE25055,GSM615114,0,0,2.080981731414795,5.279999999999999,positive,LumA
GSE25055,GSM615116,0,0,2.192197322845459,5.42,negative,Basal
GSE25055,GSM615120,0,0,2.00354552268982,5.32,positive,LumA
GSE25055,GSM615121,0,0,2.05276870727539,3.65,positive,LumB
GSE25055,GSM615122,1,0,1.987631559371948,3.13,positive,LumA
GSE25055,GSM615123,1,0,2.601650714874268,5.3100000000000005,positive,LumB
GSE25055,GSM615124,0,0,2.212499618530273,6.1,positive,Basal
GSE25055,GSM615125,0,0,2.020582675933838,4.41,positive,Normal
GSE25055,GSM615126,0,0,2.2513983249664307,4.36,positive,LumA
GSE25055,GSM615127,0,0,2.216681957244873,6.33,positive,LumA
GSE25055,GSM615128,0,0,2.0705208778381348,5.04,positive,LumB
GSE25055,GSM615129,0,0,2.124582290649414,5.35,positive,LumB
GSE25055,GSM615130,0,0,2.092792272567749,4.4799999999999995,positive,Her2
GSE25055,GSM615131,0,0,2.1972038745880127,6.1899999999999995,positive,LumA
GSE25055,GSM615132,0,0,2.105991840362549,4.76,positive,LumA
GSE25055,GSM615133,0,0,2.036596775054932,5.14,positive,LumA
GSE25055,GSM615134,0,0,2.0059311389923096,4.3100000000000005,positive,Normal
GSE25055,GSM615135,0,0,2.274510145187378,5.89,negative,Normal
GSE25055,GSM615138,0,0,2.1386661529541016,3.5100000000000002,positive,LumB
GSE25055,GSM615142,0,0,2.14744234085083,5.15,positive,LumA
GSE25055,GSM615143,1,0,2.375098705291748,4.2700000000000005,negative,Basal
GSE25055,GSM615144,0,0,2.157960891723633,6.18,positive,LumA
GSE25055,GSM615147,0,0,2.159846782684326,6.01,positive,LumA
GSE25055,GSM615150,0,0,1.996714949607849,4.4399999999999995,positive,LumA
GSE25055,GSM615153,0,0,2.27867078781128,6.43,positive,LumB
GSE25055,GSM615155,0,0,2.4375600814819336,3.15,positive,Basal
GSE25055,GSM615157,0,0,1.9951860904693604,4.59,positive,Her2
GSE25055,GSM615158,0,0,2.1193110942840576,5.96,positive,LumA
GSE25055,GSM615161,0,0,2.038372039794922,4.38,unknown,LumA
GSE25055,GSM615162,0,0,1.9791011810302728,4.2299999999999995,positive,LumA
GSE25055,GSM615165,0,0,2.111743450164795,4.34,positive,Normal
GSE25055,GSM615166,0,0,2.3200840950012207,4.0600000000000005,positive,Normal
GSE25055,GSM615167,1,0,2.0671539306640625,3.44,negative,Normal
GSE25055,GSM615168,0,0,2.033316135406494,5.01,positive,LumA
GSE25055,GSM615170,0,0,2.047112941741944,4.6,positive,LumA
GSE25055,GSM615172,0,0,2.08850622177124,5.9799999999999995,positive,LumA
GSE25055,GSM615173,0,0,2.0587003231048584,4.779999999999999,positive,LumA
GSE25055,GSM615174,0,0,2.2794768810272217,4.21,positive,LumB
GSE25055,GSM615176,0,0,2.062436103820801,4.55,positive,Normal
GSE25055,GSM615177,0,0,2.21697998046875,5.0,positive,LumA
GSE25055,GSM615179,0,0,2.1999874114990234,5.6,positive,LumA
GSE25055,GSM615180,0,0,2.261027812957764,4.7,positive,LumA
GSE25055,GSM615182,0,0,2.456993579864502,7.5,negative,Her2
GSE25055,GSM615183,0,0,2.008594512939453,3.4,positive,LumA
GSE25055,GSM615186,1,0,2.0690298080444336,5.1,positive,LumA
GSE25055,GSM615187,0,0,2.29874324798584,6.6,positive,LumA
GSE25055,GSM615188,0,0,2.2930448055267334,6.1,negative,LumB
GSE25055,GSM615192,0,0,2.0950067043304443,5.1,positive,LumA
GSE25055,GSM615196,0,0,2.427438497543335,6.1,positive,LumB
GSE25055,GSM615197,0,0,2.525677442550659,6.7,negative,Her2
GSE25055,GSM615198,0,0,2.044623851776123,5.7,positive,LumA
GSE25055,GSM615199,0,0,2.2191765308380127,3.8,positive,LumA
GSE25055,GSM615200,0,0,2.4895122051239014,4.9,positive,LumB
GSE25055,GSM615201,1,0,2.4290122985839844,4.1,positive,LumB
GSE25055,GSM615202,1,0,2.6103861331939697,4.2,negative,Basal
GSE25055,GSM615203,0,0,1.878436088562012,7.3,positive,LumA
GSE25055,GSM615204,0,0,2.0008881092071533,4.6,positive,LumA
GSE25055,GSM615205,0,0,2.1499829292297363,6.8,positive,LumB
GSE25055,GSM615206,0,0,2.043173313140869,4.7,positive,LumB
GSE25055,GSM615207,0,0,1.9979984760284424,4.2,positive,LumA
GSE25055,GSM615208,0,0,2.0697388648986816,6.9,positive,LumA
GSE25055,GSM615210,0,0,1.9371204376220703,7.5,positive,LumA
GSE25055,GSM615214,0,0,1.8743741512298584,5.4,positive,LumA
GSE25055,GSM615216,0,0,2.310612201690674,5.8,positive,LumB
GSE25055,GSM615217,0,0,2.158300876617432,5.2,positive,LumA
GSE25055,GSM615219,0,0,2.2315566539764404,3.8,positive,Basal
GSE25055,GSM615220,0,0,1.7817617654800415,3.1,positive,Normal
GSE25055,GSM615221,0,0,2.195469617843628,3.8,positive,LumA
GSE25055,GSM615222,0,0,1.952279806137085,4.8,positive,LumA
GSE25055,GSM615224,0,0,1.792153000831604,5.2,positive,LumA
GSE25055,GSM615226,0,0,1.9058237075805664,5.8,positive,Normal
GSE25055,GSM615227,0,0,2.29796838760376,5.2,positive,LumB
GSE25055,GSM615228,0,0,2.2028591632843018,4.2,positive,LumA
GSE25055,GSM615229,0,0,1.8636939525604248,4.8,negative,Normal
GSE25055,GSM615230,0,0,1.9376846551895144,3.9,positive,Her2
GSE25055,GSM615231,0,0,1.974954962730408,4.9,positive,LumA
GSE25055,GSM615232,0,0,1.9352452754974363,5.6,positive,LumA
GSE25055,GSM615233,0,0,1.8834075927734373,7.2,positive,Normal
GSE25055,GSM615234,0,0,2.0710277557373047,4.5,positive,Normal
GSE25055,GSM615235,0,0,2.513864040374756,6.7,positive,LumB
GSE25055,GSM615236,0,0,2.230429410934448,7.1,positive,LumA
GSE25055,GSM615237,0,0,2.0021238327026367,4.5,positive,LumA
GSE25055,GSM615238,0,0,1.888821005821228,4.4,positive,LumB
GSE25055,GSM615239,0,0,2.256850004196167,4.6,positive,LumA
GSE25055,GSM615241,0,0,2.200202465057373,6.3,positive,LumA
GSE25055,GSM615243,0,0,1.9852195978164675,4.6,positive,LumA
GSE25055,GSM615245,0,0,2.38435697555542,3.6,positive,LumA
GSE25055,GSM615246,0,0,2.2644429206848145,2.6,positive,LumA
GSE25055,GSM615247,0,0,2.2222628593444824,4.0,positive,LumA
GSE25055,GSM615249,0,0,2.11755633354187,6.7,positive,Her2
GSE25055,GSM615252,0,0,1.9467579126358032,5.4,positive,LumA
GSE25055,GSM615253,0,0,2.1995749473571777,4.1,positive,LumB
GSE25055,GSM615254,0,0,2.06400203704834,4.9,positive,LumA
GSE25055,GSM615256,1,0,2.370183229446411,5.1,positive,LumB
GSE25055,GSM615257,0,0,1.8184133768081665,5.9,positive,Normal
GSE25055,GSM615258,0,0,2.271649122238159,5.5,positive,Normal
GSE25055,GSM615259,0,0,2.0040152072906494,6.2,positive,LumA
GSE25055,GSM615261,0,0,2.279972553253174,5.8,positive,LumA
GSE25055,GSM615262,0,0,1.952671766281128,4.2,positive,LumA
GSE25055,GSM615263,1,0,2.467252254486084,6.1,negative,Normal
GSE25055,GSM615265,0,0,2.1376376152038574,6.3,negative,Normal
GSE25055,GSM615266,0,0,2.325173139572144,6.0,positive,LumA
GSE25055,GSM615267,0,0,2.1552846431732178,4.2,positive,LumB
GSE25055,GSM615268,0,0,2.175428628921509,3.5,positive,LumA
GSE25055,GSM615269,0,0,2.089373588562012,4.0,positive,LumB
GSE25055,GSM615273,0,0,2.3103721141815186,4.8,positive,LumA
GSE25055,GSM615277,0,0,2.1946496963500977,5.0,positive,LumA
GSE25055,GSM615278,0,0,2.194476366043091,4.7,positive,LumA
GSE25055,GSM615279,0,0,2.123018980026245,5.0,positive,LumB
GSE25055,GSM615280,1,0,2.447605609893799,4.1,positive,Her2
GSE25055,GSM615281,0,0,2.19726824760437,4.4,positive,LumB
GSE25055,GSM615282,0,0,2.2278387546539307,6.0,positive,Her2
GSE25055,GSM615283,0,0,2.286423921585083,5.7,positive,LumA
GSE25055,GSM615285,0,0,2.0167832374572754,4.4,positive,LumA
GSE25055,GSM615286,0,0,2.498359680175781,6.2,positive,Her2
GSE25055,GSM615287,0,0,2.2924604415893555,5.0,negative,Normal
GSE25055,GSM615289,0,0,2.482349872589112,4.6,positive,LumB
GSE25055,GSM615292,0,0,2.178886890411377,4.7,positive,LumA
GSE25055,GSM615294,0,0,2.3540139198303223,4.5,positive,Normal
GSE25055,GSM615295,0,0,2.107473134994507,5.3,negative,Normal
GSE25055,GSM615296,0,0,2.2231578826904297,4.6,positive,LumA
GSE25055,GSM615297,0,0,2.577320575714112,5.8,negative,Basal
GSE25055,GSM615298,0,0,2.157230854034424,4.0,positive,LumA
GSE25055,GSM615299,0,0,1.9613723754882808,4.7,positive,LumA
GSE25055,GSM615302,0,0,2.2230029106140137,5.5,positive,Her2
GSE25055,GSM615304,0,0,2.004453659057617,5.7,positive,LumB
GSE25055,GSM615305,0,0,2.1097397804260254,3.9,positive,LumA
GSE25055,GSM615306,0,0,2.069845676422119,5.8,positive,LumA
GSE25055,GSM615308,0,0,2.050932645797729,5.1,positive,LumB
GSE25055,GSM615309,0,0,2.145820379257202,4.5,positive,LumB
GSE25055,GSM615311,0,0,1.956475615501404,3.4,positive,LumA
GSE25055,GSM615312,0,0,2.302443027496338,5.1,negative,Basal
GSE25055,GSM615313,0,0,1.9510533809661863,5.0,positive,Normal
GSE25055,GSM615314,0,0,2.0093977451324463,7.1,positive,LumA
GSE25055,GSM615316,0,0,1.866193771362305,6.7,positive,LumA
GSE25055,GSM615318,0,0,2.022088527679444,4.7,positive,LumA
GSE25055,GSM615323,0,0,2.0147945880889893,3.2,negative,Normal
GSE25055,GSM615328,0,0,2.0366415977478027,4.5,positive,LumA
GSE25055,GSM615329,0,0,1.993634462356568,4.1,positive,LumA
GSE25055,GSM615330,0,0,2.0228018760681152,6.5,negative,Basal
GSE25055,GSM615331,1,0,2.105777740478516,6.1,positive,Basal
GSE25055,GSM615332,0,0,2.3254127502441406,6.6,positive,LumB
GSE25055,GSM615337,0,0,2.142725706100464,4.6,positive,LumA
GSE25055,GSM615339,0,0,1.9443128108978271,5.8,positive,LumA
GSE25055,GSM615340,0,0,2.0889484882354736,5.0,positive,Her2
GSE25055,GSM615341,0,0,2.001732110977173,4.7,positive,LumA
GSE25055,GSM615343,0,0,2.3030807971954346,3.0,positive,LumB
GSE25055,GSM615345,0,0,1.958402395248413,6.4,negative,LumB
GSE25055,GSM615349,0,0,2.096726894378662,5.0,positive,LumA
GSE25055,GSM615350,0,0,2.2376468181610107,5.9,negative,LumB
GSE25055,GSM615351,0,0,2.188294172286988,5.3,positive,LumA
GSE25055,GSM615352,0,0,1.8708890676498413,7.3,positive,LumA
GSE25055,GSM615353,1,0,2.2441844940185547,4.6,positive,LumB
GSE25055,GSM615355,0,0,2.296720027923584,4.7,positive,LumA
GSE25055,GSM615356,0,0,2.1800827980041504,4.3,negative,LumB
GSE25055,GSM615358,0,0,2.058861255645752,6.9,positive,LumB
GSE25055,GSM615360,0,0,2.1189565658569336,5.3,positive,LumA
GSE25055,GSM615361,0,0,2.2857348918914795,6.4,positive,Normal
GSE25055,GSM615362,0,0,2.0278539657592773,5.2,positive,LumA
GSE25055,GSM615365,0,0,2.139272928237915,6.3,positive,LumA
GSE25055,GSM615366,0,0,2.028672218322754,4.6,positive,LumA
GSE25055,GSM615367,0,0,2.1758530139923096,4.9,positive,LumB
GSE25055,GSM615370,0,0,2.231811046600342,3.6,positive,LumA
GSE25055,GSM615373,0,0,2.2641055583953857,4.4,positive,LumB
GSE25055,GSM615374,0,0,1.916680932044983,5.6,positive,LumA
GSE25055,GSM615377,0,0,1.843788385391236,4.9,positive,LumB
GSE25055,GSM615381,0,0,1.8469517230987549,6.2,positive,LumA
GSE25055,GSM615383,1,0,1.9875564575195312,5.1,positive,LumA
GSE25055,GSM615386,0,0,1.8540799617767327,4.9,positive,LumA
GSE25055,GSM615387,0,0,2.193960666656494,3.8,negative,Basal
GSE25055,GSM615388,0,0,2.0689380168914795,4.0,positive,LumA
GSE25055,GSM615389,0,0,2.09389591217041,5.3,positive,LumA
GSE25055,GSM615391,0,0,2.044773578643799,5.8,positive,LumB
GSE25055,GSM615395,0,0,1.9497419595718384,6.4,positive,LumA
GSE25055,GSM615398,0,0,2.298401117324829,4.9,positive,LumB
GSE25055,GSM615399,0,0,2.130234956741333,5.1,positive,LumA
GSE25055,GSM615400,0,0,2.102650880813598,7.3,positive,LumA
GSE25055,GSM615401,0,0,2.3081650733947754,7.1,positive,LumB
GSE25055,GSM615402,0,0,2.153549671173096,4.7,positive,LumA
GSE25055,GSM615404,0,0,2.176485538482666,6.5,positive,LumB
GSE32646,GSM809185,1,1,3.3335061073303223,5.6,negative,unavailable
GSE32646,GSM809192,1,1,3.319840908050537,5.5,positive,unavailable
GSE32646,GSM809194,1,1,2.890511035919189,3.6,positive,unavailable
GSE32646,GSM809202,1,1,3.6289076805114746,6.5,negative,unavailable
GSE32646,GSM809203,1,1,3.559701919555664,5.2,negative,unavailable
GSE32646,GSM809213,1,1,2.8991527557373047,4.6,positive,unavailable
GSE32646,GSM809225,1,1,2.94460391998291,6.1,negative,unavailable
GSE32646,GSM809226,1,1,3.190077781677246,6.2,negative,unavailable
GSE32646,GSM809229,1,1,3.335719347000122,5.3,positive,unavailable
GSE32646,GSM809231,1,1,3.5303332805633545,2.8,negative,unavailable
GSE32646,GSM809232,1,1,2.688146114349365,6.8,negative,unavailable
GSE32646,GSM809236,1,1,3.170743465423584,4.7,negative,unavailable
GSE32646,GSM809237,1,1,3.567450761795044,6.3,negative,unavailable
GSE32646,GSM809238,1,1,3.109903335571289,5.6,negative,unavailable
GSE32646,GSM809246,1,1,3.671241760253906,5.0,negative,unavailable
GSE32646,GSM809248,1,1,2.6934714317321777,3.6,negative,unavailable
GSE32646,GSM809253,1,1,3.059355974197388,5.4,positive,unavailable
GSE32646,GSM809256,1,1,3.2231178283691406,5.0,negative,unavailable
GSE32646,GSM809266,1,1,2.754632472991944,7.0,negative,unavailable
GSE32646,GSM809271,1,1,3.0062975883483887,6.1,positive,unavailable
GSE32646,GSM809272,1,1,3.6161465644836426,4.9,negative,unavailable
GSE32646,GSM809274,1,1,3.1376121044158936,5.3,negative,unavailable
GSE32646,GSM809280,1,1,3.072348117828369,6.0,negative,unavailable
GSE32646,GSM809289,1,1,3.29358983039856,4.8,positive,unavailable
GSE32646,GSM809294,1,1,3.756087064743042,6.1,negative,unavailable
GSE32646,GSM809295,1,1,2.987173557281494,6.8,negative,unavailable
GSE32646,GSM809298,1,1,2.907364845275879,6.1,positive,unavailable
GSE32646,GSM809184,0,0,2.9019017219543457,4.6,positive,unavailable
GSE32646,GSM809186,0,0,2.986100196838379,6.7,negative,unavailable
GSE32646,GSM809187,0,0,3.116796493530273,5.6,positive,unavailable
GSE32646,GSM809188,0,0,2.915593385696411,4.0,positive,unavailable
GSE32646,GSM809189,0,0,2.531074523925781,5.7,positive,unavailable
GSE32646,GSM809190,0,0,2.919494867324829,4.8,positive,unavailable
GSE32646,GSM809191,0,0,2.956226348876953,4.9,positive,unavailable
GSE32646,GSM809193,0,0,2.6431915760040283,4.5,positive,unavailable
GSE32646,GSM809195,0,0,2.6917595863342285,5.8,positive,unavailable
GSE32646,GSM809196,0,0,3.269930362701416,3.3,positive,unavailable
GSE32646,GSM809197,0,0,2.6319022178649902,4.4,positive,unavailable
GSE32646,GSM809198,0,0,3.2593722343444824,5.1,positive,unavailable
GSE32646,GSM809199,0,0,3.11898159980774,4.6,positive,unavailable
GSE32646,GSM809200,0,0,3.247028350830078,4.8,negative,unavailable
GSE32646,GSM809201,0,0,2.60774040222168,4.6,positive,unavailable
GSE32646,GSM809204,0,0,3.271081924438477,3.0,negative,unavailable
GSE32646,GSM809205,0,0,2.839763641357422,4.0,positive,unavailable
GSE32646,GSM809206,0,0,2.772786855697632,3.5,positive,unavailable
GSE32646,GSM809207,0,0,2.857482671737671,5.9,positive,unavailable
GSE32646,GSM809208,0,0,2.8361623287200928,5.0,negative,unavailable
GSE32646,GSM809209,0,0,3.447304964065552,4.3,negative,unavailable
GSE32646,GSM809210,0,0,2.595522165298462,4.9,positive,unavailable
GSE32646,GSM809211,0,0,3.4890575408935547,6.5,negative,unavailable
GSE32646,GSM809212,0,0,3.168375492095948,3.1,positive,unavailable
GSE32646,GSM809214,0,0,2.633335828781128,4.2,negative,unavailable
GSE32646,GSM809215,0,0,3.0664076805114746,3.3,positive,unavailable
GSE32646,GSM809216,0,0,2.782153844833374,5.6,positive,unavailable
GSE32646,GSM809217,0,0,2.7777881622314453,5.6,positive,unavailable
GSE32646,GSM809218,0,0,2.435595750808716,4.3,positive,unavailable
GSE32646,GSM809219,0,0,2.901282548904419,6.0,positive,unavailable
GSE32646,GSM809220,0,0,3.630959987640381,5.8,negative,unavailable
GSE32646,GSM809221,0,0,2.9596831798553467,4.8,negative,unavailable
GSE32646,GSM809222,0,0,3.0207390785217285,7.2,positive,unavailable
GSE32646,GSM809223,0,0,3.102312564849853,5.2,positive,unavailable
GSE32646,GSM809224,0,0,3.1929469108581543,6.3,negative,unavailable
GSE32646,GSM809227,0,0,3.551461696624756,4.9,negative,unavailable
GSE32646,GSM809228,0,0,3.121675968170166,5.9,positive,unavailable
GSE32646,GSM809230,0,0,2.700155735015869,4.2,negative,unavailable
GSE32646,GSM809233,0,0,2.6257126331329346,4.7,positive,unavailable
GSE32646,GSM809234,0,0,2.574934959411621,5.7,positive,unavailable
GSE32646,GSM809235,0,0,2.5972867012023926,5.7,positive,unavailable
GSE32646,GSM809239,0,0,3.2021613121032715,6.8,negative,unavailable
GSE32646,GSM809240,0,0,2.98384952545166,4.5,positive,unavailable
GSE32646,GSM809241,0,0,2.7670960426330566,2.7,positive,unavailable
GSE32646,GSM809242,0,0,2.579217433929444,5.8,positive,unavailable
GSE32646,GSM809243,0,0,2.676991701126098,3.7,positive,unavailable
GSE32646,GSM809244,0,0,2.453801393508911,3.9,positive,unavailable
GSE32646,GSM809245,0,0,3.161352634429932,4.4,negative,unavailable
GSE32646,GSM809247,0,0,3.5920002460479736,5.4,negative,unavailable
GSE32646,GSM809249,0,0,2.7683892250061035,5.4,positive,unavailable
GSE32646,GSM809250,0,0,2.776162385940552,3.6,positive,unavailable
GSE32646,GSM809251,0,0,2.600618362426758,6.1,negative,unavailable
GSE32646,GSM809252,0,0,3.169807910919189,4.3,positive,unavailable
GSE32646,GSM809254,0,0,2.584510087966919,4.7,positive,unavailable
GSE32646,GSM809255,0,0,2.693665266036988,6.2,negative,unavailable
GSE32646,GSM809257,0,0,2.967954158782959,4.8,positive,unavailable
GSE32646,GSM809258,0,0,2.6036741733551025,5.9,positive,unavailable
GSE32646,GSM809259,0,0,3.080826997756958,4.8,positive,unavailable
GSE32646,GSM809260,0,0,2.5817906856536865,4.8,positive,unavailable
GSE32646,GSM809261,0,0,2.935432910919189,7.0,positive,unavailable
GSE32646,GSM809262,0,0,2.774078369140625,4.8,positive,unavailable
GSE32646,GSM809263,0,0,2.6563098430633545,4.9,positive,unavailable
GSE32646,GSM809264,0,0,3.0132551193237305,5.7,negative,unavailable
GSE32646,GSM809265,0,0,2.427409648895264,5.4,positive,unavailable
GSE32646,GSM809267,0,0,3.687644243240357,5.1,negative,unavailable
GSE32646,GSM809268,0,0,2.6071126461029053,6.3,positive,unavailable
GSE32646,GSM809269,0,0,3.3682098388671875,4.2,positive,unavailable
GSE32646,GSM809270,0,0,2.8545889854431152,6.6,positive,unavailable
GSE32646,GSM809273,0,0,2.79439115524292,6.3,negative,unavailable
GSE32646,GSM809275,0,0,2.384265661239624,7.3,positive,unavailable
GSE32646,GSM809276,0,0,3.265986680984497,5.5,negative,unavailable
GSE32646,GSM809277,0,0,3.04828143119812,3.6,negative,unavailable
GSE32646,GSM809278,0,0,3.3735244274139404,6.3,negative,unavailable
GSE32646,GSM809279,0,0,2.8794825077056885,4.8,positive,unavailable
GSE32646,GSM809281,0,0,2.633270740509033,6.0,negative,unavailable
GSE32646,GSM809282,0,0,3.240604877471924,3.9,negative,unavailable
GSE32646,GSM809283,0,0,2.631075382232666,5.6,positive,unavailable
GSE32646,GSM809284,0,0,2.935655117034912,4.0,positive,unavailable
GSE32646,GSM809285,0,0,2.7287700176239014,6.8,positive,unavailable
GSE32646,GSM809286,0,0,2.8501784801483154,4.9,positive,unavailable
GSE32646,GSM809287,0,0,2.9132981300354004,5.5,positive,unavailable
GSE32646,GSM809288,0,0,2.5574967861175537,4.5,positive,unavailable
GSE32646,GSM809290,0,0,2.654457330703736,4.4,positive,unavailable
GSE32646,GSM809291,0,0,2.641726016998291,3.7,positive,unavailable
GSE32646,GSM809292,0,0,2.71063232421875,4.7,positive,unavailable
GSE32646,GSM809293,0,0,2.5271925926208496,5.6,positive,unavailable
GSE32646,GSM809296,0,0,2.589372396469116,4.2,positive,unavailable
GSE32646,GSM809297,0,0,3.005465745925904,6.8,positive,unavailable
