"GSM","y","(Intercept)","backgroundHer2","backgroundLumA","backgroundLumB","backgroundNormal","age10","score_z"
"GSM615098",0,1,0,0,0,0,4.07,0.933559692773335
"GSM615099",1,1,0,0,0,0,4.08,1.58444960840563
"GSM615101",0,1,0,0,0,0,5.22,1.08131968259338
"GSM615102",0,1,0,0,0,0,3.82,0.867413777847774
"GSM615104",0,1,0,0,0,0,4.66,0.232009553569221
"GSM615106",0,1,0,0,0,0,5.11,-0.385684684906558
"GSM615107",0,1,0,0,0,0,3.78,0.769851621324915
"GSM615109",0,1,0,0,0,0,5.88,1.45289957527471
"GSM615110",1,1,0,0,0,0,4.96,-0.79594319534683
"GSM615111",0,1,0,0,0,0,5.04,-0.0884148539191234
"GSM615112",0,1,0,0,0,0,6.32,1.1146862907519
"GSM615113",0,1,0,0,0,0,4.28,0.892723618969984
"GSM615115",0,1,0,0,0,0,4.42,0.225102187950173
"GSM615117",0,1,0,0,0,0,3.46,1.22269057835812
"GSM615136",0,1,0,0,0,0,6,1.03388742525154
"GSM615137",1,1,0,0,0,0,3.51,-0.0073815061467961
"GSM615139",1,1,1,0,0,0,5.63,2.07371659167153
"GSM615140",1,1,0,0,0,0,3.94,0.467199655197765
"GSM615141",0,1,0,0,0,0,5.92,-0.516570716837432
"GSM615145",0,1,0,0,0,0,5.57,2.3325554357106
"GSM615146",1,1,0,0,0,0,3.89,0.516105644576037
"GSM615148",0,1,0,0,0,0,3.97,0.610928522220787
"GSM615149",0,1,0,0,0,0,4.42,0.106103530638756
"GSM615151",0,1,0,0,0,0,4.46,0.746063723547385
"GSM615152",0,1,0,0,0,0,4.4,1.65813401880376
"GSM615154",1,1,0,0,0,0,4.08,0.0941295948067499
"GSM615156",0,1,0,0,0,0,3.83,0.0118668586739256
"GSM615159",0,1,1,0,0,0,4.47,-0.802058361514331
"GSM615160",0,1,0,0,0,0,3.77,0.40008184412625
"GSM615164",1,1,0,0,0,0,4.21,1.69137023728768
"GSM615169",0,1,0,0,0,0,4.78,0.69063934615076
"GSM615171",1,1,0,0,0,0,4.31,-0.0356223756685859
"GSM615175",1,1,0,0,0,0,4.25,1.05576768921835
"GSM615178",0,1,0,0,0,0,3.86,0.347932548556293
"GSM615181",1,1,0,0,0,0,4.9,0.675461549742911
"GSM615184",0,1,0,0,0,0,5.1,1.77901401284867
"GSM615185",0,1,0,0,0,0,6.5,0.121067663294109
"GSM615189",0,1,1,0,0,0,6.5,0.420620957154338
"GSM615190",0,1,0,0,0,0,3.7,0.755716942313854
"GSM615191",1,1,0,0,0,0,3.7,1.99586738166712
"GSM615193",1,1,0,0,0,1,4,0.532484340844048
"GSM615194",1,1,0,0,0,0,6.1,1.62144630893342
"GSM615195",0,1,0,0,0,0,2.9,1.6853219095248
"GSM615209",1,1,0,0,0,0,5.6,1.47230900969346
"GSM615211",1,1,0,0,0,0,3.5,1.69829732571465
"GSM615212",1,1,0,0,0,0,4.8,-0.697621710718957
"GSM615213",1,1,0,0,0,0,5.3,0.878624002728562
"GSM615215",1,1,1,0,0,0,4.4,0.249352476002328
"GSM615218",0,1,0,0,0,0,5.6,0.267600456176763
"GSM615223",0,1,0,0,0,0,5.7,-0.663489200186124
"GSM615225",0,1,0,0,0,0,6,0.395336317397808
"GSM615240",1,1,0,0,0,0,4.8,-1.12479745965468
"GSM615242",1,1,0,0,0,0,4.6,0.967514698034868
"GSM615244",0,1,0,0,0,0,5.1,-0.81513020032068
"GSM615248",0,1,0,0,0,0,4.2,1.53846588173453
"GSM615250",0,1,1,0,0,0,6.3,1.35326542820844
"GSM615251",0,1,0,0,0,0,4.4,0.907492714969216
"GSM615255",0,1,0,0,0,0,3.9,0.167727443992328
"GSM615260",0,1,0,0,0,0,5.6,1.4458563414233
"GSM615264",1,1,0,0,0,0,4.5,-0.43459176999638
"GSM615270",1,1,0,0,0,0,3.8,1.46574460178995
"GSM615271",0,1,1,0,0,0,4.4,1.01813657170239
"GSM615272",0,1,0,0,1,0,6.3,-0.765898784611691
"GSM615274",0,1,1,0,0,0,6.8,1.34129587522264
"GSM615275",0,1,0,0,0,0,6,1.33995472428392
"GSM615276",0,1,0,0,0,0,5.2,0.115801673578826
"GSM615284",1,1,0,0,0,0,5,0.964522309788418
"GSM615288",0,1,0,0,0,0,3.8,1.033373536534
"GSM615290",0,1,0,0,0,0,6.6,1.47957686441287
"GSM615291",1,1,0,0,0,0,5.9,0.527247935340648
"GSM615293",1,1,0,0,0,0,3.1,2.1123634337955
"GSM615300",1,1,0,0,0,0,5.7,0.0122185820818753
"GSM615301",0,1,0,0,0,0,6.2,0.558732111054123
"GSM615303",0,1,0,0,0,0,6.8,0.631424902498373
"GSM615307",1,1,0,0,0,0,3.2,2.34725440617055
"GSM615310",1,1,0,0,0,0,6.4,2.09707606623253
"GSM615315",0,1,0,0,0,0,3.2,1.32883873059654
"GSM615317",0,1,0,0,0,0,4.7,0.93141319384445
"GSM615319",0,1,0,0,0,0,6.3,-0.0894031857383464
"GSM615320",0,1,0,0,0,0,4,1.57424415101734
"GSM615321",0,1,0,0,0,0,5,0.705951915079407
"GSM615322",0,1,0,0,0,0,5.2,1.32946547760385
"GSM615324",1,1,0,0,0,0,4.9,2.17504580450757
"GSM615325",1,1,0,0,0,0,4.3,1.47789494718171
"GSM615326",0,1,0,0,0,0,5.7,1.86772829859522
"GSM615327",0,1,0,0,0,0,6.5,0.797469030974047
"GSM615333",0,1,0,0,0,0,4.8,0.21977593409957
"GSM615334",1,1,0,0,0,0,6.1,2.14336659213798
"GSM615335",0,1,0,0,0,0,5.1,0.666925956758714
"GSM615336",1,1,0,0,0,0,4.9,1.44050050336082
"GSM615338",1,1,0,0,0,0,5.7,0.514619859712548
"GSM615342",0,1,1,0,0,0,4.3,-0.572771953723893
"GSM615344",0,1,0,0,0,1,5.8,-0.719256535298292
"GSM615346",0,1,0,0,0,0,4.2,1.06228826865981
"GSM615347",0,1,0,0,0,0,7.2,0.941275693517203
"GSM615348",0,1,0,0,0,0,3.3,0.708949781883613
"GSM615354",1,1,0,0,0,0,4.6,0.629395644705467
"GSM615357",1,1,0,0,0,0,5.3,1.40305346538547
"GSM615359",1,1,0,0,0,0,5.1,1.6879110759204
"GSM615363",0,1,0,0,0,0,3.6,-0.360490989208781
"GSM615364",0,1,0,0,0,0,3.4,1.06572332437296
"GSM615368",0,1,0,0,0,0,2.8,1.72788044188671
"GSM615369",0,1,0,0,0,0,5,-0.323710143856585
"GSM615371",1,1,0,0,0,0,6.7,0.647127544739265
"GSM615372",0,1,0,0,0,0,3.9,0.6612830422698
"GSM615375",1,1,0,0,0,0,7.5,2.82925463042859
"GSM615376",0,1,0,0,0,0,5.1,-0.48496601285332
"GSM615378",0,1,0,0,0,0,4.1,0.435808614966146
"GSM615379",1,1,0,0,0,0,6.2,-0.0891270664274327
"GSM615380",0,1,0,0,0,0,4,1.70006142131215
"GSM615382",0,1,0,0,0,0,5.9,-0.72378730256269
"GSM615384",0,1,0,0,0,0,5.7,-0.149211505051506
"GSM615385",0,1,0,0,0,0,3.7,-1.36587043660186
"GSM615390",0,1,0,0,0,0,4.6,1.14035114241671
"GSM615392",0,1,0,0,0,0,6.5,1.06872886115803
"GSM615393",1,1,0,0,0,0,4.3,-0.181984237549245
"GSM615394",1,1,0,0,0,0,6.2,-0.00954115361430008
"GSM615396",1,1,0,0,0,0,3.2,0.810203390622617
"GSM615397",1,1,0,0,0,0,5.7,0.86803504629733
"GSM615403",0,1,0,0,0,0,5,0.974439595038737
"GSM615405",0,1,1,0,0,0,5.8,1.6656911413727
"GSM615096",0,1,0,1,0,0,3.78,-0.901053708746216
"GSM615097",0,1,0,0,0,1,4.58,-0.976582201685088
"GSM615100",0,1,0,1,0,0,3.55,0.542391764690405
"GSM615103",0,1,0,1,0,0,5.42,-0.956670931375863
"GSM615108",0,1,0,0,1,0,4.66,0.229589126752521
"GSM615114",0,1,0,1,0,0,5.28,-0.743296446732608
"GSM615116",0,1,0,0,0,0,5.42,-0.23217768800023
"GSM615120",0,1,0,1,0,0,5.32,-1.09917369717304
"GSM615121",0,1,0,0,1,0,3.65,-0.872956377437641
"GSM615122",1,1,0,1,0,0,3.13,-1.17231025179554
"GSM615123",1,1,0,0,1,0,5.31,1.64956665018458
"GSM615124",0,1,0,0,0,0,6.1,-0.138873466565511
"GSM615125",0,1,0,0,0,1,4.41,-1.02087524543262
"GSM615126",0,1,0,1,0,0,4.36,0.0398951601547739
"GSM615127",0,1,0,1,0,0,6.33,-0.119652494533568
"GSM615128",0,1,0,0,1,0,5.04,-0.791371886755036
"GSM615129",0,1,0,0,1,0,5.35,-0.542919292510222
"GSM615130",0,1,1,0,0,0,4.48,-0.689018183618582
"GSM615131",0,1,0,1,0,0,6.19,-0.209168841135635
"GSM615132",0,1,0,1,0,0,4.76,-0.628356305007003
"GSM615133",0,1,0,1,0,0,5.14,-0.947278491958589
"GSM615134",0,1,0,0,0,1,4.31,-1.08821000739128
"GSM615135",0,1,0,0,0,1,5.89,0.146111246509366
"GSM615138",0,1,0,0,1,0,3.51,-0.478193419755075
"GSM615142",0,1,0,1,0,0,5.15,-0.437860277553744
"GSM615143",1,1,0,0,0,0,4.27,0.608390854268099
"GSM615144",0,1,0,1,0,0,6.18,-0.389519675335916
"GSM615147",0,1,0,1,0,0,6.01,-0.380852596965567
"GSM615150",0,1,0,1,0,0,4.44,-1.13056528526043
"GSM615153",0,1,0,0,1,0,6.43,0.165232508790147
"GSM615155",0,1,0,0,0,0,3.15,0.895447557886379
"GSM615157",0,1,1,0,0,0,4.59,-1.13759153558279
"GSM615158",0,1,0,1,0,0,5.96,-0.567144379196699
"GSM615161",0,1,0,1,0,0,4.38,-0.93911982374802
"GSM615162",0,1,0,1,0,0,4.23,-1.21151371538754
"GSM615165",0,1,0,0,0,1,4.34,-0.601923359544768
"GSM615166",0,1,0,0,0,1,4.06,0.355557605241408
"GSM615167",1,1,0,0,0,1,3.44,-0.806845525281718
"GSM615168",0,1,0,1,0,0,5.01,-0.962355482903723
"GSM615170",0,1,0,1,0,0,4.6,-0.898948846856272
"GSM615172",0,1,0,1,0,0,5.98,-0.708715790175317
"GSM615173",0,1,0,1,0,0,4.78,-0.845696169754214
"GSM615174",0,1,0,0,1,0,4.21,0.168937109544903
"GSM615176",0,1,0,0,0,1,4.55,-0.828527465457755
"GSM615177",0,1,0,1,0,0,5,-0.118282855094512
"GSM615179",0,1,0,1,0,0,5.6,-0.196376408774849
"GSM615180",0,1,0,1,0,0,4.7,0.084149853998012
"GSM615182",0,1,1,0,0,0,7.5,0.984759006428362
"GSM615183",0,1,0,1,0,0,3.4,-1.07596981365232
"GSM615186",1,1,0,1,0,0,5.1,-0.798224466796522
"GSM615187",0,1,0,1,0,0,6.6,0.257480464289464
"GSM615188",0,1,0,0,1,0,6.1,0.231291862503156
"GSM615192",0,1,0,1,0,0,5.1,-0.678841214730618
"GSM615196",0,1,0,0,1,0,6.1,0.848931315401373
"GSM615197",0,1,1,0,0,0,6.7,1.30041268582259
"GSM615198",0,1,0,1,0,0,5.7,-0.910388075451273
"GSM615199",0,1,0,1,0,0,3.8,-0.108188064572891
"GSM615200",0,1,0,0,1,0,4.9,1.13420639203733
"GSM615201",1,1,0,0,1,0,4.1,0.856164107351141
"GSM615202",1,1,0,0,0,0,4.2,1.68971242571064
"GSM615203",0,1,0,1,0,0,7.3,-1.67414504655422
"GSM615204",0,1,0,1,0,0,4.6,-1.11138649812321
"GSM615205",0,1,0,0,1,0,6.8,-0.426184375263677
"GSM615206",0,1,0,0,1,0,4.7,-0.917054384529048
"GSM615207",0,1,0,1,0,0,4.2,-1.1246665221243
"GSM615208",0,1,0,1,0,0,6.9,-0.79496582064312
"GSM615210",0,1,0,1,0,0,7.5,-1.40444660533077
"GSM615214",0,1,0,1,0,0,5.4,-1.69281268425278
"GSM615216",0,1,0,0,1,0,5.8,0.312027176733545
"GSM615217",0,1,0,1,0,0,5.2,-0.387957190663838
"GSM615219",0,1,0,0,0,0,3.8,-0.0512921465629413
"GSM615220",0,1,0,0,0,1,3.1,-2.11843580992039
"GSM615221",0,1,0,1,0,0,3.8,-0.217139046959391
"GSM615222",0,1,0,1,0,0,4.8,-1.33477797776795
"GSM615224",0,1,0,1,0,0,5.2,-2.07068031767092
"GSM615226",0,1,0,0,0,1,5.8,-1.5482784692396
"GSM615227",0,1,0,0,1,0,5.2,0.253919401747919
"GSM615228",0,1,0,1,0,0,4.2,-0.183178563140102
"GSM615229",0,1,0,0,0,1,4.8,-1.74189617890236
"GSM615230",0,1,1,0,0,0,3.9,-1.40185360394474
"GSM615231",0,1,0,1,0,0,4.9,-1.23056868711946
"GSM615232",0,1,0,1,0,0,5.6,-1.41306437668131
"GSM615233",0,1,0,0,0,1,7.2,-1.65129726928766
"GSM615234",0,1,0,0,0,1,4.5,-0.789042403997089
"GSM615235",0,1,0,0,1,0,6.7,1.24612127416995
"GSM615236",0,1,0,1,0,0,7.1,-0.0564726707772299
"GSM615237",0,1,0,1,0,0,4.5,-1.10570742515311
"GSM615238",0,1,0,0,1,0,4.4,-1.62641859066087
"GSM615239",0,1,0,1,0,0,4.6,0.0649497004855431
"GSM615241",0,1,0,1,0,0,6.3,-0.195388076955626
"GSM615243",0,1,0,1,0,0,4.6,-1.18339501770371
"GSM615245",0,1,0,1,0,0,3.6,0.650939525226047
"GSM615246",0,1,0,1,0,0,2.6,0.099844826258044
"GSM615247",0,1,0,1,0,0,4,-0.0940040785420244
"GSM615249",0,1,1,0,0,0,6.7,-0.575208816213862
"GSM615252",0,1,0,1,0,0,5.4,-1.36015520515056
"GSM615253",0,1,0,0,1,0,4.1,-0.198271989758503
"GSM615254",0,1,0,1,0,0,4.9,-0.821330831989178
"GSM615256",1,1,0,0,1,0,5.1,0.58580056921608
"GSM615257",0,1,0,0,0,1,5.9,-1.94999426457059
"GSM615258",0,1,0,0,0,1,5.5,0.132962707894426
"GSM615259",0,1,0,1,0,0,6.2,-1.09701514541708
"GSM615261",0,1,0,1,0,0,5.8,0.171215093859941
"GSM615262",0,1,0,1,0,0,4.2,-1.33297662797771
"GSM615263",1,1,0,0,0,1,6.1,1.03190528305533
"GSM615265",0,1,0,0,0,1,6.3,-0.482920319387146
"GSM615266",0,1,0,1,0,0,6,0.378945568302735
"GSM615267",0,1,0,0,1,0,4.2,-0.401819037498641
"GSM615268",0,1,0,1,0,0,3.5,-0.309242368533947
"GSM615269",0,1,0,0,1,0,4,-0.704729591551883
"GSM615273",0,1,0,1,0,0,4.8,0.310923795201441
"GSM615277",0,1,0,1,0,0,5,-0.220907198984123
"GSM615278",0,1,0,1,0,0,4.7,-0.221703781281878
"GSM615279",0,1,0,0,1,0,5,-0.550103873151736
"GSM615280",1,1,1,0,0,0,4.1,0.941614268386538
"GSM615281",0,1,0,0,1,0,4.4,-0.208872999016799
"GSM615282",0,1,1,0,0,0,6,-0.0683786724930565
"GSM615283",0,1,0,1,0,0,5.7,0.200863952725081
"GSM615285",0,1,0,1,0,0,4.4,-1.03833650471326
"GSM615286",0,1,1,0,0,0,6.2,1.17486715199248
"GSM615287",0,1,0,0,0,1,5,0.228606273491054
"GSM615289",0,1,0,0,1,0,4.6,1.10129012132638
"GSM615292",0,1,0,1,0,0,4.7,-0.293349072483138
"GSM615294",0,1,0,0,0,1,4.5,0.511490507522192
"GSM615295",0,1,0,0,0,1,5.3,-0.621548649139118
"GSM615296",0,1,0,1,0,0,4.6,-0.0898907773786505
"GSM615297",0,1,0,0,0,0,5.8,1.53775147780313
"GSM615298",0,1,0,1,0,0,4,-0.392874744105828
"GSM615299",0,1,0,1,0,0,4.7,-1.29299082633812
"GSM615302",0,1,1,0,0,0,5.5,-0.0906029898869598
"GSM615304",0,1,0,0,1,0,5.7,-1.09500013187435
"GSM615305",0,1,0,1,0,0,3.9,-0.611131719421431
"GSM615306",0,1,0,1,0,0,5.8,-0.794474941868162
"GSM615308",0,1,0,0,1,0,5.1,-0.88139445209378
"GSM615309",0,1,0,0,1,0,4.5,-0.445314403236864
"GSM615311",0,1,0,1,0,0,3.4,-1.31549509803337
"GSM615312",0,1,0,0,0,0,5.1,0.274483716141684
"GSM615313",0,1,0,0,0,1,5,-1.34041431798756
"GSM615314",0,1,0,1,0,0,7.1,-1.07227836143618
"GSM615316",0,1,0,1,0,0,6.7,-1.73040764328755
"GSM615318",0,1,0,1,0,0,4.7,-1.01395473127495
"GSM615323",0,1,0,0,0,1,3.2,-1.04747583476219
"GSM615328",0,1,0,1,0,0,4.5,-0.947072498186957
"GSM615329",0,1,0,1,0,0,4.1,-1.14472242635829
"GSM615330",0,1,0,0,0,0,6.5,-1.01067636231363
"GSM615331",1,1,0,0,0,0,6.1,-0.629340253980019
"GSM615332",0,1,0,0,1,0,6.6,0.380046758411734
"GSM615337",0,1,0,1,0,0,4.6,-0.459536739172025
"GSM615339",0,1,0,1,0,0,5.8,-1.37139227496436
"GSM615340",0,1,1,0,0,0,5,-0.706683245247755
"GSM615341",0,1,0,1,0,0,4.7,-1.10750767923181
"GSM615343",0,1,0,0,1,0,3,0.277414744541265
"GSM615345",0,1,0,0,1,0,6.4,-1.30664010513198
"GSM615349",0,1,0,1,0,0,5,-0.670935655888385
"GSM615350",0,1,0,0,1,0,5.9,-0.0233032906979378
"GSM615351",0,1,0,1,0,0,5.3,-0.250115581805658
"GSM615352",0,1,0,1,0,0,7.3,-1.70882924785311
"GSM615353",1,1,0,0,1,0,4.6,0.00674221574875253
"GSM615355",0,1,0,1,0,0,4.7,0.248182256065598
"GSM615356",0,1,0,0,1,0,4.3,-0.287852983342093
"GSM615358",0,1,0,0,1,0,6.9,-0.844956564457124
"GSM615360",0,1,0,1,0,0,5.3,-0.5687737022734
"GSM615361",0,1,0,0,0,1,6.4,0.197697346341983
"GSM615362",0,1,0,1,0,0,5.2,-0.987458234542747
"GSM615365",0,1,0,1,0,0,6.3,-0.475404833857156
"GSM615366",0,1,0,1,0,0,4.6,-0.983697752498874
"GSM615367",0,1,0,0,1,0,4.9,-0.307292001972731
"GSM615370",0,1,0,1,0,0,3.6,-0.0501230223377628
"GSM615373",0,1,0,0,1,0,4.4,0.0982943944130323
"GSM615374",0,1,0,1,0,0,5.6,-1.49838140876323
"GSM615377",0,1,0,0,1,0,4.9,-1.8333771363158
"GSM615381",0,1,0,1,0,0,6.2,-1.81883923545389
"GSM615383",1,1,0,1,0,0,5.1,-1.17265540093418
"GSM615386",0,1,0,1,0,0,4.9,-1.78607965149476
"GSM615387",0,1,0,0,0,0,3.8,-0.224073805367221
"GSM615388",0,1,0,1,0,0,4,-0.798646315743752
"GSM615389",0,1,0,1,0,0,5.3,-0.683946134847869
"GSM615391",0,1,0,0,1,0,5.8,-0.909699968597091
"GSM615395",0,1,0,1,0,0,6.4,-1.34644127937518
"GSM615398",0,1,0,0,1,0,4.9,0.255908118213427
"GSM615399",0,1,0,1,0,0,5.1,-0.516941067341753
"GSM615400",0,1,0,1,0,0,7.3,-0.643710510974602
"GSM615401",0,1,0,0,1,0,7.1,0.300780793371565
"GSM615402",0,1,0,1,0,0,4.7,-0.409792530457049
"GSM615404",0,1,0,0,1,0,6.5,-0.304385079227278
