"GSM","y","(Intercept)","backgroundpositive","age10","score_z"
"GSM615098",0,1,0,4.07,0.929114358493438
"GSM615099",1,1,0,4.08,1.58049834963939
"GSM615101",0,1,0,5.22,1.07698650951174
"GSM615102",0,1,0,3.82,0.862918233730378
"GSM615104",0,1,0,4.66,0.227031688769094
"GSM615106",0,1,0,5.11,-0.391131427147907
"GSM615107",0,1,0,3.78,0.765282020026052
"GSM615109",0,1,0,5.88,1.44884845991424
"GSM615111",0,1,0,5.04,-0.0936359454921906
"GSM615112",0,1,0,6.32,1.11037844549247
"GSM615113",0,1,0,4.28,0.888247286968881
"GSM615115",0,1,0,4.42,0.220119079928213
"GSM615117",0,1,1,3.46,1.21846471666088
"GSM615136",0,1,0,6,1.02951824743799
"GSM615137",1,1,1,3.51,-0.0125410871756646
"GSM615139",1,1,0,5.63,2.07013672418094
"GSM615140",1,1,0,3.94,0.462400317776045
"GSM615145",0,1,0,5.57,2.32917204681301
"GSM615146",1,1,0,3.89,0.511343430562196
"GSM615148",0,1,0,3.97,0.606238286065035
"GSM615149",0,1,0,4.42,0.101030093482293
"GSM615151",0,1,0,4.46,0.741476065404298
"GSM615154",1,1,0,4.08,0.0890470685119325
"GSM615156",0,1,0,3.83,0.00672188863457699
"GSM615159",0,1,0,4.47,-0.807821163404482
"GSM615160",0,1,0,3.77,0.395231559123096
"GSM615164",1,1,0,4.21,1.6875001395033
"GSM615169",0,1,0,4.78,0.686009616641879
"GSM615171",1,1,0,4.31,-0.0408033936897629
"GSM615175",1,1,0,4.25,1.05141512020823
"GSM615178",0,1,0,3.86,0.343042678226379
"GSM615181",1,1,0,4.9,0.670820299119052
"GSM615184",0,1,0,5.1,1.77521044343166
"GSM615185",0,1,0,6.5,0.116005585065401
"GSM615189",0,1,0,6.5,0.415786262917881
"GSM615190",0,1,0,3.7,0.751136611706355
"GSM615191",1,1,0,3.7,1.99222842063783
"GSM615193",1,1,0,4,0.527734559520555
"GSM615194",1,1,0,6.1,1.61752313350874
"GSM615195",0,1,0,2.9,1.6814472205944
"GSM615209",1,1,0,5.6,1.46827262758673
"GSM615211",1,1,0,3.5,1.69443248612323
"GSM615212",1,1,0,4.8,-0.703305237157687
"GSM615213",1,1,0,5.3,0.874136968034163
"GSM615215",1,1,0,4.4,0.244387775814378
"GSM615218",0,1,0,5.6,0.262649607609435
"GSM615223",0,1,0,5.7,-0.669146817423823
"GSM615225",0,1,0,6,0.390482430174832
"GSM615240",1,1,0,4.8,-1.13080524534602
"GSM615242",1,1,0,4.6,0.963095138215848
"GSM615244",0,1,0,5.1,-0.820902924741996
"GSM615248",0,1,1,4.2,1.53447971778259
"GSM615250",0,1,0,6.3,1.34913868286631
"GSM615251",0,1,0,4.4,0.903027593848043
"GSM615255",0,1,0,3.9,0.16270078412633
"GSM615260",0,1,1,5.6,1.44179987970656
"GSM615264",1,1,0,4.5,-0.440075636477339
"GSM615270",1,1,0,3.8,1.46170323679267
"GSM615271",0,1,1,4.4,1.01375543777941
"GSM615272",0,1,1,6.3,-0.771634138601509
"GSM615274",0,1,1,6.8,1.33716004406907
"GSM615275",0,1,0,6,1.33581787509362
"GSM615276",0,1,0,5.2,0.110735598058854
"GSM615284",1,1,0,5,0.960100478516538
"GSM615288",0,1,0,3.8,1.02900396863939
"GSM615290",0,1,1,6.6,1.47554599916693
"GSM615291",1,1,0,5.9,0.522494179182584
"GSM615293",1,1,0,3.1,2.10881290223087
"GSM615300",1,1,0,5.7,0.00707387902764852
"GSM615301",0,1,0,6.2,0.554002253807248
"GSM615303",0,1,0,6.8,0.626750224671873
"GSM615307",1,1,0,3.2,2.34388217492221
"GSM615310",1,1,1,6.4,2.09351393037998
"GSM615315",0,1,0,3.2,1.32469344351196
"GSM615317",0,1,0,4.7,0.926966230206753
"GSM615319",0,1,0,6.3,-0.0946250275312888
"GSM615320",0,1,0,4,1.57028514552392
"GSM615321",0,1,0,5,0.701333808988216
"GSM615322",0,1,0,5.2,1.32532066626847
"GSM615324",1,1,0,4.9,2.17154285368396
"GSM615325",1,1,0,4.3,1.47386280523121
"GSM615326",0,1,1,5.7,1.86399207014517
"GSM615327",0,1,0,6.5,0.792920393413491
"GSM615333",0,1,0,4.8,0.214788783041232
"GSM615334",1,1,0,6.1,2.13983959435535
"GSM615335",0,1,0,5.1,0.662278226963206
"GSM615336",1,1,0,4.9,1.43643997615101
"GSM615338",1,1,0,5.7,0.509856517873707
"GSM615342",0,1,0,4.3,-0.578360709593384
"GSM615344",0,1,0,5.8,-0.724956484233071
"GSM615346",0,1,0,4.2,1.05794064927106
"GSM615347",0,1,0,7.2,0.936836216275399
"GSM615348",0,1,0,3.3,0.704333951403928
"GSM615354",1,1,0,4.6,0.624719426516207
"GSM615357",1,1,0,5.3,1.39896451299334
"GSM615359",1,1,0,5.1,1.68403835236645
"GSM615363",0,1,0,3.6,-0.365918607497148
"GSM615364",0,1,0,3.4,1.06137831245573
"GSM615368",0,1,0,2.8,1.72403805815606
"GSM615369",0,1,0,5,-0.329109842654077
"GSM615371",1,1,0,6.7,0.642464786426103
"GSM615372",0,1,0,3.9,0.656631029068132
"GSM615375",1,1,0,7.5,2.82624827442684
"GSM615376",0,1,0,5.1,-0.49048811725949
"GSM615378",0,1,0,4.1,0.430985449330231
"GSM615379",1,1,0,6.2,-0.0943486986245785
"GSM615380",0,1,0,4,1.69619792080499
"GSM615382",0,1,0,5.9,-0.729490690698338
"GSM615384",0,1,0,5.7,-0.154478745959377
"GSM615385",0,1,0,3.7,-1.3720612152265
"GSM615390",0,1,0,4.6,1.13606277875388
"GSM615392",0,1,0,6.5,1.0643861306744
"GSM615393",1,1,0,4.3,-0.187276355482023
"GSM615394",1,1,0,6.2,-0.0147023739817206
"GSM615396",1,1,0,3.2,0.805664419420585
"GSM615397",1,1,0,5.7,0.863539973770477
"GSM615403",0,1,0,5,0.970025291749219
"GSM615405",0,1,0,5.8,1.66180155117923
"GSM615096",0,1,1,3.78,-0.906891655719827
"GSM615097",0,1,1,4.58,-0.982477480594635
"GSM615100",0,1,1,3.55,0.53764950386371
"GSM615108",0,1,1,4.66,0.224609424662256
"GSM615114",0,1,1,5.28,-0.749014643809361
"GSM615116",0,1,0,5.42,-0.237507906622876
"GSM615120",0,1,1,5.32,-1.10516203245763
"GSM615121",0,1,1,3.65,-0.878772996375489
"GSM615122",1,1,1,3.13,-1.1783541033509
"GSM615123",1,1,1,5.31,1.64566482026198
"GSM615124",0,1,1,6.1,-0.14413286010695
"GSM615125",0,1,1,4.41,-1.02680414616947
"GSM615126",0,1,1,4.36,0.0347714657522396
"GSM615127",0,1,1,6.33,-0.124897297878721
"GSM615128",0,1,1,5.04,-0.79712657678882
"GSM615129",0,1,1,5.35,-0.548485387913528
"GSM615130",0,1,1,4.48,-0.694695179318445
"GSM615131",0,1,1,6.19,-0.214481594273626
"GSM615132",0,1,1,4.76,-0.633987253674772
"GSM615133",0,1,1,5.14,-0.953151527098356
"GSM615134",0,1,1,4.31,-1.09419002039198
"GSM615135",0,1,0,5.89,0.141068178286719
"GSM615138",0,1,1,3.51,-0.483710383242122
"GSM615142",0,1,1,5.15,-0.443346625083358
"GSM615143",1,1,0,4.27,0.60369869182717
"GSM615144",0,1,1,6.18,-0.394969328629995
"GSM615147",0,1,1,6.01,-0.386295671280475
"GSM615150",0,1,1,4.44,-1.13657744917509
"GSM615153",0,1,1,6.43,0.160203955076415
"GSM615155",0,1,1,3.15,0.890973293564444
"GSM615157",0,1,1,4.59,-1.14360903296191
"GSM615158",0,1,1,5.96,-0.572728863304239
"GSM615162",0,1,1,4.23,-1.21758732538737
"GSM615165",0,1,1,4.34,-0.607534243573658
"GSM615166",0,1,1,4.06,0.350673522916051
"GSM615167",1,1,0,3.44,-0.812611960997407
"GSM615168",0,1,1,5.01,-0.968239962639368
"GSM615170",0,1,1,4.6,-0.904785196077799
"GSM615172",0,1,1,5.98,-0.714407737873733
"GSM615173",0,1,1,4.78,-0.851492096097522
"GSM615174",0,1,1,4.21,0.163911367908108
"GSM615176",0,1,1,4.55,-0.834310359433853
"GSM615177",0,1,1,5,-0.123526618777975
"GSM615179",0,1,1,5.6,-0.20167945147266
"GSM615180",0,1,1,4.7,0.0790597523122602
"GSM615182",0,1,0,7.5,0.980352536365878
"GSM615183",0,1,1,3.4,-1.08194053540444
"GSM615186",1,1,1,5.1,-0.803984358465672
"GSM615187",0,1,1,6.6,0.252521933869844
"GSM615188",0,1,0,6.1,0.226313452920303
"GSM615192",0,1,1,5.1,-0.684510485328263
"GSM615196",0,1,1,6.1,0.844421741673274
"GSM615197",0,1,0,6.7,1.29624582118344
"GSM615198",0,1,1,5.7,-0.91623310792723
"GSM615199",0,1,1,3.8,-0.113424165533838
"GSM615200",0,1,1,4.9,1.1299133640363
"GSM615201",1,1,1,4.1,0.851660023868493
"GSM615202",1,1,0,4.2,1.68584106951975
"GSM615203",0,1,1,7.3,-1.68056982932089
"GSM615204",0,1,1,4.6,-1.11738410386316
"GSM615205",0,1,1,6.8,-0.43166185988532
"GSM615206",0,1,1,4.7,-0.92290447724638
"GSM615207",0,1,1,4.2,-1.13067420842399
"GSM615208",0,1,1,6.9,-0.800723238749178
"GSM615210",0,1,1,7.5,-1.41066666623483
"GSM615214",0,1,1,5.4,-1.69925163719241
"GSM615216",0,1,1,5.8,0.307110051464507
"GSM615217",0,1,1,5.2,-0.393405657911862
"GSM615219",0,1,1,3.8,-0.0564850591455758
"GSM615220",0,1,1,3.1,-2.12519784355214
"GSM615221",0,1,1,3.8,-0.222457850096686
"GSM615222",0,1,1,4.8,-1.34094515482465
"GSM615224",0,1,1,5.2,-2.07740610121062
"GSM615226",0,1,1,5.8,-1.55460770959219
"GSM615227",0,1,1,5.2,0.248958168207907
"GSM615228",0,1,1,4.2,-0.188471587657874
"GSM615229",0,1,0,4.8,-1.74837238999002
"GSM615230",0,1,1,3.9,-1.40807169656129
"GSM615231",0,1,1,4.9,-1.23665676130858
"GSM615232",0,1,1,5.6,-1.41929097913672
"GSM615233",0,1,1,7.2,-1.65770470883389
"GSM615234",0,1,1,4.5,-0.794795325774272
"GSM615235",0,1,1,6.7,1.24191319817316
"GSM615236",0,1,1,7.1,-0.0616695157762388
"GSM615237",0,1,1,4.5,-1.11170072003983
"GSM615238",0,1,1,4.4,-1.6328071453763
"GSM615239",0,1,1,4.6,0.0598450244063628
"GSM615241",0,1,1,6.3,-0.200690369433562
"GSM615243",0,1,1,4.6,-1.18944728344905
"GSM615245",0,1,1,3.6,0.646279660499299
"GSM615246",0,1,1,2.6,0.0947666382635247
"GSM615247",0,1,1,4,-0.0992294127665142
"GSM615249",0,1,1,6.7,-0.580799421849431
"GSM615252",0,1,1,5.4,-1.36634164547491
"GSM615253",0,1,1,4.1,-0.203576471348093
"GSM615254",0,1,1,4.9,-0.827108263166894
"GSM615256",1,1,1,5.1,0.581091259011108
"GSM615257",0,1,1,5.9,-1.95662843811258
"GSM615258",0,1,1,5.5,0.127909658919559
"GSM615259",0,1,1,6.2,-1.10300184219486
"GSM615261",0,1,1,5.8,0.166191081388469
"GSM615262",0,1,1,4.2,-1.33914243767135
"GSM615263",1,1,0,6.1,1.02753460064339
"GSM615265",0,1,0,6.3,-0.488440870954616
"GSM615266",0,1,1,6,0.374079239240389
"GSM615267",0,1,1,4.2,-0.407278026954692
"GSM615268",0,1,1,3.5,-0.314631085177081
"GSM615269",0,1,1,4,-0.710418513418918
"GSM615273",0,1,1,4.8,0.306005832380946
"GSM615277",0,1,1,5,-0.226228862438658
"GSM615278",0,1,1,4.7,-0.227026049403652
"GSM615279",0,1,1,5,-0.5556754222044
"GSM615280",1,1,1,4.1,0.937175048149104
"GSM615281",0,1,1,4.4,-0.214185527587865
"GSM615282",0,1,1,6,-0.0735845550632001
"GSM615283",0,1,1,5.7,0.195862446018134
"GSM615285",0,1,1,4.4,-1.04427865988906
"GSM615286",0,1,1,6.2,1.17060498863596
"GSM615287",0,1,0,5,0.223625825339561
"GSM615289",0,1,1,4.6,1.0969721073439
"GSM615292",0,1,1,4.7,-0.298725724892026
"GSM615294",0,1,1,4.5,0.506724790264323
"GSM615295",0,1,0,5.3,-0.627174430272425
"GSM615296",0,1,1,4.6,-0.0951129892911543
"GSM615297",0,1,0,5.8,1.53376477156365
"GSM615298",0,1,1,4,-0.398326944155182
"GSM615299",0,1,1,4.7,-1.29912628373254
"GSM615302",0,1,1,5.5,-0.0958257424235422
"GSM615304",0,1,1,5.7,-1.10098529910184
"GSM615305",0,1,1,3.9,-0.616749593303792
"GSM615306",0,1,1,5.8,-0.80023198735947
"GSM615308",0,1,1,5.1,-0.887217476179364
"GSM615309",0,1,1,4.5,-0.450806409021258
"GSM615311",0,1,1,3.4,-1.32164763790107
"GSM615312",0,1,0,5.1,0.269538092498143
"GSM615313",0,1,1,5,-1.34658577346004
"GSM615314",0,1,1,7.1,-1.07824628109211
"GSM615316",0,1,1,6.7,-1.73687513369296
"GSM615318",0,1,1,4.7,-1.01987837880922
"GSM615323",0,1,0,3.2,-1.05342492739252
"GSM615328",0,1,1,4.5,-0.952945376961606
"GSM615329",0,1,1,4.1,-1.15074533663203
"GSM615330",0,1,0,6.5,-1.01659752131368
"GSM615331",1,1,1,6.1,-0.634971949540745
"GSM615332",0,1,1,6.6,0.375181265237387
"GSM615337",0,1,1,4.6,-0.465039540803402
"GSM615339",0,1,1,5.8,-1.37758724508907
"GSM615340",0,1,1,5,-0.712373650088224
"GSM615341",0,1,1,4.7,-1.11350234064985
"GSM615343",0,1,1,3,0.272471345773739
"GSM615345",0,1,0,6.4,-1.31278592337893
"GSM615349",0,1,1,5,-0.676598925558758
"GSM615350",0,1,0,5.9,-0.0284749575860146
"GSM615351",0,1,1,5.3,-0.255459416669519
"GSM615352",0,1,1,7.3,-1.71528035859653
"GSM615353",1,1,1,4.6,0.00159335571122641
"GSM615355",0,1,1,4.7,0.243216667590701
"GSM615356",0,1,0,4.3,-0.293225463796553
"GSM615358",0,1,1,6.9,-0.85075192938312
"GSM615360",0,1,1,5.3,-0.574359423162486
"GSM615361",0,1,1,6.4,0.19269343593721
"GSM615362",0,1,1,5.2,-0.993361769197838
"GSM615365",0,1,1,6.3,-0.480919680593003
"GSM615366",0,1,1,4.6,-0.98959843265883
"GSM615367",0,1,1,4.9,-0.312679238137618
"GSM615370",0,1,1,3.6,-0.0553150474651791
"GSM615373",0,1,1,4.4,0.0932150295214804
"GSM615374",0,1,1,5.6,-1.50467277340874
"GSM615377",0,1,1,4.9,-1.83992278848703
"GSM615381",0,1,1,6.2,-1.82537385224008
"GSM615383",1,1,1,5.1,-1.17869951448429
"GSM615386",0,1,1,4.9,-1.7925894012368
"GSM615387",0,1,0,3.8,-0.229397872519583
"GSM615388",0,1,1,4,-0.804406527628702
"GSM615389",0,1,1,5.3,-0.689619280472563
"GSM615391",0,1,1,5.8,-0.915544478747015
"GSM615395",0,1,1,6.4,-1.35261730977496
"GSM615398",0,1,1,4.9,0.250948394262188
"GSM615399",0,1,1,5.1,-0.522487443273861
"GSM615400",0,1,1,7.3,-0.649353114665775
"GSM615401",0,1,1,7.1,0.295855131232463
"GSM615402",0,1,1,4.7,-0.415257572407592
"GSM615404",0,1,1,6.5,-0.309770108814196
