"model","term","estimate","se"
"GSE25055_er","(Intercept)",-0.0975326035878582,0.802597548476753
"GSE25055_er","backgroundpositive",-1.36000913827067,0.399521100330349
"GSE25055_er","age10",-0.213858796591273,0.157867429971104
"GSE25055_er","score_z",0.760164359011488,0.198706344456882
"GSE25055_pam50","(Intercept)",-0.181253616062895,0.79843474706762
"GSE25055_pam50","backgroundHer2",-0.907084983120412,0.678380626701502
"GSE25055_pam50","backgroundLumA",-2.06149496736331,0.678275787085096
"GSE25055_pam50","backgroundLumB",-1.20796518328506,0.586034233657196
"GSE25055_pam50","backgroundNormal",-0.671700581798587,0.698087306253482
"GSE25055_pam50","age10",-0.171297071051407,0.15846360716544
"GSE25055_pam50","score_z",0.594375361606993,0.206251951438802
"GSE32646_er","(Intercept)",-2.53536184854625,1.43472849577036
"GSE32646_er","backgroundpositive",-0.979679929363968,0.566650138585491
"GSE32646_er","age10",0.321743733608569,0.247639693142941
"GSE32646_er","score_z",0.743967475976394,0.288090242201442
