cohort,grouping,stratum,n,pcr,rd,auc,ci_low,ci_high,valid_draws,undefined_draws
GSE25055,er,negative,129,45,84,0.6460317460317461,0.5440051740267675,0.7418893200295639,2000,0
GSE25055,er,positive,172,11,161,0.6804065499717674,0.47685612878342637,0.8661774796474851,2000,0
GSE25055,pam50,Basal,120,44,76,0.5822368421052632,0.4627966471257306,0.6912617283950617,2000,0
GSE25055,pam50,Her2,20,3,17,0.7058823529411765,0.3888888888888889,1.0,1939,61
GSE25055,pam50,LumA,98,3,95,0.2982456140350877,0.15168302945301543,0.5104831560283688,1909,91
GSE25055,pam50,LumB,43,4,39,0.8589743589743589,0.6410256410256411,1.0,1969,31
GSE25055,pam50,Normal,25,3,22,0.8333333333333334,0.43478260869565216,1.0,1916,84
GSE32646,er,negative,44,19,25,0.5810526315789474,0.3978898971566848,0.7516339869281046,2000,0
GSE32646,er,positive,71,8,63,0.8154761904761905,0.6785562953995158,0.9359016393442623,2000,0
