cohort,variable,source_field,source_value,n,missing_after_mapping
GSE25055,age10,age_years,46.0,12,0
GSE25055,age10,age_years,51.0,12,0
GSE25055,age10,age_years,50.0,11,0
GSE25055,age10,age_years,47.0,10,0
GSE25055,age10,age_years,49.0,10,0
GSE25055,age10,age_years,57.0,9,0
GSE25055,age10,age_years,58.0,9,0
GSE25055,age10,age_years,61.0,7,0
GSE25055,age10,age_years,40.0,7,0
GSE25055,age10,age_years,42.0,7,0
GSE25055,age10,age_years,44.0,7,0
GSE25055,age10,age_years,56.0,6,0
GSE25055,age10,age_years,65.0,6,0
GSE25055,age10,age_years,38.0,6,0
GSE25055,age10,age_years,48.0,6,0
GSE25055,age10,age_years,53.0,6,0
GSE25055,age10,age_years,52.0,6,0
GSE25055,age10,age_years,45.0,6,0
GSE25055,age10,age_years,63.0,6,0
GSE25055,age10,age_years,62.0,6,0
GSE25055,age10,age_years,60.0,5,0
GSE25055,age10,age_years,67.0,5,0
GSE25055,age10,age_years,41.0,5,0
GSE25055,age10,age_years,39.0,4,0
GSE25055,age10,age_years,59.0,4,0
GSE25055,age10,age_years,32.0,4,0
GSE25055,age10,age_years,64.0,4,0
GSE25055,age10,age_years,43.0,4,0
GSE25055,age10,age_years,75.0,3,0
GSE25055,age10,age_years,34.0,3,0
GSE25055,age10,age_years,66.0,3,0
GSE25055,age10,age_years,37.0,3,0
GSE25055,age10,age_years,73.0,3,0
GSE25055,age10,age_years,68.0,3,0
GSE25055,age10,age_years,71.0,3,0
GSE25055,age10,age_years,36.0,3,0
GSE25055,age10,age_years,37.8,2,0
GSE25055,age10,age_years,40.8,2,0
GSE25055,age10,age_years,46.6,2,0
GSE25055,age10,age_years,50.4,2,0
GSE25055,age10,age_years,44.2,2,0
GSE25055,age10,age_years,43.1,2,0
GSE25055,age10,age_years,35.1,2,0
GSE25055,age10,age_years,42.1,2,0
GSE25055,age10,age_years,47.8,2,0
GSE25055,age10,age_years,69.0,2,0
GSE25055,age10,age_years,35.0,2,0
GSE25055,age10,age_years,54.0,2,0
GSE25055,age10,age_years,31.0,2,0
GSE25055,age10,age_years,72.0,2,0
GSE25055,age10,age_years,55.0,2,0
GSE25055,age10,age_years,45.8,1,0
GSE25055,age10,age_years,40.7,1,0
GSE25055,age10,age_years,35.5,1,0
GSE25055,age10,age_years,52.2,1,0
GSE25055,age10,age_years,38.2,1,0
GSE25055,age10,age_years,51.1,1,0
GSE25055,age10,age_years,58.8,1,0
GSE25055,age10,age_years,63.2,1,0
GSE25055,age10,age_years,42.8,1,0
GSE25055,age10,age_years,52.8,1,0
GSE25055,age10,age_years,54.2,1,0
GSE25055,age10,age_years,34.6,1,0
GSE25055,age10,age_years,53.2,1,0
GSE25055,age10,age_years,36.5,1,0
GSE25055,age10,age_years,31.3,1,0
GSE25055,age10,age_years,53.1,1,0
GSE25055,age10,age_years,44.1,1,0
GSE25055,age10,age_years,43.6,1,0
GSE25055,age10,age_years,63.3,1,0
GSE25055,age10,age_years,53.5,1,0
GSE25055,age10,age_years,44.8,1,0
GSE25055,age10,age_years,61.9,1,0
GSE25055,age10,age_years,47.6,1,0
GSE25055,age10,age_years,51.4,1,0
GSE25055,age10,age_years,58.9,1,0
GSE25055,age10,age_years,56.3,1,0
GSE25055,age10,age_years,39.4,1,0
GSE25055,age10,age_years,51.5,1,0
GSE25055,age10,age_years,42.7,1,0
GSE25055,age10,age_years,61.8,1,0
GSE25055,age10,age_years,55.7,1,0
GSE25055,age10,age_years,38.9,1,0
GSE25055,age10,age_years,60.1,1,0
GSE25055,age10,age_years,39.7,1,0
GSE25055,age10,age_years,44.4,1,0
GSE25055,age10,age_years,44.6,1,0
GSE25055,age10,age_years,64.3,1,0
GSE25055,age10,age_years,31.5,1,0
GSE25055,age10,age_years,38.3,1,0
GSE25055,age10,age_years,45.9,1,0
GSE25055,age10,age_years,59.6,1,0
GSE25055,age10,age_years,44.7,1,0
GSE25055,age10,age_years,37.7,1,0
GSE25055,age10,age_years,42.3,1,0
GSE25055,age10,age_years,43.4,1,0
GSE25055,age10,age_years,40.6,1,0
GSE25055,age10,age_years,34.4,1,0
GSE25055,age10,age_years,50.1,1,0
GSE25055,age10,age_years,59.8,1,0
GSE25055,age10,age_years,42.5,1,0
GSE25055,age10,age_years,45.5,1,0
GSE25055,age10,age_years,38.6,1,0
GSE25055,age10,age_years,29.0,1,0
GSE25055,age10,age_years,26.0,1,0
GSE25055,age10,age_years,30.0,1,0
GSE25055,age10,age_years,33.0,1,0
GSE25055,age10,age_years,28.0,1,0
GSE25055,er_positive,er_status_ihc,P,172,0
GSE25055,er_positive,er_status_ihc,N,129,0
GSE25055,pr_positive,pr_status_ihc,N,160,1
GSE25055,pr_positive,pr_status_ihc,P,140,1
GSE25055,pr_positive,pr_status_ihc,I,1,1
GSE25055,her2_positive,her2_status,N,287,11
GSE25055,her2_positive,her2_status,NA,7,11
GSE25055,her2_positive,her2_status,I,4,11
GSE25055,her2_positive,her2_status,P,3,11
GSE25055,t_stage,clinical_t_stage,T2,161,0
GSE25055,t_stage,clinical_t_stage,T3,70,0
GSE25055,t_stage,clinical_t_stage,T4,48,0
GSE25055,t_stage,clinical_t_stage,T1,20,0
GSE25055,t_stage,clinical_t_stage,T0,2,0
GSE25055,node_positive,clinical_nodal_status,N1,147,0
GSE25055,node_positive,clinical_nodal_status,N0,86,0
GSE25055,node_positive,clinical_nodal_status,N2,38,0
GSE25055,node_positive,clinical_nodal_status,N3,30,0
GSE25055,grade,grade,3,147,20
GSE25055,grade,grade,2,115,20
GSE25055,grade,grade,1,19,20
GSE25055,grade,grade,4=Indeterminate,15,20
GSE25055,grade,grade,NA,5,20
GSE32646,age10,age,48,9,0
GSE32646,age10,age,56,7,0
GSE32646,age10,age,49,6,0
GSE32646,age10,age,63,5,0
GSE32646,age10,age,61,5,0
GSE32646,age10,age,68,5,0
GSE32646,age10,age,46,4,0
GSE32646,age10,age,57,4,0
GSE32646,age10,age,36,4,0
GSE32646,age10,age,42,4,0
GSE32646,age10,age,47,4,0
GSE32646,age10,age,54,4,0
GSE32646,age10,age,40,3,0
GSE32646,age10,age,55,3,0
GSE32646,age10,age,45,3,0
GSE32646,age10,age,58,3,0
GSE32646,age10,age,44,3,0
GSE32646,age10,age,59,3,0
GSE32646,age10,age,50,3,0
GSE32646,age10,age,43,3,0
GSE32646,age10,age,60,3,0
GSE32646,age10,age,33,2,0
GSE32646,age10,age,51,2,0
GSE32646,age10,age,65,2,0
GSE32646,age10,age,52,2,0
GSE32646,age10,age,62,2,0
GSE32646,age10,age,53,2,0
GSE32646,age10,age,37,2,0
GSE32646,age10,age,39,2,0
GSE32646,age10,age,70,2,0
GSE32646,age10,age,67,1,0
GSE32646,age10,age,30,1,0
GSE32646,age10,age,35,1,0
GSE32646,age10,age,31,1,0
GSE32646,age10,age,72,1,0
GSE32646,age10,age,28,1,0
GSE32646,age10,age,27,1,0
GSE32646,age10,age,66,1,0
GSE32646,age10,age,73,1,0
GSE32646,er_positive,er status ihc,positive,71,0
GSE32646,er_positive,er status ihc,negative,44,0
GSE32646,pr_positive,pr status ihc,negative,70,0
GSE32646,pr_positive,pr status ihc,positive,45,0
GSE32646,her2_positive,her2 status fish,negative,81,0
GSE32646,her2_positive,her2 status fish,positive,34,0
GSE32646,t_stage,clinical t stage,2,87,0
GSE32646,t_stage,clinical t stage,3,18,0
GSE32646,t_stage,clinical t stage,4,5,0
GSE32646,t_stage,clinical t stage,1,5,0
GSE32646,node_positive,lymph node status,positive,83,0
GSE32646,node_positive,lymph node status,negative,32,0
GSE32646,grade,histological grade,2,78,0
GSE32646,grade,histological grade,3,21,0
GSE32646,grade,histological grade,1,16,0
