cohort,comparator,metric,estimate,minimum,maximum
GSE25055,expanded,auc,0.025236880466472288,0.02139212827988335,0.028862973760932942
GSE25055,expanded,ap,0.08515806788872722,0.07439469647915725,0.10250450196583022
GSE25055,expanded,brier,-0.006466960427946799,-0.007716471809401354,-0.004721676042774237
GSE25055,expanded,logloss,-0.017247265947846313,-0.021760848360740326,-0.012704189991352643
GSE25055,expanded_pam50,auc,0.020936588921282796,0.01639941690962099,0.024198250728863058
GSE25055,expanded_pam50,ap,0.07833022957058351,0.060331592982118765,0.09792710655553444
GSE25055,expanded_pam50,brier,-0.005223172584517257,-0.006446178488855536,-0.004026646478208912
GSE25055,expanded_pam50,logloss,-0.013065172737547714,-0.017272395764012016,-0.00983199691101383
GSE32646,expanded,auc,0.05267255892255892,0.035563973063973076,0.07218013468013462
GSE32646,expanded,ap,0.06362681270911745,0.046213314408969475,0.10574820096847715
GSE32646,expanded,brier,-0.006501505872486724,-0.012380406470901217,-0.0015446883616918317
GSE32646,expanded,logloss,-0.02654290311064094,-0.0456349122856734,-0.011393794175409644
