cohort,comparator,metric,estimate,minimum,maximum,low,high,valid_draws,bootstrap_mean
GSE25055,expanded,auc,0.025236880466472288,0.02139212827988335,0.028862973760932942,-0.005676627793974724,0.07509450694563538,1000,0.0272825216160732
GSE25055,expanded,ap,0.08515806788872722,0.07439469647915725,0.10250450196583022,-0.0033591226046260658,0.1578903498256489,1000,0.06629168787792036
GSE25055,expanded,brier,-0.006466960427946799,-0.007716471809401354,-0.004721676042774237,-0.016691848467594653,0.002330879656652675,1000,-0.005353992761594899
GSE25055,expanded,logloss,-0.017247265947846313,-0.021760848360740326,-0.012704189991352643,-0.04331174317300753,0.006472432785893546,1000,-0.01403307367616927
GSE25055,expanded_pam50,auc,0.020936588921282796,0.01639941690962099,0.024198250728863058,-0.008580570801982247,0.06881794522193999,1000,0.022344584870242656
GSE25055,expanded_pam50,ap,0.07833022957058351,0.060331592982118765,0.09792710655553444,-0.004974567358062118,0.1493779408052903,1000,0.05953494573205694
GSE25055,expanded_pam50,brier,-0.005223172584517257,-0.006446178488855536,-0.004026646478208912,-0.016477713680063493,0.002967653300130458,1000,-0.004369541445449233
GSE25055,expanded_pam50,logloss,-0.013065172737547714,-0.017272395764012016,-0.00983199691101383,-0.039680190554422685,0.008719741839393395,1000,-0.010165757371321048
GSE32646,expanded,auc,0.05267255892255892,0.035563973063973076,0.07218013468013462,-0.01941889129389129,0.1515559373905681,1000,0.04599983436265038
GSE32646,expanded,ap,0.06362681270911745,0.046213314408969475,0.10574820096847715,-0.0372949579140147,0.16872109141449154,1000,0.0459910309196637
GSE32646,expanded,brier,-0.006501505872486724,-0.012380406470901217,-0.0015446883616918317,-0.03606428207728947,0.014694350337219221,1000,-0.004849647907103359
GSE32646,expanded,logloss,-0.02654290311064094,-0.0456349122856734,-0.011393794175409644,-0.11400643677417713,0.0455042296063534,1000,-0.017895662019906004
