cohort,GSM,y,pam50,age10,er_positive,pr_positive,her2_positive,t_stage,node_positive,grade,score
GSE25055,GSM615096,0,LumA,3.78,1.0,1.0,0.0,2,1,2.0,2.0466549396514893
GSE25055,GSM615097,0,Normal,4.58,1.0,1.0,0.0,3,1,2.0,2.0302205085754395
GSE25055,GSM615098,0,Basal,4.07,0.0,0.0,0.0,3,0,3.0,2.4458529949188232
GSE25055,GSM615099,1,Basal,4.08,0.0,0.0,0.0,2,1,,2.587481737136841
GSE25055,GSM615100,0,LumA,3.55,1.0,1.0,0.0,3,1,2.0,2.3607378005981445
GSE25055,GSM615101,0,Basal,5.220000000000001,0.0,0.0,0.0,4,0,3.0,2.4780044555664062
GSE25055,GSM615102,0,Basal,3.8200000000000003,0.0,0.0,,2,0,,2.43146014213562
GSE25055,GSM615104,0,Basal,4.66,0.0,0.0,0.0,3,1,,2.293200969696045
GSE25055,GSM615106,0,Basal,5.11,0.0,0.0,0.0,3,1,,2.1587953567504883
GSE25055,GSM615107,0,Basal,3.78,0.0,0.0,0.0,3,1,,2.410231351852417
GSE25055,GSM615108,0,LumB,4.66,1.0,1.0,1.0,3,1,3.0,2.2926743030548096
GSE25055,GSM615109,0,Basal,5.88,0.0,0.0,0.0,3,1,,2.5588574409484863
GSE25055,GSM615111,0,Basal,5.04,0.0,0.0,0.0,4,1,,2.2234790325164795
GSE25055,GSM615112,0,Basal,6.32,0.0,0.0,0.0,3,1,,2.485264778137207
GSE25055,GSM615113,0,Basal,4.279999999999999,0.0,0.0,0.0,2,1,,2.436967372894287
GSE25055,GSM615114,0,LumA,5.279999999999999,1.0,1.0,0.0,2,0,2.0,2.080981731414795
GSE25055,GSM615115,0,Basal,4.42,0.0,0.0,0.0,4,1,2.0,2.2916979789733887
GSE25055,GSM615116,0,Basal,5.42,0.0,0.0,1.0,3,1,3.0,2.192197322845459
GSE25055,GSM615117,0,Basal,3.46,1.0,1.0,0.0,3,1,3.0,2.508765697479248
GSE25055,GSM615120,0,LumA,5.32,1.0,1.0,0.0,3,0,1.0,2.00354552268982
GSE25055,GSM615121,0,LumB,3.65,1.0,0.0,,3,1,3.0,2.05276870727539
GSE25055,GSM615122,1,LumA,3.13,1.0,1.0,0.0,3,1,2.0,1.987631559371948
GSE25055,GSM615123,1,LumB,5.3100000000000005,1.0,1.0,0.0,2,0,3.0,2.601650714874268
GSE25055,GSM615124,0,Basal,6.1,1.0,1.0,0.0,4,1,2.0,2.212499618530273
GSE25055,GSM615125,0,Normal,4.41,1.0,1.0,0.0,2,0,2.0,2.020582675933838
GSE25055,GSM615126,0,LumA,4.36,1.0,1.0,0.0,4,0,3.0,2.2513983249664307
GSE25055,GSM615127,0,LumA,6.33,1.0,0.0,0.0,2,0,2.0,2.216681957244873
GSE25055,GSM615128,0,LumB,5.04,1.0,1.0,0.0,4,1,,2.0705208778381348
GSE25055,GSM615129,0,LumB,5.35,1.0,1.0,0.0,2,1,,2.124582290649414
GSE25055,GSM615130,0,Her2,4.4799999999999995,1.0,1.0,0.0,4,1,2.0,2.092792272567749
GSE25055,GSM615131,0,LumA,6.1899999999999995,1.0,1.0,,3,1,,2.1972038745880127
GSE25055,GSM615132,0,LumA,4.76,1.0,1.0,,2,0,2.0,2.105991840362549
GSE25055,GSM615133,0,LumA,5.14,1.0,1.0,0.0,2,0,1.0,2.036596775054932
GSE25055,GSM615134,0,Normal,4.3100000000000005,1.0,1.0,0.0,2,1,1.0,2.0059311389923096
GSE25055,GSM615135,0,Normal,5.89,0.0,0.0,0.0,2,1,3.0,2.274510145187378
GSE25055,GSM615136,0,Basal,6.0,0.0,0.0,0.0,3,1,3.0,2.4676835536956787
GSE25055,GSM615137,1,Basal,3.5100000000000002,1.0,0.0,0.0,3,1,,2.2411112785339355
GSE25055,GSM615138,0,LumB,3.5100000000000002,1.0,0.0,0.0,3,1,2.0,2.1386661529541016
GSE25055,GSM615139,1,Her2,5.63,0.0,0.0,,2,1,3.0,2.6939425468444824
GSE25055,GSM615140,1,Basal,3.94,0.0,0.0,1.0,3,1,2.0,2.344376564025879
GSE25055,GSM615142,0,LumA,5.15,1.0,1.0,0.0,3,1,,2.14744234085083
GSE25055,GSM615143,1,Basal,4.2700000000000005,0.0,1.0,,2,0,3.0,2.375098705291748
GSE25055,GSM615144,0,LumA,6.18,1.0,1.0,0.0,2,0,2.0,2.157960891723633
GSE25055,GSM615145,0,Basal,5.57,0.0,0.0,0.0,3,1,3.0,2.750263929367065
GSE25055,GSM615146,1,Basal,3.8899999999999997,0.0,0.0,0.0,2,0,3.0,2.355018138885498
GSE25055,GSM615147,0,LumA,6.01,1.0,1.0,,3,1,,2.159846782684326
GSE25055,GSM615148,0,Basal,3.97,0.0,0.0,0.0,3,1,3.0,2.375650882720948
GSE25055,GSM615149,0,Basal,4.42,0.0,0.0,0.0,3,1,3.0,2.2658047676086426
GSE25055,GSM615150,0,LumA,4.4399999999999995,1.0,1.0,0.0,3,1,2.0,1.996714949607849
GSE25055,GSM615151,0,Basal,4.46,0.0,0.0,0.0,2,0,2.0,2.405055284500122
GSE25055,GSM615153,0,LumB,6.43,1.0,1.0,0.0,3,1,2.0,2.27867078781128
GSE25055,GSM615154,1,Basal,4.08,0.0,0.0,0.0,2,1,3.0,2.2631993293762207
GSE25055,GSM615155,0,Basal,3.15,1.0,1.0,0.0,4,1,3.0,2.4375600814819336
GSE25055,GSM615156,0,Basal,3.8299999999999996,0.0,0.0,0.0,2,1,3.0,2.2452995777130127
GSE25055,GSM615157,0,Her2,4.59,1.0,,0.0,2,1,2.0,1.9951860904693604
GSE25055,GSM615158,0,LumA,5.96,1.0,1.0,0.0,2,0,1.0,2.1193110942840576
GSE25055,GSM615159,0,Her2,4.470000000000001,0.0,1.0,,2,1,,2.068195581436157
GSE25055,GSM615160,0,Basal,3.7700000000000005,0.0,0.0,0.0,3,1,3.0,2.3297722339630127
GSE25055,GSM615162,0,LumA,4.2299999999999995,1.0,1.0,0.0,3,1,1.0,1.9791011810302728
GSE25055,GSM615164,1,Basal,4.21,0.0,0.0,0.0,3,0,3.0,2.6107468605041504
GSE25055,GSM615165,0,Normal,4.34,1.0,0.0,0.0,2,0,2.0,2.111743450164795
GSE25055,GSM615166,0,Normal,4.0600000000000005,1.0,1.0,,3,0,2.0,2.3200840950012207
GSE25055,GSM615167,1,Normal,3.44,0.0,0.0,0.0,2,1,2.0,2.0671539306640625
GSE25055,GSM615168,0,LumA,5.01,1.0,1.0,0.0,2,0,,2.033316135406494
GSE25055,GSM615169,0,Basal,4.779999999999999,0.0,0.0,0.0,3,1,3.0,2.392995357513428
GSE25055,GSM615170,0,LumA,4.6,1.0,1.0,,3,0,2.0,2.047112941741944
GSE25055,GSM615171,1,Basal,4.3100000000000005,0.0,0.0,,2,1,,2.234966278076172
GSE25055,GSM615172,0,LumA,5.9799999999999995,1.0,1.0,0.0,2,0,2.0,2.08850622177124
GSE25055,GSM615173,0,LumA,4.779999999999999,1.0,1.0,0.0,1,1,,2.0587003231048584
GSE25055,GSM615174,0,LumB,4.21,1.0,1.0,0.0,2,1,3.0,2.2794768810272217
GSE25055,GSM615175,1,Basal,4.25,0.0,0.0,0.0,3,0,3.0,2.472444534301758
GSE25055,GSM615176,0,Normal,4.55,1.0,1.0,0.0,3,0,1.0,2.062436103820801
GSE25055,GSM615177,0,LumA,5.0,1.0,1.0,0.0,3,1,,2.21697998046875
GSE25055,GSM615178,0,Basal,3.8600000000000003,0.0,1.0,0.0,2,1,3.0,2.318424940109253
GSE25055,GSM615179,0,LumA,5.6,1.0,1.0,0.0,2,0,2.0,2.1999874114990234
GSE25055,GSM615180,0,LumA,4.7,1.0,1.0,0.0,3,1,2.0,2.261027812957764
GSE25055,GSM615181,1,Basal,4.9,0.0,0.0,0.0,3,1,3.0,2.389692783355713
GSE25055,GSM615182,0,Her2,7.5,0.0,0.0,0.0,2,0,3.0,2.456993579864502
GSE25055,GSM615183,0,LumA,3.4,1.0,1.0,0.0,2,1,2.0,2.008594512939453
GSE25055,GSM615184,0,Basal,5.1,0.0,1.0,0.0,2,0,3.0,2.629817485809326
GSE25055,GSM615185,0,Basal,6.5,0.0,0.0,0.0,1,0,3.0,2.2690608501434326
GSE25055,GSM615186,1,LumA,5.1,1.0,0.0,0.0,3,1,1.0,2.0690298080444336
GSE25055,GSM615187,0,LumA,6.6,1.0,1.0,0.0,2,0,2.0,2.29874324798584
GSE25055,GSM615188,0,LumB,6.1,0.0,0.0,0.0,2,0,2.0,2.2930448055267334
GSE25055,GSM615189,0,Her2,6.5,0.0,1.0,0.0,2,1,3.0,2.3342413902282715
GSE25055,GSM615190,0,Basal,3.7,0.0,0.0,0.0,2,0,3.0,2.407155752182007
GSE25055,GSM615191,1,Basal,3.7,0.0,1.0,0.0,1,0,3.0,2.6770031452178955
GSE25055,GSM615192,0,LumA,5.1,1.0,1.0,0.0,2,0,2.0,2.0950067043304443
GSE25055,GSM615193,1,Normal,4.0,0.0,0.0,0.0,1,0,3.0,2.358582019805908
GSE25055,GSM615194,1,Basal,6.1,0.0,1.0,0.0,1,1,3.0,2.595531940460205
GSE25055,GSM615195,0,Basal,2.9,0.0,0.0,0.0,4,1,3.0,2.6094307899475098
GSE25055,GSM615196,0,LumB,6.1,1.0,1.0,0.0,2,0,3.0,2.427438497543335
GSE25055,GSM615197,0,Her2,6.7,0.0,0.0,0.0,2,1,3.0,2.525677442550659
GSE25055,GSM615198,0,LumA,5.7,1.0,1.0,0.0,2,0,2.0,2.044623851776123
GSE25055,GSM615199,0,LumA,3.8,1.0,1.0,0.0,2,1,2.0,2.2191765308380127
GSE25055,GSM615200,0,LumB,4.9,1.0,0.0,0.0,2,1,3.0,2.4895122051239014
GSE25055,GSM615201,1,LumB,4.1,1.0,0.0,0.0,3,0,3.0,2.4290122985839844
GSE25055,GSM615202,1,Basal,4.2,0.0,1.0,0.0,2,1,3.0,2.6103861331939697
GSE25055,GSM615203,0,LumA,7.3,1.0,1.0,0.0,3,1,2.0,1.878436088562012
GSE25055,GSM615204,0,LumA,4.6,1.0,1.0,0.0,1,0,2.0,2.0008881092071533
GSE25055,GSM615205,0,LumB,6.8,1.0,0.0,0.0,2,1,2.0,2.1499829292297363
GSE25055,GSM615206,0,LumB,4.7,1.0,1.0,0.0,3,0,3.0,2.043173313140869
GSE25055,GSM615207,0,LumA,4.2,1.0,1.0,0.0,2,0,2.0,1.9979984760284424
GSE25055,GSM615208,0,LumA,6.9,1.0,1.0,0.0,2,1,2.0,2.0697388648986816
GSE25055,GSM615209,1,Basal,5.6,0.0,0.0,0.0,2,1,3.0,2.5630807876586914
GSE25055,GSM615210,0,LumA,7.5,1.0,0.0,0.0,2,1,2.0,1.9371204376220703
GSE25055,GSM615211,1,Basal,3.5,0.0,0.0,0.0,2,1,3.0,2.6122541427612305
GSE25055,GSM615212,1,Basal,4.8,0.0,0.0,0.0,2,0,3.0,2.090920209884644
GSE25055,GSM615213,1,Basal,5.3,0.0,0.0,0.0,3,1,3.0,2.433899402618408
GSE25055,GSM615214,0,LumA,5.4,1.0,0.0,0.0,2,1,2.0,1.8743741512298584
GSE25055,GSM615215,1,Her2,4.4,0.0,0.0,0.0,2,1,3.0,2.2969746589660645
GSE25055,GSM615216,0,LumB,5.8,1.0,1.0,0.0,2,1,2.0,2.310612201690674
GSE25055,GSM615217,0,LumA,5.2,1.0,1.0,0.0,2,0,2.0,2.158300876617432
GSE25055,GSM615218,0,Basal,5.6,0.0,0.0,0.0,4,1,3.0,2.300945281982422
GSE25055,GSM615219,0,Basal,3.8,1.0,0.0,0.0,4,1,3.0,2.2315566539764404
GSE25055,GSM615220,0,Normal,3.1,1.0,1.0,0.0,4,1,3.0,1.7817617654800415
GSE25055,GSM615221,0,LumA,3.8,1.0,1.0,0.0,4,1,3.0,2.195469617843628
GSE25055,GSM615222,0,LumA,4.8,1.0,0.0,0.0,4,1,2.0,1.952279806137085
GSE25055,GSM615223,0,Basal,5.7,0.0,0.0,0.0,3,1,3.0,2.0983471870422363
GSE25055,GSM615224,0,LumA,5.2,1.0,1.0,0.0,2,0,2.0,1.792153000831604
GSE25055,GSM615225,0,Basal,6.0,0.0,0.0,0.0,4,1,3.0,2.328739643096924
GSE25055,GSM615226,0,Normal,5.8,1.0,0.0,0.0,3,0,1.0,1.9058237075805664
GSE25055,GSM615227,0,LumB,5.2,1.0,1.0,0.0,2,1,2.0,2.29796838760376
GSE25055,GSM615228,0,LumA,4.2,1.0,0.0,0.0,1,1,3.0,2.2028591632843018
GSE25055,GSM615229,0,Normal,4.8,0.0,0.0,0.0,4,1,2.0,1.8636939525604248
GSE25055,GSM615230,0,Her2,3.9,1.0,1.0,0.0,2,0,3.0,1.9376846551895144
GSE25055,GSM615231,0,LumA,4.9,1.0,1.0,0.0,3,1,2.0,1.974954962730408
GSE25055,GSM615232,0,LumA,5.6,1.0,1.0,0.0,2,0,2.0,1.9352452754974363
GSE25055,GSM615233,0,Normal,7.2,1.0,1.0,0.0,2,1,1.0,1.8834075927734373
GSE25055,GSM615234,0,Normal,4.5,1.0,0.0,0.0,2,1,3.0,2.0710277557373047
GSE25055,GSM615235,0,LumB,6.7,1.0,0.0,0.0,4,0,3.0,2.513864040374756
GSE25055,GSM615236,0,LumA,7.1,1.0,1.0,0.0,2,1,3.0,2.230429410934448
GSE25055,GSM615237,0,LumA,4.5,1.0,1.0,0.0,2,0,2.0,2.0021238327026367
GSE25055,GSM615238,0,LumB,4.4,1.0,0.0,0.0,2,1,2.0,1.888821005821228
GSE25055,GSM615239,0,LumA,4.6,1.0,0.0,0.0,4,1,3.0,2.256850004196167
GSE25055,GSM615240,1,Basal,4.8,0.0,0.0,0.0,2,1,3.0,1.99796998500824
GSE25055,GSM615241,0,LumA,6.3,1.0,0.0,0.0,4,1,2.0,2.200202465057373
GSE25055,GSM615242,1,Basal,4.6,0.0,0.0,0.0,3,1,3.0,2.4532413482666016
GSE25055,GSM615243,0,LumA,4.6,1.0,1.0,0.0,2,0,2.0,1.9852195978164675
GSE25055,GSM615244,0,Basal,5.1,0.0,0.0,0.0,1,1,3.0,2.065351247787476
GSE25055,GSM615245,0,LumA,3.6,1.0,1.0,0.0,2,1,2.0,2.38435697555542
GSE25055,GSM615246,0,LumA,2.6,1.0,1.0,0.0,2,0,2.0,2.2644429206848145
GSE25055,GSM615247,0,LumA,4.0,1.0,1.0,0.0,1,1,3.0,2.2222628593444824
GSE25055,GSM615248,0,Basal,4.2,1.0,1.0,0.0,3,1,3.0,2.577476024627685
GSE25055,GSM615249,0,Her2,6.7,1.0,1.0,0.0,2,1,3.0,2.11755633354187
GSE25055,GSM615250,0,Her2,6.3,0.0,0.0,0.0,1,1,3.0,2.537177801132202
GSE25055,GSM615251,0,Basal,4.4,0.0,0.0,0.0,2,1,3.0,2.440181016921997
GSE25055,GSM615252,0,LumA,5.4,1.0,0.0,0.0,4,1,2.0,1.9467579126358032
GSE25055,GSM615253,0,LumB,4.1,1.0,0.0,0.0,2,1,2.0,2.1995749473571777
GSE25055,GSM615254,0,LumA,4.9,1.0,1.0,0.0,2,1,2.0,2.06400203704834
GSE25055,GSM615255,0,Basal,3.9,0.0,0.0,0.0,4,1,3.0,2.2792136669158936
GSE25055,GSM615256,1,LumB,5.1,1.0,0.0,0.0,3,1,3.0,2.370183229446411
GSE25055,GSM615257,0,Normal,5.9,1.0,1.0,0.0,3,1,1.0,1.8184133768081665
GSE25055,GSM615258,0,Normal,5.5,1.0,1.0,0.0,2,1,2.0,2.271649122238159
GSE25055,GSM615259,0,LumA,6.2,1.0,1.0,0.0,2,0,2.0,2.0040152072906494
GSE25055,GSM615260,0,Basal,5.6,1.0,1.0,0.0,0,1,3.0,2.557324886322021
GSE25055,GSM615261,0,LumA,5.8,1.0,1.0,0.0,3,0,3.0,2.279972553253174
GSE25055,GSM615262,0,LumA,4.2,1.0,1.0,0.0,2,1,1.0,1.952671766281128
GSE25055,GSM615263,1,Normal,6.1,0.0,0.0,0.0,4,1,3.0,2.467252254486084
GSE25055,GSM615264,1,Basal,4.5,0.0,0.0,0.0,2,0,3.0,2.14815354347229
GSE25055,GSM615265,0,Normal,6.3,0.0,0.0,0.0,2,1,3.0,2.1376376152038574
GSE25055,GSM615266,0,LumA,6.0,1.0,1.0,0.0,3,0,2.0,2.325173139572144
GSE25055,GSM615267,0,LumB,4.2,1.0,0.0,0.0,2,0,2.0,2.1552846431732178
GSE25055,GSM615268,0,LumA,3.5,1.0,0.0,0.0,2,1,1.0,2.175428628921509
GSE25055,GSM615269,0,LumB,4.0,1.0,1.0,0.0,2,1,2.0,2.089373588562012
GSE25055,GSM615270,1,Basal,3.8,0.0,0.0,0.0,4,1,3.0,2.561652421951294
GSE25055,GSM615271,0,Her2,4.4,1.0,1.0,0.0,2,1,2.0,2.4642562866210938
GSE25055,GSM615272,0,LumB,6.3,1.0,1.0,0.0,2,1,2.0,2.076063632965088
GSE25055,GSM615273,0,LumA,4.8,1.0,1.0,0.0,2,1,2.0,2.3103721141815186
GSE25055,GSM615274,0,Her2,6.8,1.0,1.0,0.0,0,1,2.0,2.5345733165740967
GSE25055,GSM615275,0,Basal,6.0,0.0,0.0,0.0,4,1,2.0,2.5342814922332764
GSE25055,GSM615276,0,Basal,5.2,0.0,0.0,0.0,3,1,3.0,2.2679150104522705
GSE25055,GSM615277,0,LumA,5.0,1.0,1.0,0.0,2,1,2.0,2.1946496963500977
GSE25055,GSM615278,0,LumA,4.7,1.0,1.0,0.0,2,0,3.0,2.194476366043091
GSE25055,GSM615279,0,LumB,5.0,1.0,1.0,0.0,2,1,2.0,2.123018980026245
GSE25055,GSM615280,1,Her2,4.1,1.0,1.0,0.0,3,1,3.0,2.447605609893799
GSE25055,GSM615281,0,LumB,4.4,1.0,0.0,0.0,2,0,2.0,2.19726824760437
GSE25055,GSM615282,0,Her2,6.0,1.0,0.0,0.0,4,1,2.0,2.2278387546539307
GSE25055,GSM615283,0,LumA,5.7,1.0,0.0,0.0,2,1,2.0,2.286423921585083
GSE25055,GSM615284,1,Basal,5.0,0.0,0.0,0.0,4,1,3.0,2.452590227127075
GSE25055,GSM615285,0,LumA,4.4,1.0,1.0,0.0,2,0,3.0,2.0167832374572754
GSE25055,GSM615286,0,Her2,6.2,1.0,0.0,0.0,2,1,2.0,2.498359680175781
GSE25055,GSM615287,0,Normal,5.0,0.0,0.0,0.0,2,0,2.0,2.2924604415893555
GSE25055,GSM615288,0,Basal,3.8,0.0,0.0,0.0,1,0,3.0,2.46757173538208
GSE25055,GSM615289,0,LumB,4.6,1.0,1.0,0.0,2,1,2.0,2.482349872589112
GSE25055,GSM615290,0,Basal,6.6,1.0,1.0,0.0,2,0,2.0,2.564662218093872
GSE25055,GSM615291,1,Basal,5.9,0.0,0.0,0.0,2,1,3.0,2.357442617416382
GSE25055,GSM615292,0,LumA,4.7,1.0,1.0,0.0,2,1,2.0,2.178886890411377
GSE25055,GSM615293,1,Basal,3.1,0.0,0.0,0.0,2,1,3.0,2.7023518085479736
GSE25055,GSM615294,0,Normal,4.5,1.0,0.0,0.0,2,0,3.0,2.3540139198303223
GSE25055,GSM615295,0,Normal,5.3,0.0,0.0,0.0,4,1,3.0,2.107473134994507
GSE25055,GSM615296,0,LumA,4.6,1.0,1.0,0.0,4,1,2.0,2.2231578826904297
GSE25055,GSM615297,0,Basal,5.8,0.0,0.0,0.0,2,1,3.0,2.577320575714112
GSE25055,GSM615298,0,LumA,4.0,1.0,1.0,0.0,2,1,2.0,2.157230854034424
GSE25055,GSM615299,0,LumA,4.7,1.0,1.0,0.0,1,1,2.0,1.9613723754882808
GSE25055,GSM615300,1,Basal,5.7,0.0,0.0,0.0,2,1,3.0,2.2453761100769043
GSE25055,GSM615301,0,Basal,6.2,0.0,0.0,0.0,4,1,3.0,2.364293336868286
GSE25055,GSM615302,0,Her2,5.5,1.0,0.0,0.0,2,1,2.0,2.2230029106140137
GSE25055,GSM615303,0,Basal,6.8,0.0,0.0,0.0,4,1,3.0,2.380110740661621
GSE25055,GSM615304,0,LumB,5.7,1.0,1.0,0.0,1,1,3.0,2.004453659057617
GSE25055,GSM615305,0,LumA,3.9,1.0,0.0,0.0,2,1,2.0,2.1097397804260254
GSE25055,GSM615306,0,LumA,5.8,1.0,1.0,0.0,3,1,2.0,2.069845676422119
GSE25055,GSM615307,1,Basal,3.2,0.0,0.0,0.0,2,1,3.0,2.753462314605713
GSE25055,GSM615308,0,LumB,5.1,1.0,1.0,0.0,2,1,3.0,2.050932645797729
GSE25055,GSM615309,0,LumB,4.5,1.0,1.0,0.0,4,1,3.0,2.145820379257202
GSE25055,GSM615310,1,Basal,6.4,1.0,0.0,0.0,2,1,3.0,2.6990253925323486
GSE25055,GSM615311,0,LumA,3.4,1.0,1.0,0.0,3,1,2.0,1.956475615501404
GSE25055,GSM615312,0,Basal,5.1,0.0,1.0,0.0,2,1,2.0,2.302443027496338
GSE25055,GSM615313,0,Normal,5.0,1.0,1.0,0.0,1,1,1.0,1.9510533809661863
GSE25055,GSM615314,0,LumA,7.1,1.0,1.0,0.0,2,1,2.0,2.0093977451324463
GSE25055,GSM615315,0,Basal,3.2,0.0,0.0,0.0,4,1,3.0,2.531862735748291
GSE25055,GSM615316,0,LumA,6.7,1.0,0.0,0.0,1,1,2.0,1.866193771362305
GSE25055,GSM615317,0,Basal,4.7,0.0,0.0,0.0,2,1,3.0,2.445385932922364
GSE25055,GSM615318,0,LumA,4.7,1.0,1.0,0.0,3,1,2.0,2.022088527679444
GSE25055,GSM615319,0,Basal,6.3,0.0,0.0,0.0,2,1,3.0,2.22326397895813
GSE25055,GSM615320,0,Basal,4.0,0.0,0.0,0.0,2,1,3.0,2.585261106491089
GSE25055,GSM615321,0,Basal,5.0,0.0,0.0,0.0,2,1,3.0,2.396327257156372
GSE25055,GSM615322,0,Basal,5.2,0.0,0.0,0.0,4,1,3.0,2.531999111175537
GSE25055,GSM615323,0,Normal,3.2,0.0,0.0,0.0,4,1,3.0,2.0147945880889893
GSE25055,GSM615324,1,Basal,4.9,0.0,0.0,0.0,1,1,3.0,2.7159910202026367
GSE25055,GSM615325,1,Basal,4.3,0.0,0.0,0.0,1,1,3.0,2.564296245574951
GSE25055,GSM615326,0,Basal,5.7,1.0,0.0,0.0,2,0,3.0,2.649121046066284
GSE25055,GSM615327,0,Basal,6.5,0.0,0.0,0.0,3,0,3.0,2.416240692138672
GSE25055,GSM615328,0,LumA,4.5,1.0,1.0,0.0,4,1,2.0,2.0366415977478027
GSE25055,GSM615329,0,LumA,4.1,1.0,1.0,0.0,2,0,2.0,1.993634462356568
GSE25055,GSM615330,0,Basal,6.5,0.0,0.0,0.0,3,1,3.0,2.0228018760681152
GSE25055,GSM615331,1,Basal,6.1,1.0,1.0,0.0,2,1,3.0,2.105777740478516
GSE25055,GSM615332,0,LumB,6.6,1.0,0.0,0.0,2,1,2.0,2.3254127502441406
GSE25055,GSM615333,0,Basal,4.8,0.0,1.0,0.0,1,0,2.0,2.290539026260376
GSE25055,GSM615334,1,Basal,6.1,0.0,0.0,0.0,3,1,3.0,2.7090978622436523
GSE25055,GSM615335,0,Basal,5.1,0.0,0.0,0.0,2,1,3.0,2.387835502624512
GSE25055,GSM615336,1,Basal,4.9,0.0,0.0,0.0,2,1,3.0,2.556159496307373
GSE25055,GSM615337,0,LumA,4.6,1.0,1.0,0.0,2,1,2.0,2.142725706100464
GSE25055,GSM615338,1,Basal,5.7,0.0,0.0,0.0,2,1,3.0,2.3546948432922363
GSE25055,GSM615339,0,LumA,5.8,1.0,1.0,0.0,2,0,2.0,1.9443128108978271
GSE25055,GSM615340,0,Her2,5.0,1.0,1.0,0.0,3,1,3.0,2.0889484882354736
GSE25055,GSM615341,0,LumA,4.7,1.0,1.0,0.0,2,1,2.0,2.001732110977173
GSE25055,GSM615342,0,Her2,4.3,0.0,0.0,0.0,2,1,2.0,2.118086576461792
GSE25055,GSM615343,0,LumB,3.0,1.0,1.0,0.0,1,1,3.0,2.3030807971954346
GSE25055,GSM615344,0,Normal,5.8,0.0,0.0,0.0,2,1,3.0,2.086212635040283
GSE25055,GSM615345,0,LumB,6.4,0.0,0.0,0.0,2,1,2.0,1.958402395248413
GSE25055,GSM615346,0,Basal,4.2,0.0,0.0,0.0,2,1,3.0,2.473863363265991
GSE25055,GSM615347,0,Basal,7.2,0.0,0.0,0.0,2,0,3.0,2.4475319385528564
GSE25055,GSM615348,0,Basal,3.3,0.0,0.0,0.0,3,0,3.0,2.396979570388794
GSE25055,GSM615349,0,LumA,5.0,1.0,1.0,0.0,2,0,2.0,2.096726894378662
GSE25055,GSM615350,0,LumB,5.9,0.0,1.0,0.0,2,0,3.0,2.2376468181610107
GSE25055,GSM615351,0,LumA,5.3,1.0,1.0,0.0,2,0,1.0,2.188294172286988
GSE25055,GSM615352,0,LumA,7.3,1.0,1.0,0.0,2,1,1.0,1.8708890676498413
GSE25055,GSM615353,1,LumB,4.6,1.0,1.0,0.0,1,1,3.0,2.2441844940185547
GSE25055,GSM615354,1,Basal,4.6,0.0,0.0,0.0,2,1,2.0,2.379669189453125
GSE25055,GSM615355,0,LumA,4.7,1.0,1.0,0.0,2,0,2.0,2.296720027923584
GSE25055,GSM615356,0,LumB,4.3,0.0,0.0,0.0,2,0,3.0,2.1800827980041504
GSE25055,GSM615357,1,Basal,5.3,0.0,0.0,0.0,2,1,3.0,2.548011302947998
GSE25055,GSM615358,0,LumB,6.9,1.0,0.0,0.0,4,0,2.0,2.058861255645752
GSE25055,GSM615359,1,Basal,5.1,0.0,0.0,0.0,4,1,3.0,2.6099941730499268
GSE25055,GSM615360,0,LumA,5.3,1.0,1.0,0.0,2,1,2.0,2.1189565658569336
GSE25055,GSM615361,0,Normal,6.4,1.0,0.0,0.0,2,1,3.0,2.2857348918914795
GSE25055,GSM615362,0,LumA,5.2,1.0,1.0,0.0,2,0,1.0,2.0278539657592773
GSE25055,GSM615363,0,Basal,3.6,0.0,0.0,0.0,2,0,3.0,2.1642773151397705
GSE25055,GSM615364,0,Basal,3.4,0.0,0.0,0.0,2,1,3.0,2.4746108055114746
GSE25055,GSM615365,0,LumA,6.3,1.0,1.0,0.0,2,1,2.0,2.139272928237915
GSE25055,GSM615366,0,LumA,4.6,1.0,1.0,0.0,2,1,1.0,2.028672218322754
GSE25055,GSM615367,0,LumB,4.9,1.0,1.0,0.0,3,1,3.0,2.1758530139923096
GSE25055,GSM615368,0,Basal,2.8,0.0,0.0,0.0,2,1,3.0,2.6186912059783936
GSE25055,GSM615369,0,Basal,5.0,0.0,0.0,0.0,2,1,3.0,2.172280550003052
GSE25055,GSM615370,0,LumA,3.6,1.0,1.0,0.0,2,0,2.0,2.231811046600342
GSE25055,GSM615371,1,Basal,6.7,0.0,0.0,0.0,2,1,3.0,2.3835275173187256
GSE25055,GSM615372,0,Basal,3.9,0.0,0.0,0.0,2,1,3.0,2.3866076469421387
GSE25055,GSM615373,0,LumB,4.4,1.0,0.0,0.0,2,1,2.0,2.2641055583953857
GSE25055,GSM615374,0,LumA,5.6,1.0,1.0,0.0,3,0,1.0,1.916680932044983
GSE25055,GSM615375,1,Basal,7.5,0.0,1.0,0.0,2,1,3.0,2.858341932296753
GSE25055,GSM615376,0,Basal,5.1,0.0,0.0,0.0,2,1,2.0,2.137192487716675
GSE25055,GSM615377,0,LumB,4.9,1.0,1.0,0.0,4,0,2.0,1.843788385391236
GSE25055,GSM615378,0,Basal,4.1,0.0,0.0,0.0,2,1,3.0,2.3375461101531982
GSE25055,GSM615379,1,Basal,6.2,0.0,0.0,0.0,4,1,3.0,2.2233240604400635
GSE25055,GSM615380,0,Basal,4.0,0.0,0.0,0.0,3,1,3.0,2.612637996673584
GSE25055,GSM615381,0,LumA,6.2,1.0,1.0,0.0,4,1,3.0,1.8469517230987549
GSE25055,GSM615382,0,Basal,5.9,0.0,0.0,0.0,2,0,3.0,2.0852267742156982
GSE25055,GSM615383,1,LumA,5.1,1.0,1.0,0.0,2,0,2.0,1.9875564575195312
GSE25055,GSM615384,0,Basal,5.7,0.0,0.0,0.0,3,1,3.0,2.21025013923645
GSE25055,GSM615385,0,Basal,3.7,0.0,0.0,0.0,3,1,2.0,1.9455143213272093
GSE25055,GSM615386,0,LumA,4.9,1.0,1.0,0.0,2,1,2.0,1.8540799617767327
GSE25055,GSM615387,0,Basal,3.8,0.0,0.0,0.0,2,1,3.0,2.193960666656494
GSE25055,GSM615388,0,LumA,4.0,1.0,1.0,0.0,3,0,2.0,2.0689380168914795
GSE25055,GSM615389,0,LumA,5.3,1.0,0.0,0.0,2,1,1.0,2.09389591217041
GSE25055,GSM615390,0,Basal,4.6,0.0,0.0,0.0,2,1,3.0,2.490849256515503
GSE25055,GSM615391,0,LumB,5.8,1.0,1.0,0.0,4,0,3.0,2.044773578643799
GSE25055,GSM615392,0,Basal,6.5,0.0,0.0,0.0,4,1,3.0,2.47526478767395
GSE25055,GSM615393,1,Basal,4.3,0.0,0.0,0.0,3,1,3.0,2.2031190395355225
GSE25055,GSM615394,1,Basal,6.2,0.0,0.0,0.0,2,0,3.0,2.2406413555145264
GSE25055,GSM615395,0,LumA,6.4,1.0,0.0,0.0,2,0,2.0,1.9497419595718384
GSE25055,GSM615396,1,Basal,3.2,0.0,0.0,0.0,3,1,3.0,2.4190115928649902
GSE25055,GSM615397,1,Basal,5.7,0.0,0.0,0.0,2,1,2.0,2.4315953254699707
GSE25055,GSM615398,0,LumB,4.9,1.0,1.0,0.0,4,1,3.0,2.298401117324829
GSE25055,GSM615399,0,LumA,5.1,1.0,1.0,0.0,3,1,2.0,2.130234956741333
GSE25055,GSM615400,0,LumA,7.3,1.0,0.0,0.0,4,1,2.0,2.102650880813598
GSE25055,GSM615401,0,LumB,7.1,1.0,0.0,0.0,4,1,3.0,2.3081650733947754
GSE25055,GSM615402,0,LumA,4.7,1.0,1.0,0.0,4,1,2.0,2.153549671173096
GSE25055,GSM615403,0,Basal,5.0,0.0,0.0,0.0,4,1,2.0,2.4547481536865234
GSE25055,GSM615404,0,LumB,6.5,1.0,1.0,0.0,2,1,3.0,2.176485538482666
GSE25055,GSM615405,0,Her2,5.8,0.0,0.0,0.0,4,1,3.0,2.605159282684326
GSE32646,GSM809184,0,unavailable,4.6,1.0,0.0,0.0,3,1,3.0,2.9019017219543457
GSE32646,GSM809185,1,unavailable,5.6,0.0,0.0,0.0,3,1,3.0,3.3335061073303223
GSE32646,GSM809186,0,unavailable,6.7,0.0,0.0,0.0,3,1,2.0,2.986100196838379
GSE32646,GSM809187,0,unavailable,5.6,1.0,1.0,1.0,3,1,2.0,3.116796493530273
GSE32646,GSM809188,0,unavailable,4.0,1.0,1.0,0.0,2,1,2.0,2.915593385696411
GSE32646,GSM809189,0,unavailable,5.7,1.0,0.0,0.0,3,1,2.0,2.531074523925781
GSE32646,GSM809190,0,unavailable,4.8,1.0,0.0,1.0,4,1,2.0,2.919494867324829
GSE32646,GSM809191,0,unavailable,4.9,1.0,1.0,0.0,2,0,1.0,2.956226348876953
GSE32646,GSM809192,1,unavailable,5.5,1.0,0.0,1.0,2,0,2.0,3.319840908050537
GSE32646,GSM809193,0,unavailable,4.5,1.0,0.0,1.0,3,0,2.0,2.6431915760040283
GSE32646,GSM809194,1,unavailable,3.6,1.0,1.0,0.0,2,1,2.0,2.890511035919189
GSE32646,GSM809195,0,unavailable,5.8,1.0,1.0,0.0,2,0,2.0,2.6917595863342285
GSE32646,GSM809196,0,unavailable,3.3,1.0,1.0,0.0,3,1,2.0,3.269930362701416
GSE32646,GSM809197,0,unavailable,4.4,1.0,1.0,0.0,4,1,1.0,2.6319022178649902
GSE32646,GSM809198,0,unavailable,5.1,1.0,1.0,0.0,2,1,2.0,3.2593722343444824
GSE32646,GSM809199,0,unavailable,4.6,1.0,0.0,1.0,3,1,2.0,3.11898159980774
GSE32646,GSM809200,0,unavailable,4.8,0.0,0.0,1.0,2,1,2.0,3.247028350830078
GSE32646,GSM809201,0,unavailable,4.6,1.0,0.0,0.0,2,1,2.0,2.60774040222168
GSE32646,GSM809202,1,unavailable,6.5,0.0,0.0,1.0,2,1,2.0,3.6289076805114746
GSE32646,GSM809203,1,unavailable,5.2,0.0,0.0,1.0,2,1,2.0,3.559701919555664
GSE32646,GSM809204,0,unavailable,3.0,0.0,0.0,0.0,2,0,2.0,3.271081924438477
GSE32646,GSM809205,0,unavailable,4.0,1.0,1.0,0.0,2,0,2.0,2.839763641357422
GSE32646,GSM809206,0,unavailable,3.5,1.0,0.0,0.0,2,1,2.0,2.772786855697632
GSE32646,GSM809207,0,unavailable,5.9,1.0,1.0,1.0,2,1,1.0,2.857482671737671
GSE32646,GSM809208,0,unavailable,5.0,0.0,0.0,0.0,2,1,2.0,2.8361623287200928
GSE32646,GSM809209,0,unavailable,4.3,0.0,0.0,0.0,3,1,3.0,3.447304964065552
GSE32646,GSM809210,0,unavailable,4.9,1.0,1.0,0.0,2,1,2.0,2.595522165298462
GSE32646,GSM809211,0,unavailable,6.5,0.0,0.0,1.0,2,1,3.0,3.4890575408935547
GSE32646,GSM809212,0,unavailable,3.1,1.0,0.0,1.0,2,1,2.0,3.168375492095948
GSE32646,GSM809213,1,unavailable,4.6,1.0,1.0,0.0,2,1,1.0,2.8991527557373047
GSE32646,GSM809214,0,unavailable,4.2,0.0,0.0,0.0,2,1,2.0,2.633335828781128
GSE32646,GSM809215,0,unavailable,3.3,1.0,1.0,0.0,2,0,2.0,3.0664076805114746
GSE32646,GSM809216,0,unavailable,5.6,1.0,1.0,0.0,2,1,2.0,2.782153844833374
GSE32646,GSM809217,0,unavailable,5.6,1.0,0.0,0.0,2,1,2.0,2.7777881622314453
GSE32646,GSM809218,0,unavailable,4.3,1.0,1.0,0.0,2,0,2.0,2.435595750808716
GSE32646,GSM809219,0,unavailable,6.0,1.0,1.0,0.0,2,1,2.0,2.901282548904419
GSE32646,GSM809220,0,unavailable,5.8,0.0,0.0,0.0,2,1,1.0,3.630959987640381
GSE32646,GSM809221,0,unavailable,4.8,0.0,0.0,1.0,2,1,3.0,2.9596831798553467
GSE32646,GSM809222,0,unavailable,7.2,1.0,0.0,0.0,2,0,2.0,3.0207390785217285
GSE32646,GSM809223,0,unavailable,5.2,1.0,0.0,0.0,4,1,3.0,3.102312564849853
GSE32646,GSM809224,0,unavailable,6.3,0.0,0.0,0.0,2,0,2.0,3.1929469108581543
GSE32646,GSM809225,1,unavailable,6.1,0.0,0.0,0.0,2,1,3.0,2.94460391998291
GSE32646,GSM809226,1,unavailable,6.2,0.0,0.0,1.0,2,1,2.0,3.190077781677246
GSE32646,GSM809227,0,unavailable,4.9,0.0,0.0,0.0,2,1,2.0,3.551461696624756
GSE32646,GSM809228,0,unavailable,5.9,1.0,1.0,0.0,2,0,2.0,3.121675968170166
GSE32646,GSM809229,1,unavailable,5.3,1.0,1.0,0.0,2,1,2.0,3.335719347000122
GSE32646,GSM809230,0,unavailable,4.2,0.0,0.0,0.0,2,0,2.0,2.700155735015869
GSE32646,GSM809231,1,unavailable,2.8,0.0,0.0,0.0,2,1,2.0,3.5303332805633545
GSE32646,GSM809232,1,unavailable,6.8,0.0,0.0,0.0,2,1,2.0,2.688146114349365
GSE32646,GSM809233,0,unavailable,4.7,1.0,0.0,0.0,2,1,2.0,2.6257126331329346
GSE32646,GSM809234,0,unavailable,5.7,1.0,0.0,0.0,3,1,2.0,2.574934959411621
GSE32646,GSM809235,0,unavailable,5.7,1.0,1.0,0.0,2,1,3.0,2.5972867012023926
GSE32646,GSM809236,1,unavailable,4.7,0.0,0.0,1.0,2,1,2.0,3.170743465423584
GSE32646,GSM809237,1,unavailable,6.3,0.0,0.0,0.0,2,1,3.0,3.567450761795044
GSE32646,GSM809238,1,unavailable,5.6,0.0,0.0,1.0,2,1,2.0,3.109903335571289
GSE32646,GSM809239,0,unavailable,6.8,0.0,0.0,0.0,2,1,2.0,3.2021613121032715
GSE32646,GSM809240,0,unavailable,4.5,1.0,1.0,0.0,3,0,2.0,2.98384952545166
GSE32646,GSM809241,0,unavailable,2.7,1.0,1.0,0.0,2,0,2.0,2.7670960426330566
GSE32646,GSM809242,0,unavailable,5.8,1.0,0.0,0.0,2,0,2.0,2.579217433929444
GSE32646,GSM809243,0,unavailable,3.7,1.0,0.0,1.0,3,0,2.0,2.676991701126098
GSE32646,GSM809244,0,unavailable,3.9,1.0,0.0,0.0,3,1,1.0,2.453801393508911
GSE32646,GSM809245,0,unavailable,4.4,0.0,0.0,1.0,2,1,2.0,3.161352634429932
GSE32646,GSM809246,1,unavailable,5.0,0.0,0.0,1.0,2,0,2.0,3.671241760253906
GSE32646,GSM809247,0,unavailable,5.4,0.0,0.0,0.0,4,1,3.0,3.5920002460479736
GSE32646,GSM809248,1,unavailable,3.6,0.0,0.0,0.0,2,1,2.0,2.6934714317321777
GSE32646,GSM809249,0,unavailable,5.4,1.0,1.0,1.0,3,1,2.0,2.7683892250061035
GSE32646,GSM809250,0,unavailable,3.6,1.0,1.0,0.0,3,0,2.0,2.776162385940552
GSE32646,GSM809251,0,unavailable,6.1,0.0,0.0,0.0,2,1,2.0,2.600618362426758
GSE32646,GSM809252,0,unavailable,4.3,1.0,1.0,1.0,2,0,3.0,3.169807910919189
GSE32646,GSM809253,1,unavailable,5.4,1.0,1.0,0.0,2,0,1.0,3.059355974197388
GSE32646,GSM809254,0,unavailable,4.7,1.0,1.0,0.0,2,1,2.0,2.584510087966919
GSE32646,GSM809255,0,unavailable,6.2,0.0,0.0,0.0,2,1,3.0,2.693665266036988
GSE32646,GSM809256,1,unavailable,5.0,0.0,0.0,1.0,2,1,3.0,3.2231178283691406
GSE32646,GSM809257,0,unavailable,4.8,1.0,1.0,0.0,2,1,1.0,2.967954158782959
GSE32646,GSM809258,0,unavailable,5.9,1.0,1.0,1.0,2,0,2.0,2.6036741733551025
GSE32646,GSM809259,0,unavailable,4.8,1.0,1.0,0.0,2,0,1.0,3.080826997756958
GSE32646,GSM809260,0,unavailable,4.8,1.0,1.0,0.0,2,0,1.0,2.5817906856536865
GSE32646,GSM809261,0,unavailable,7.0,1.0,0.0,0.0,2,1,2.0,2.935432910919189
GSE32646,GSM809262,0,unavailable,4.8,1.0,1.0,0.0,1,1,2.0,2.774078369140625
GSE32646,GSM809263,0,unavailable,4.9,1.0,1.0,0.0,1,1,2.0,2.6563098430633545
GSE32646,GSM809264,0,unavailable,5.7,0.0,0.0,1.0,2,1,2.0,3.0132551193237305
GSE32646,GSM809265,0,unavailable,5.4,1.0,0.0,0.0,2,1,2.0,2.427409648895264
GSE32646,GSM809266,1,unavailable,7.0,0.0,0.0,0.0,2,1,2.0,2.754632472991944
GSE32646,GSM809267,0,unavailable,5.1,0.0,0.0,1.0,2,1,3.0,3.687644243240357
GSE32646,GSM809268,0,unavailable,6.3,1.0,1.0,0.0,2,1,1.0,2.6071126461029053
GSE32646,GSM809269,0,unavailable,4.2,1.0,1.0,0.0,2,1,2.0,3.3682098388671875
GSE32646,GSM809270,0,unavailable,6.6,1.0,0.0,1.0,2,1,1.0,2.8545889854431152
GSE32646,GSM809271,1,unavailable,6.1,1.0,0.0,1.0,2,1,2.0,3.0062975883483887
GSE32646,GSM809272,1,unavailable,4.9,0.0,0.0,1.0,3,1,2.0,3.6161465644836426
GSE32646,GSM809273,0,unavailable,6.3,0.0,0.0,0.0,3,1,3.0,2.79439115524292
GSE32646,GSM809274,1,unavailable,5.3,0.0,0.0,0.0,1,1,3.0,3.1376121044158936
GSE32646,GSM809275,0,unavailable,7.3,1.0,1.0,0.0,2,1,2.0,2.384265661239624
GSE32646,GSM809276,0,unavailable,5.5,0.0,0.0,1.0,4,1,2.0,3.265986680984497
GSE32646,GSM809277,0,unavailable,3.6,0.0,0.0,0.0,2,0,3.0,3.04828143119812
GSE32646,GSM809278,0,unavailable,6.3,0.0,0.0,0.0,2,1,2.0,3.3735244274139404
GSE32646,GSM809279,0,unavailable,4.8,1.0,1.0,0.0,3,0,2.0,2.8794825077056885
GSE32646,GSM809280,1,unavailable,6.0,0.0,0.0,0.0,2,1,3.0,3.072348117828369
GSE32646,GSM809281,0,unavailable,6.0,0.0,0.0,1.0,2,0,3.0,2.633270740509033
GSE32646,GSM809282,0,unavailable,3.9,0.0,0.0,1.0,2,1,2.0,3.240604877471924
GSE32646,GSM809283,0,unavailable,5.6,1.0,1.0,0.0,2,1,2.0,2.631075382232666
GSE32646,GSM809284,0,unavailable,4.0,1.0,1.0,0.0,2,1,2.0,2.935655117034912
GSE32646,GSM809285,0,unavailable,6.8,1.0,0.0,0.0,2,1,2.0,2.7287700176239014
GSE32646,GSM809286,0,unavailable,4.9,1.0,1.0,0.0,2,0,1.0,2.8501784801483154
GSE32646,GSM809287,0,unavailable,5.5,1.0,0.0,0.0,2,0,2.0,2.9132981300354004
GSE32646,GSM809288,0,unavailable,4.5,1.0,1.0,0.0,2,1,2.0,2.5574967861175537
GSE32646,GSM809289,1,unavailable,4.8,1.0,1.0,1.0,2,0,3.0,3.29358983039856
GSE32646,GSM809290,0,unavailable,4.4,1.0,1.0,1.0,1,1,1.0,2.654457330703736
GSE32646,GSM809291,0,unavailable,3.7,1.0,0.0,1.0,2,0,2.0,2.641726016998291
GSE32646,GSM809292,0,unavailable,4.7,1.0,1.0,0.0,2,0,2.0,2.71063232421875
GSE32646,GSM809293,0,unavailable,5.6,1.0,1.0,0.0,2,1,1.0,2.5271925926208496
GSE32646,GSM809294,1,unavailable,6.1,0.0,0.0,1.0,2,1,2.0,3.756087064743042
GSE32646,GSM809295,1,unavailable,6.8,0.0,0.0,0.0,2,1,3.0,2.987173557281494
GSE32646,GSM809296,0,unavailable,4.2,1.0,1.0,0.0,2,1,1.0,2.589372396469116
GSE32646,GSM809297,0,unavailable,6.8,1.0,0.0,0.0,2,0,2.0,3.005465745925904
GSE32646,GSM809298,1,unavailable,6.1,1.0,0.0,0.0,1,1,2.0,2.907364845275879
