cohort,repeat,model,auc,ap,brier,logloss
GSE25055,0,expanded,0.745298833819242,0.3338087642348636,0.13681912446180514,0.433635254019625
GSE25055,0,expanded_score,0.7702623906705539,0.4096258937525076,0.1303638611750862,0.4172191624274296
GSE25055,0,expanded_pam50,0.7443877551020408,0.3330996706933966,0.13645098029464556,0.4368248135878329
GSE25055,0,expanded_pam50_score,0.7649416909620991,0.40381008725674417,0.13149045406327467,0.4260549616004925
GSE25055,1,expanded,0.7373906705539358,0.3284419670980753,0.1394468034727937,0.4356538564188028
GSE25055,1,expanded_score,0.7650874635568513,0.42283053451748176,0.13173033166339235,0.41389300805806245
GSE25055,1,expanded_pam50,0.7338192419825073,0.33380341654588425,0.1396091092449252,0.437667747611231
GSE25055,1,expanded_pam50_score,0.7580174927113703,0.4186053797824065,0.13347798059765606,0.420395351847219
GSE25055,2,expanded,0.7456997084548105,0.3654801508525858,0.13382828780365996,0.4252857655215632
GSE25055,2,expanded_score,0.7728862973760933,0.43987484733174304,0.12910661176088573,0.4119042812048148
GSE25055,2,expanded_pam50,0.743731778425656,0.35693910820106245,0.13483059801374336,0.4270682166011188
GSE25055,2,expanded_pam50_score,0.7670553935860058,0.4333538730524135,0.13048513579407073,0.4162767890701634
GSE25055,3,expanded,0.7393221574344023,0.3353817577869309,0.13771201092038693,0.4358824734261339
GSE25055,3,expanded_score,0.7607142857142857,0.4104840486568711,0.13139859656326766,0.41797391004326157
GSE25055,3,expanded_pam50,0.7282798833819242,0.3229594154056858,0.1394034588079112,0.4435558319126932
GSE25055,3,expanded_pam50_score,0.7446793002915452,0.38329100838780455,0.13537681232970228,0.4326785649578577
GSE25055,4,expanded,0.753097667638484,0.3565543122389877,0.13377606309223775,0.4202181706049944
GSE25055,4,expanded_score,0.7777696793002915,0.440704535658213,0.12834859896458362,0.40751398061364175
GSE25055,4,expanded_pam50,0.7477769679300291,0.36042181626444625,0.13443170771502644,0.4254763994756941
GSE25055,4,expanded_pam50_score,0.7677113702623907,0.4269525157572667,0.1300099854584159,0.41564440256468027
GSE25055,5,expanded,0.75932944606414,0.36582655174096257,0.13367954979608787,0.4199815859320521
GSE25055,5,expanded_score,0.7819970845481049,0.4570891232929469,0.12764464186631616,0.4027450512360018
GSE25055,5,expanded_pam50,0.7588921282798834,0.36612194959268696,0.13358384604703133,0.42020039225785333
GSE25055,5,expanded_pam50_score,0.7771865889212828,0.4498860869777924,0.1289573629195183,0.40755717625607735
GSE25055,6,expanded,0.7365889212827988,0.3329959010714857,0.13827409455987655,0.4372469913992997
GSE25055,6,expanded_score,0.7636297376093294,0.41414240644879613,0.13111172659881992,0.4197825707495912
GSE25055,6,expanded_pam50,0.739868804664723,0.33557144411675377,0.13748630610609577,0.4355054121651618
GSE25055,6,expanded_pam50_score,0.7635568513119534,0.41149921925002214,0.1312226848317644,0.4214905464274429
GSE25055,7,expanded,0.7524416909620991,0.35380869653275643,0.13446352129274486,0.42550355296418013
GSE25055,7,expanded_score,0.7770408163265307,0.44081899736550395,0.12733289637453638,0.40719053286765516
GSE25055,7,expanded_pam50,0.7515306122448979,0.35433976970174574,0.13437334517179833,0.4272135264856503
GSE25055,7,expanded_pam50_score,0.7731778425655976,0.4400635836665528,0.1279271666829428,0.41154877627414393
GSE25055,8,expanded,0.7514212827988338,0.3509945557332284,0.1349354972142668,0.42378933689072223
GSE25055,8,expanded_score,0.7747084548104957,0.4534990576990586,0.1283540947457783,0.4061382457708692
GSE25055,8,expanded_pam50,0.7510932944606414,0.3459441886813638,0.13482849457323962,0.42465358539246956
GSE25055,8,expanded_pam50_score,0.7685860058309038,0.4438712952368982,0.12938067424139724,0.4111073039888231
GSE25055,9,expanded,0.7442419825072887,0.3371419844076982,0.1374236886410986,0.4292328122641582
GSE25055,9,expanded_score,0.7731049562682216,0.42294587586172483,0.13029767726282385,0.40959639699174094
GSE25055,9,expanded_pam50,0.7411078717201166,0.331068924599555,0.1384823526206586,0.43218810569999105
GSE25055,9,expanded_pam50_score,0.7649416909620991,0.4122389501405146,0.13292021583116045,0.4169484308273188
GSE32646,0,expanded,0.7466329966329966,0.4487601179058644,0.15459300424793915,0.4758566725734568
GSE32646,0,expanded_score,0.7954545454545454,0.509621089873763,0.14754937197317994,0.4524264536990656
GSE32646,1,expanded,0.6553030303030303,0.37268525328802843,0.1781696183889913,0.5496437766040765
GSE32646,1,expanded_score,0.7188552188552189,0.44457070143916194,0.16725638645934648,0.5156532629922221
GSE32646,2,expanded,0.7030723905723906,0.42389241427745294,0.1677079255333064,0.5110611831088767
GSE32646,2,expanded_score,0.7693602693602694,0.4701057286864224,0.15712847910192795,0.48271793848786737
GSE32646,3,expanded,0.6877104377104377,0.3958904731828632,0.17535944391854244,0.5436469444190203
GSE32646,3,expanded_score,0.7276936026936027,0.4429495106006766,0.17176262058838207,0.524638569018239
GSE32646,4,expanded,0.6929713804713805,0.4132245642432486,0.1662415450649364,0.5375010385038971
GSE32646,4,expanded_score,0.7491582491582491,0.4700881918578998,0.1616530060767075,0.5040511848713007
GSE32646,5,expanded,0.7148569023569024,0.429986319311508,0.1619787344645304,0.5006062299845101
GSE32646,5,expanded_score,0.7714646464646465,0.48676960259942204,0.15581284690608513,0.4760455325030244
GSE32646,6,expanded,0.6929713804713805,0.39377518060382416,0.1675922208318676,0.5176866830658776
GSE32646,6,expanded_score,0.7651515151515151,0.4995233815723013,0.15521181436096637,0.4720517707802042
GSE32646,7,expanded,0.6830808080808081,0.39655966404605575,0.1659323327548508,0.5303740631573978
GSE32646,7,expanded_score,0.7314814814814815,0.4906837057900659,0.15939175064163252,0.499417795496275
GSE32646,8,expanded,0.7331649831649831,0.4367034631430879,0.15648965493654665,0.48330455715641174
GSE32646,8,expanded_score,0.7723063973063973,0.48702183647233344,0.15494496657485482,0.46864340379432634
GSE32646,9,expanded,0.7241161616161617,0.4201500681232083,0.1619820548826424,0.49916079060133656
GSE32646,9,expanded_score,0.7596801346801347,0.46656189632426986,0.16032023361620354,0.4877669964259269
