cohort,repeat,model,auc,ap,brier,logloss,predicted_mean,prevalence
GSE25055,0,intercept,0.49285714285714277,0.18391472868217054,0.1514497243602637,0.4804940920040822,0.1860352536266847,0.18604651162790697
GSE25055,0,clinical,0.7317055393586006,0.3367710642371024,0.13256764448842825,0.4182860839810254,0.1857411463693161,0.18604651162790697
GSE25055,0,score,0.7465014577259476,0.474714562429846,0.12886875953101737,0.41488658072833723,0.1854922562796702,0.18604651162790697
GSE25055,0,combined,0.7854227405247813,0.4680386225410488,0.12493646984780037,0.39639575131114335,0.18528679469031342,0.18604651162790697
GSE25055,1,intercept,0.49285714285714277,0.18391472868217054,0.1514497243602637,0.4804940920040822,0.1860352536266847,0.18604651162790697
GSE25055,1,clinical,0.7332361516034986,0.33117782877729807,0.1333422438986524,0.41784176693985947,0.18508137648067322,0.18604651162790697
GSE25055,1,score,0.7534256559766764,0.4705284662304612,0.12794271613458585,0.41087198593989055,0.18626297960063287,0.18604651162790697
GSE25055,1,combined,0.7933673469387755,0.4703078654474484,0.12430094866196192,0.3914230640810273,0.1849417779528169,0.18604651162790697
GSE25055,2,intercept,0.49285714285714277,0.18391472868217054,0.1514497243602637,0.4804940920040822,0.1860352536266847,0.18604651162790697
GSE25055,2,clinical,0.729701166180758,0.3427052353122715,0.1319676706507882,0.4167838586114511,0.18380882561625891,0.18604651162790697
GSE25055,2,score,0.7484693877551021,0.4602885472805419,0.12909120269409988,0.4142475601292343,0.1866972936783412,0.18604651162790697
GSE25055,2,combined,0.7904518950437317,0.4863115512068284,0.12405205555459214,0.3929091152317921,0.18446988023443495,0.18604651162790697
GSE25055,3,intercept,0.49285714285714277,0.18391472868217054,0.15144972436026366,0.4804940920040822,0.1860352536266847,0.18604651162790697
GSE25055,3,clinical,0.7163265306122448,0.3220853700740106,0.1339130427059149,0.4230080668127094,0.1872601807242841,0.18604651162790697
GSE25055,3,score,0.742274052478134,0.45282613600085375,0.12981614064828675,0.4177831954803015,0.18387110788282485,0.18604651162790697
GSE25055,3,combined,0.7809037900874637,0.4532958735419959,0.1259698996026529,0.4000879159993975,0.18470228770552252,0.18604651162790697
GSE25055,4,intercept,0.49285714285714277,0.18391472868217054,0.1514497243602637,0.48049409200408233,0.1860352536266847,0.18604651162790697
GSE25055,4,clinical,0.734365889212828,0.33532048368636314,0.13222604588577322,0.41652855936424305,0.185694357356956,0.18604651162790697
GSE25055,4,score,0.7509475218658892,0.47002855866070664,0.12881842607106989,0.41343093191140756,0.18645313294049579,0.18604651162790697
GSE25055,4,combined,0.7837463556851313,0.4646642783558863,0.12595725823452797,0.3991166142863862,0.18601170456180852,0.18604651162790697
GSE25055,5,intercept,0.49285714285714277,0.18391472868217054,0.15144972436026366,0.4804940920040822,0.1860352536266847,0.18604651162790697
GSE25055,5,clinical,0.7443877551020407,0.33378803067806695,0.132322670451244,0.4138371751170218,0.1859073857245533,0.18604651162790697
GSE25055,5,score,0.7533527696793003,0.4701979169596989,0.12807370723297615,0.4113081809339472,0.18547498419787553,0.18604651162790697
GSE25055,5,combined,0.7950437317784257,0.4553624378027437,0.12426382794110259,0.39017933918005104,0.18597993719234115,0.18604651162790697
GSE25055,6,intercept,0.49285714285714277,0.18391472868217054,0.15144972436026366,0.48049409200408233,0.1860352536266847,0.18604651162790697
GSE25055,6,clinical,0.7211734693877551,0.33181890307451495,0.1332124883603736,0.4208774590360478,0.18643286230148992,0.18604651162790697
GSE25055,6,score,0.7556851311953351,0.47735725531730394,0.12826779283193268,0.4110779705455419,0.1877959197969176,0.18604651162790697
GSE25055,6,combined,0.7852769679300292,0.4511502170706013,0.12562073337254678,0.396374493845212,0.18603857897956336,0.18604651162790697
GSE25055,7,intercept,0.49285714285714277,0.18391472868217054,0.1514497243602637,0.48049409200408233,0.1860352536266847,0.18604651162790697
GSE25055,7,clinical,0.74216472303207,0.3398464337258045,0.13215542816963846,0.41535604154748257,0.18458352690706817,0.18604651162790697
GSE25055,7,score,0.7532069970845481,0.4687909225582147,0.12812949458217993,0.4111781459387012,0.18599100394074838,0.18604651162790697
GSE25055,7,combined,0.7905247813411079,0.45959488685958433,0.12421178526447324,0.39207625439136823,0.18449495188424253,0.18604651162790697
GSE25055,8,intercept,0.49285714285714277,0.18391472868217054,0.15144972436026366,0.48049409200408233,0.1860352536266847,0.18604651162790697
GSE25055,8,clinical,0.7352769679300291,0.33871151343465034,0.13251066944656845,0.41679900231655026,0.18719775885078174,0.18604651162790697
GSE25055,8,score,0.7557580174927113,0.4692055947241364,0.12769048759395973,0.4093394508640373,0.186561754418068,0.18604651162790697
GSE25055,8,combined,0.7911078717201165,0.4908637380278645,0.12412135230620029,0.3915982358368808,0.18711173758705316,0.18604651162790697
GSE25055,9,intercept,0.49285714285714277,0.18391472868217054,0.15144972436026366,0.48049409200408233,0.1860352536266847,0.18604651162790697
GSE25055,9,clinical,0.738301749271137,0.3400618390623388,0.13323644715211733,0.41748416086292217,0.18568906444017705,0.18604651162790697
GSE25055,9,score,0.750072886297376,0.46210946006545783,0.12912063406798371,0.41387043764237885,0.18697405757115498,0.18604651162790697
GSE25055,9,combined,0.7872448979591837,0.4585683993029263,0.1253444830469887,0.3939036632642901,0.1860699135213852,0.18604651162790697
GSE32646,0,intercept,0.47095959595959597,0.2251207729468599,0.17991493383742904,0.5457036645001192,0.2347826086956522,0.23478260869565218
GSE32646,0,clinical,0.662037037037037,0.37945023010904766,0.16584199834699156,0.5081256810825862,0.23719012113479754,0.23478260869565218
GSE32646,0,score,0.7457912457912458,0.47830567497834314,0.15589586774972164,0.47621822837641936,0.2350107612289393,0.23478260869565218
GSE32646,0,combined,0.7512626262626263,0.49475861376657543,0.15887433216304017,0.482035238545379,0.23453508944317122,0.23478260869565218
GSE32646,1,intercept,0.47095959595959597,0.2251207729468599,0.1799149338374291,0.5457036645001192,0.2347826086956522,0.23478260869565218
GSE32646,1,clinical,0.6462542087542088,0.3406328606707918,0.17385037337766346,0.5269342881994163,0.24507801617258257,0.23478260869565218
GSE32646,1,score,0.7352693602693602,0.43225397695059653,0.15985681947728383,0.48669606640197943,0.23253568760703086,0.23478260869565218
GSE32646,1,combined,0.7083333333333333,0.3967240913604677,0.1693987683725981,0.5115020558677772,0.24401603644213934,0.23478260869565218
GSE32646,2,intercept,0.47095959595959597,0.2251207729468599,0.1799149338374291,0.5457036645001191,0.2347826086956522,0.23478260869565218
GSE32646,2,clinical,0.6761363636363635,0.39483389099988614,0.166994287234483,0.5086440212396244,0.23995961419664794,0.23478260869565218
GSE32646,2,score,0.75,0.4687821008787237,0.15774222561600398,0.4792367722694215,0.23929133523825008,0.23478260869565218
GSE32646,2,combined,0.7457912457912459,0.4606964497673748,0.16032321716793776,0.4848730544620692,0.24304364753005805,0.23478260869565218
GSE32646,3,intercept,0.47095959595959597,0.2251207729468599,0.17991493383742907,0.5457036645001192,0.2347826086956522,0.23478260869565218
GSE32646,3,clinical,0.6936026936026936,0.4427223805454343,0.15929929365964834,0.49158455718192484,0.2396938571583072,0.23478260869565218
GSE32646,3,score,0.7512626262626263,0.4490925328145766,0.15573330640847194,0.47458838867441094,0.23415014686130375,0.23478260869565218
GSE32646,3,combined,0.7651515151515151,0.4712586850120079,0.1569612811440491,0.4739599362619572,0.23640374340270612,0.23478260869565218
GSE32646,4,intercept,0.47095959595959597,0.2251207729468599,0.17991493383742907,0.5457036645001192,0.23478260869565223,0.23478260869565218
GSE32646,4,clinical,0.6923400673400673,0.42434850204555047,0.15928903653621346,0.49615463944542443,0.2336629074460059,0.23478260869565218
GSE32646,4,score,0.7525252525252525,0.4951734681645844,0.1548385727383586,0.4738999271652718,0.23470319491072458,0.23478260869565218
GSE32646,4,combined,0.7697811447811448,0.5266715401405606,0.15081007953097453,0.46349946078984045,0.23550546974449305,0.23478260869565218
GSE32646,5,intercept,0.47095959595959597,0.2251207729468599,0.17991493383742907,0.5457036645001192,0.2347826086956522,0.23478260869565218
GSE32646,5,clinical,0.7123316498316498,0.44948613284617833,0.1583777386287358,0.4866218132146371,0.2373015926325365,0.23478260869565218
GSE32646,5,score,0.7424242424242423,0.4634971627178071,0.15750870421939622,0.4801786863603262,0.23288912051168892,0.23478260869565218
GSE32646,5,combined,0.7765151515151515,0.46545369141506093,0.153837161336082,0.4637106600729901,0.23433629164000333,0.23478260869565218
GSE32646,6,intercept,0.47095959595959597,0.2251207729468599,0.1799149338374291,0.5457036645001191,0.23478260869565218,0.23478260869565218
GSE32646,6,clinical,0.7089646464646465,0.3895158954209066,0.16117453076736837,0.49270086035101535,0.23517369590225723,0.23478260869565218
GSE32646,6,score,0.7542087542087542,0.4721639694699272,0.15590412829979985,0.4745136006664165,0.23675952513435178,0.23478260869565218
GSE32646,6,combined,0.7815656565656566,0.48641139900176966,0.15411118168270624,0.4648633328810488,0.23504031512902632,0.23478260869565218
GSE32646,7,intercept,0.47095959595959597,0.2251207729468599,0.1799149338374291,0.5457036645001192,0.23478260869565218,0.23478260869565218
GSE32646,7,clinical,0.7045454545454545,0.4617318972544882,0.15722469994282107,0.48669040693645094,0.2321857046646782,0.23478260869565218
GSE32646,7,score,0.7335858585858586,0.4802991932052788,0.15856868100083535,0.48445573605237274,0.23582964589559724,0.23478260869565218
GSE32646,7,combined,0.7693602693602694,0.49438402022132505,0.15658051099060857,0.47240614858515345,0.23198893300130297,0.23478260869565218
GSE32646,8,intercept,0.47095959595959597,0.2251207729468599,0.17991493383742907,0.5457036645001192,0.2347826086956522,0.23478260869565218
GSE32646,8,clinical,0.7142255892255891,0.43145234593822634,0.15796552085608515,0.4880536228238745,0.23522274230818174,0.23478260869565218
GSE32646,8,score,0.7386363636363636,0.4632270050128674,0.1573807218757143,0.48069263607374263,0.2330980283739029,0.23478260869565218
GSE32646,8,combined,0.7613636363636364,0.45686949697226437,0.15832427241527597,0.4773759608011132,0.22715758621529158,0.23478260869565218
GSE32646,9,intercept,0.47095959595959597,0.2251207729468599,0.1799149338374291,0.5457036645001192,0.2347826086956522,0.23478260869565218
GSE32646,9,clinical,0.6759259259259259,0.3729982367207525,0.16522183008993033,0.5047461981440708,0.24059579246295465,0.23478260869565218
GSE32646,9,score,0.7436868686868686,0.4543366630703895,0.1580142973229213,0.4807500958009781,0.23690576209100114,0.23478260869565218
GSE32646,9,combined,0.7403198653198654,0.4354950380175018,0.1642867228522422,0.49404303938764943,0.24167563384568855,0.23478260869565218
