cohort,model,metric,mean,minimum,maximum
GSE25055,clinical,auc,0.7326639941690962,0.7163265306122448,0.7443877551020407
GSE25055,clinical,ap,0.3352286702062421,0.3220853700740106,0.3427052353122715
GSE25055,clinical,brier,0.13274543512094988,0.1319676706507882,0.1339130427059149
GSE25055,clinical,logloss,0.4176802174589313,0.4138371751170218,0.4230080668127094
GSE25055,combined,auc,0.7883090379008747,0.7809037900874637,0.7950437317784257
GSE25055,combined,ap,0.4658157870156928,0.4511502170706013,0.4908637380278645
GSE25055,combined,brier,0.1248778813832847,0.12405205555459214,0.1259698996026529
GSE25055,combined,logloss,0.3944064447427548,0.39017933918005104,0.4000879159993975
GSE25055,intercept,auc,0.49285714285714277,0.49285714285714277,0.49285714285714277
GSE25055,intercept,ap,0.18391472868217054,0.18391472868217054,0.18391472868217054
GSE25055,intercept,brier,0.15144972436026366,0.15144972436026366,0.1514497243602637
GSE25055,intercept,logloss,0.4804940920040822,0.4804940920040822,0.48049409200408233
GSE25055,score,auc,0.750969387755102,0.742274052478134,0.7557580174927113
GSE25055,score,ap,0.46760474202272206,0.45282613600085375,0.47735725531730394
GSE25055,score,brier,0.1285819361388092,0.12769048759395973,0.12981614064828675
GSE25055,score,logloss,0.41279944401137775,0.4093394508640373,0.4177831954803015
GSE32646,clinical,auc,0.6886363636363636,0.6462542087542088,0.7142255892255891
GSE32646,clinical,ap,0.40871723725512626,0.3406328606707918,0.4617318972544882
GSE32646,clinical,brier,0.16252393094399403,0.15722469994282107,0.17385037337766346
GSE32646,clinical,logloss,0.49902560886190245,0.4866218132146371,0.5269342881994163
GSE32646,combined,auc,0.7569444444444444,0.7083333333333333,0.7815656565656566
GSE32646,combined,ap,0.4688723025674908,0.3967240913604677,0.5266715401405606
GSE32646,combined,brier,0.1583507527655515,0.15081007953097453,0.1693987683725981
GSE32646,combined,logloss,0.4788268887654977,0.46349946078984045,0.5115020558677772
GSE32646,intercept,auc,0.4709595959595959,0.47095959595959597,0.47095959595959597
GSE32646,intercept,ap,0.2251207729468599,0.2251207729468599,0.2251207729468599
GSE32646,intercept,brier,0.17991493383742907,0.17991493383742904,0.1799149338374291
GSE32646,intercept,logloss,0.5457036645001192,0.5457036645001191,0.5457036645001192
GSE32646,score,auc,0.7447390572390572,0.7335858585858586,0.7542087542087542
GSE32646,score,ap,0.46571317472630946,0.43225397695059653,0.4951734681645844
GSE32646,score,brier,0.15714433247085072,0.1548385727383586,0.15985681947728383
GSE32646,score,logloss,0.47912301378413397,0.4738999271652718,0.48669606640197943
