GSM,source,y,z,score
GSM615098,ISPY,0,1,2.4458529949188232
GSM615099,ISPY,1,1,2.587481737136841
GSM615101,ISPY,0,1,2.4780044555664062
GSM615102,ISPY,0,1,2.43146014213562
GSM615104,ISPY,0,1,2.293200969696045
GSM615106,ISPY,0,1,2.1587953567504883
GSM615107,ISPY,0,1,2.410231351852417
GSM615109,ISPY,0,1,2.5588574409484863
GSM615110,ISPY,1,1,2.069526195526123
GSM615111,ISPY,0,1,2.2234790325164795
GSM615112,ISPY,0,1,2.485264778137207
GSM615113,ISPY,0,1,2.436967372894287
GSM615115,ISPY,0,1,2.2916979789733887
GSM615117,ISPY,0,1,2.508765697479248
GSM615136,ISPY,0,1,2.4676835536956787
GSM615137,ISPY,1,1,2.2411112785339355
GSM615139,ISPY,1,1,2.6939425468444824
GSM615140,ISPY,1,1,2.344376564025879
GSM615141,ISPY,0,1,2.1303155422210693
GSM615145,ISPY,0,1,2.750263929367065
GSM615146,ISPY,1,1,2.355018138885498
GSM615148,ISPY,0,1,2.375650882720948
GSM615149,ISPY,0,1,2.2658047676086426
GSM615151,ISPY,0,1,2.405055284500122
GSM615152,ISPY,0,1,2.6035149097442627
GSM615154,ISPY,1,1,2.2631993293762207
GSM615156,ISPY,0,1,2.2452995777130127
GSM615159,ISPY,0,1,2.068195581436157
GSM615160,ISPY,0,1,2.3297722339630127
GSM615164,ISPY,1,1,2.6107468605041504
GSM615169,ISPY,0,1,2.392995357513428
GSM615171,ISPY,1,1,2.234966278076172
GSM615175,ISPY,1,1,2.472444534301758
GSM615178,ISPY,0,1,2.318424940109253
GSM615181,MDACC,1,1,2.389692783355713
GSM615184,MDACC,0,1,2.629817485809326
GSM615185,MDACC,0,1,2.2690608501434326
GSM615189,MDACC,0,1,2.3342413902282715
GSM615190,MDACC,0,1,2.407155752182007
GSM615191,MDACC,1,1,2.6770031452178955
GSM615193,MDACC,1,1,2.358582019805908
GSM615194,MDACC,1,1,2.595531940460205
GSM615195,MDACC,0,1,2.6094307899475098
GSM615209,MDACC,1,1,2.5630807876586914
GSM615211,MDACC,1,1,2.6122541427612305
GSM615212,MDACC,1,1,2.090920209884644
GSM615213,MDACC,1,1,2.433899402618408
GSM615215,MDACC,1,1,2.2969746589660645
GSM615218,MDACC,0,1,2.300945281982422
GSM615223,MDACC,0,1,2.0983471870422363
GSM615225,MDACC,0,1,2.328739643096924
GSM615240,MDACC,1,1,1.99796998500824
GSM615242,MDACC,1,1,2.4532413482666016
GSM615244,MDACC,0,1,2.065351247787476
GSM615248,MDACC,0,1,2.577476024627685
GSM615250,MDACC,0,1,2.537177801132202
GSM615251,MDACC,0,1,2.440181016921997
GSM615255,MDACC,0,1,2.2792136669158936
GSM615260,MDACC,0,1,2.557324886322021
GSM615264,MDACC,1,1,2.14815354347229
GSM615270,MDACC,1,1,2.561652421951294
GSM615271,MDACC,0,1,2.4642562866210938
GSM615272,MDACC,0,1,2.076063632965088
GSM615274,MDACC,0,1,2.5345733165740967
GSM615275,MDACC,0,1,2.5342814922332764
GSM615276,MDACC,0,1,2.2679150104522705
GSM615284,MDACC,1,1,2.452590227127075
GSM615288,MDACC,0,1,2.46757173538208
GSM615290,MDACC,0,1,2.564662218093872
GSM615291,MDACC,1,1,2.357442617416382
GSM615293,MDACC,1,1,2.7023518085479736
GSM615300,MDACC,1,1,2.2453761100769043
GSM615301,MDACC,0,1,2.364293336868286
GSM615303,MDACC,0,1,2.380110740661621
GSM615307,MDACC,1,1,2.753462314605713
GSM615310,MDACC,1,1,2.6990253925323486
GSM615315,MDACC,0,1,2.531862735748291
GSM615317,MDACC,0,1,2.445385932922364
GSM615319,MDACC,0,1,2.22326397895813
GSM615320,MDACC,0,1,2.585261106491089
GSM615321,MDACC,0,1,2.396327257156372
GSM615322,MDACC,0,1,2.531999111175537
GSM615324,MDACC,1,1,2.7159910202026367
GSM615325,MDACC,1,1,2.564296245574951
GSM615326,MDACC,0,1,2.649121046066284
GSM615327,MDACC,0,1,2.416240692138672
GSM615333,MDACC,0,1,2.290539026260376
GSM615334,MDACC,1,1,2.7090978622436523
GSM615335,MDACC,0,1,2.387835502624512
GSM615336,MDACC,1,1,2.556159496307373
GSM615338,MDACC,1,1,2.3546948432922363
GSM615342,MDACC,0,1,2.118086576461792
GSM615344,MDACC,0,1,2.086212635040283
GSM615346,MDACC,0,1,2.473863363265991
GSM615347,MDACC,0,1,2.4475319385528564
GSM615348,MDACC,0,1,2.396979570388794
GSM615354,MDACC,1,1,2.379669189453125
GSM615357,MDACC,1,1,2.548011302947998
GSM615359,MDACC,1,1,2.6099941730499268
GSM615363,MDACC,0,1,2.1642773151397705
GSM615364,MDACC,0,1,2.4746108055114746
GSM615368,MDACC,0,1,2.6186912059783936
GSM615369,MDACC,0,1,2.172280550003052
GSM615371,MDACC,1,1,2.3835275173187256
GSM615372,MDACC,0,1,2.3866076469421387
GSM615375,MDACC,1,1,2.858341932296753
GSM615376,MDACC,0,1,2.137192487716675
GSM615378,MDACC,0,1,2.3375461101531982
GSM615379,MDACC,1,1,2.2233240604400635
GSM615380,MDACC,0,1,2.612637996673584
GSM615382,MDACC,0,1,2.0852267742156982
GSM615384,MDACC,0,1,2.21025013923645
GSM615385,MDACC,0,1,1.9455143213272093
GSM615390,MDACC,0,1,2.490849256515503
GSM615392,MDACC,0,1,2.47526478767395
GSM615393,MDACC,1,1,2.2031190395355225
GSM615394,MDACC,1,1,2.2406413555145264
GSM615396,MDACC,1,1,2.4190115928649902
GSM615397,MDACC,1,1,2.4315953254699707
GSM615403,MDACC,0,1,2.4547481536865234
GSM615405,MDACC,0,1,2.605159282684326
GSM615096,ISPY,0,0,2.0466549396514893
GSM615097,ISPY,0,0,2.0302205085754395
GSM615100,ISPY,0,0,2.3607378005981445
GSM615103,ISPY,0,0,2.034553050994873
GSM615108,ISPY,0,0,2.2926743030548096
GSM615114,ISPY,0,0,2.080981731414795
GSM615116,ISPY,0,0,2.192197322845459
GSM615120,ISPY,0,0,2.00354552268982
GSM615121,ISPY,0,0,2.05276870727539
GSM615122,ISPY,1,0,1.987631559371948
GSM615123,ISPY,1,0,2.601650714874268
GSM615124,ISPY,0,0,2.212499618530273
GSM615125,ISPY,0,0,2.020582675933838
GSM615126,ISPY,0,0,2.2513983249664307
GSM615127,ISPY,0,0,2.216681957244873
GSM615128,ISPY,0,0,2.0705208778381348
GSM615129,ISPY,0,0,2.124582290649414
GSM615130,ISPY,0,0,2.092792272567749
GSM615131,ISPY,0,0,2.1972038745880127
GSM615132,ISPY,0,0,2.105991840362549
GSM615133,ISPY,0,0,2.036596775054932
GSM615134,ISPY,0,0,2.0059311389923096
GSM615135,ISPY,0,0,2.274510145187378
GSM615138,ISPY,0,0,2.1386661529541016
GSM615142,ISPY,0,0,2.14744234085083
GSM615143,ISPY,1,0,2.375098705291748
GSM615144,ISPY,0,0,2.157960891723633
GSM615147,ISPY,0,0,2.159846782684326
GSM615150,ISPY,0,0,1.996714949607849
GSM615153,ISPY,0,0,2.27867078781128
GSM615155,ISPY,0,0,2.4375600814819336
GSM615157,ISPY,0,0,1.9951860904693604
GSM615158,ISPY,0,0,2.1193110942840576
GSM615161,ISPY,0,0,2.038372039794922
GSM615162,ISPY,0,0,1.9791011810302728
GSM615165,ISPY,0,0,2.111743450164795
GSM615166,ISPY,0,0,2.3200840950012207
GSM615167,ISPY,1,0,2.0671539306640625
GSM615168,ISPY,0,0,2.033316135406494
GSM615170,ISPY,0,0,2.047112941741944
GSM615172,ISPY,0,0,2.08850622177124
GSM615173,ISPY,0,0,2.0587003231048584
GSM615174,ISPY,0,0,2.2794768810272217
GSM615176,ISPY,0,0,2.062436103820801
GSM615177,ISPY,0,0,2.21697998046875
GSM615179,MDACC,0,0,2.1999874114990234
GSM615180,MDACC,0,0,2.261027812957764
GSM615182,MDACC,0,0,2.456993579864502
GSM615183,MDACC,0,0,2.008594512939453
GSM615186,MDACC,1,0,2.0690298080444336
GSM615187,MDACC,0,0,2.29874324798584
GSM615188,MDACC,0,0,2.2930448055267334
GSM615192,MDACC,0,0,2.0950067043304443
GSM615196,MDACC,0,0,2.427438497543335
GSM615197,MDACC,0,0,2.525677442550659
GSM615198,MDACC,0,0,2.044623851776123
GSM615199,MDACC,0,0,2.2191765308380127
GSM615200,MDACC,0,0,2.4895122051239014
GSM615201,MDACC,1,0,2.4290122985839844
GSM615202,MDACC,1,0,2.6103861331939697
GSM615203,MDACC,0,0,1.878436088562012
GSM615204,MDACC,0,0,2.0008881092071533
GSM615205,MDACC,0,0,2.1499829292297363
GSM615206,MDACC,0,0,2.043173313140869
GSM615207,MDACC,0,0,1.9979984760284424
GSM615208,MDACC,0,0,2.0697388648986816
GSM615210,MDACC,0,0,1.9371204376220703
GSM615214,MDACC,0,0,1.8743741512298584
GSM615216,MDACC,0,0,2.310612201690674
GSM615217,MDACC,0,0,2.158300876617432
GSM615219,MDACC,0,0,2.2315566539764404
GSM615220,MDACC,0,0,1.7817617654800415
GSM615221,MDACC,0,0,2.195469617843628
GSM615222,MDACC,0,0,1.952279806137085
GSM615224,MDACC,0,0,1.792153000831604
GSM615226,MDACC,0,0,1.9058237075805664
GSM615227,MDACC,0,0,2.29796838760376
GSM615228,MDACC,0,0,2.2028591632843018
GSM615229,MDACC,0,0,1.8636939525604248
GSM615230,MDACC,0,0,1.9376846551895144
GSM615231,MDACC,0,0,1.974954962730408
GSM615232,MDACC,0,0,1.9352452754974363
GSM615233,MDACC,0,0,1.8834075927734373
GSM615234,MDACC,0,0,2.0710277557373047
GSM615235,MDACC,0,0,2.513864040374756
GSM615236,MDACC,0,0,2.230429410934448
GSM615237,MDACC,0,0,2.0021238327026367
GSM615238,MDACC,0,0,1.888821005821228
GSM615239,MDACC,0,0,2.256850004196167
GSM615241,MDACC,0,0,2.200202465057373
GSM615243,MDACC,0,0,1.9852195978164675
GSM615245,MDACC,0,0,2.38435697555542
GSM615246,MDACC,0,0,2.2644429206848145
GSM615247,MDACC,0,0,2.2222628593444824
GSM615249,MDACC,0,0,2.11755633354187
GSM615252,MDACC,0,0,1.9467579126358032
GSM615253,MDACC,0,0,2.1995749473571777
GSM615254,MDACC,0,0,2.06400203704834
GSM615256,MDACC,1,0,2.370183229446411
GSM615257,MDACC,0,0,1.8184133768081665
GSM615258,MDACC,0,0,2.271649122238159
GSM615259,MDACC,0,0,2.0040152072906494
GSM615261,MDACC,0,0,2.279972553253174
GSM615262,MDACC,0,0,1.952671766281128
GSM615263,MDACC,1,0,2.467252254486084
GSM615265,MDACC,0,0,2.1376376152038574
GSM615266,MDACC,0,0,2.325173139572144
GSM615267,MDACC,0,0,2.1552846431732178
GSM615268,MDACC,0,0,2.175428628921509
GSM615269,MDACC,0,0,2.089373588562012
GSM615273,MDACC,0,0,2.3103721141815186
GSM615277,MDACC,0,0,2.1946496963500977
GSM615278,MDACC,0,0,2.194476366043091
GSM615279,MDACC,0,0,2.123018980026245
GSM615280,MDACC,1,0,2.447605609893799
GSM615281,MDACC,0,0,2.19726824760437
GSM615282,MDACC,0,0,2.2278387546539307
GSM615283,MDACC,0,0,2.286423921585083
GSM615285,MDACC,0,0,2.0167832374572754
GSM615286,MDACC,0,0,2.498359680175781
GSM615287,MDACC,0,0,2.2924604415893555
GSM615289,MDACC,0,0,2.482349872589112
GSM615292,MDACC,0,0,2.178886890411377
GSM615294,MDACC,0,0,2.3540139198303223
GSM615295,MDACC,0,0,2.107473134994507
GSM615296,MDACC,0,0,2.2231578826904297
GSM615297,MDACC,0,0,2.577320575714112
GSM615298,MDACC,0,0,2.157230854034424
GSM615299,MDACC,0,0,1.9613723754882808
GSM615302,MDACC,0,0,2.2230029106140137
GSM615304,MDACC,0,0,2.004453659057617
GSM615305,MDACC,0,0,2.1097397804260254
GSM615306,MDACC,0,0,2.069845676422119
GSM615308,MDACC,0,0,2.050932645797729
GSM615309,MDACC,0,0,2.145820379257202
GSM615311,MDACC,0,0,1.956475615501404
GSM615312,MDACC,0,0,2.302443027496338
GSM615313,MDACC,0,0,1.9510533809661863
GSM615314,MDACC,0,0,2.0093977451324463
GSM615316,MDACC,0,0,1.866193771362305
GSM615318,MDACC,0,0,2.022088527679444
GSM615323,MDACC,0,0,2.0147945880889893
GSM615328,MDACC,0,0,2.0366415977478027
GSM615329,MDACC,0,0,1.993634462356568
GSM615330,MDACC,0,0,2.0228018760681152
GSM615331,MDACC,1,0,2.105777740478516
GSM615332,MDACC,0,0,2.3254127502441406
GSM615337,MDACC,0,0,2.142725706100464
GSM615339,MDACC,0,0,1.9443128108978271
GSM615340,MDACC,0,0,2.0889484882354736
GSM615341,MDACC,0,0,2.001732110977173
GSM615343,MDACC,0,0,2.3030807971954346
GSM615345,MDACC,0,0,1.958402395248413
GSM615349,MDACC,0,0,2.096726894378662
GSM615350,MDACC,0,0,2.2376468181610107
GSM615351,MDACC,0,0,2.188294172286988
GSM615352,MDACC,0,0,1.8708890676498413
GSM615353,MDACC,1,0,2.2441844940185547
GSM615355,MDACC,0,0,2.296720027923584
GSM615356,MDACC,0,0,2.1800827980041504
GSM615358,MDACC,0,0,2.058861255645752
GSM615360,MDACC,0,0,2.1189565658569336
GSM615361,MDACC,0,0,2.2857348918914795
GSM615362,MDACC,0,0,2.0278539657592773
GSM615365,MDACC,0,0,2.139272928237915
GSM615366,MDACC,0,0,2.028672218322754
GSM615367,MDACC,0,0,2.1758530139923096
GSM615370,MDACC,0,0,2.231811046600342
GSM615373,MDACC,0,0,2.2641055583953857
GSM615374,MDACC,0,0,1.916680932044983
GSM615377,MDACC,0,0,1.843788385391236
GSM615381,MDACC,0,0,1.8469517230987549
GSM615383,MDACC,1,0,1.9875564575195312
GSM615386,MDACC,0,0,1.8540799617767327
GSM615387,MDACC,0,0,2.193960666656494
GSM615388,MDACC,0,0,2.0689380168914795
GSM615389,MDACC,0,0,2.09389591217041
GSM615391,MDACC,0,0,2.044773578643799
GSM615395,MDACC,0,0,1.9497419595718384
GSM615398,MDACC,0,0,2.298401117324829
GSM615399,MDACC,0,0,2.130234956741333
GSM615400,MDACC,0,0,2.102650880813598
GSM615401,MDACC,0,0,2.3081650733947754
GSM615402,MDACC,0,0,2.153549671173096
GSM615404,MDACC,0,0,2.176485538482666
