candidate_score_position,pathology,proxy,pathology_minus_proxy
-1.511516525519382,0.7493197278911564,0.788123637296396,-0.03880390940523959
-0.511516525519382,0.7493197278911564,0.788123637296396,-0.03880390940523959
-0.508894242486468,0.7493197278911564,0.788123637296396,-0.03880390940523959
-0.506271959453554,0.7493197278911564,0.788123637296396,-0.03880390940523959
-0.5030943102111975,0.7493197278911564,0.788123637296396,-0.03880390940523959
-0.499916660968841,0.7493197278911564,0.788123637296396,-0.03880390940523959
-0.499805091771027,0.7493197278911564,0.788123637296396,-0.03880390940523959
-0.499693522573213,0.7493197278911564,0.788123637296396,-0.03880390940523959
-0.4982253126714725,0.7493197278911564,0.788123637296396,-0.03880390940523959
-0.496757102769732,0.7492346938775509,0.788123637296396,-0.03888894341884508
-0.49466061686831,0.7491496598639454,0.788123637296396,-0.03897397743245057
-0.492564130966888,0.7491496598639455,0.788123637296396,-0.03897397743245046
-0.488078139625575,0.7491496598639454,0.788123637296396,-0.03897397743245057
-0.483592148284262,0.7491496598639455,0.7880595100679748,-0.03890985020402926
-0.4709162590046715,0.7491496598639454,0.7879953828395536,-0.03884572297560818
-0.458240369725081,0.7491496598639455,0.7879953828395536,-0.038845722975608066
-0.4582346607601165,0.7491496598639454,0.7879953828395536,-0.03884572297560818
-0.458228951795152,0.7491496598639455,0.7879312556111324,-0.03878159574718687
-0.453345392336722,0.7491496598639454,0.7878671283827113,-0.038717468518765896
-0.448461832878292,0.7491496598639454,0.7878671283827113,-0.038717468518765896
-0.44664989376486397,0.7491496598639454,0.7878671283827113,-0.038717468518765896
-0.444837954651436,0.7491496598639455,0.7878671283827113,-0.038717468518765785
-0.4408088060145655,0.7491496598639454,0.7878671283827113,-0.038717468518765896
-0.436779657377695,0.7491496598639455,0.7878671283827113,-0.038717468518765785
-0.4356835662462555,0.7491496598639454,0.7878671283827113,-0.038717468518765896
-0.434587475114816,0.7491496598639455,0.7878671283827113,-0.038717468518765785
-0.433448719877784,0.7491496598639454,0.7878671283827113,-0.038717468518765896
-0.432309964640752,0.7491496598639455,0.7878671283827113,-0.038717468518765785
-0.4239837731606245,0.7491496598639454,0.7878671283827113,-0.038717468518765896
-0.415657581680497,0.7491496598639455,0.7878671283827113,-0.038717468518765785
-0.40991780172889103,0.7491496598639454,0.7878671283827113,-0.038717468518765896
-0.404178021777285,0.7491496598639454,0.7878671283827113,-0.038717468518765896
-0.4023328008237505,0.7491496598639454,0.7878671283827113,-0.038717468518765896
-0.400487579870216,0.7491496598639454,0.7878671283827113,-0.038717468518765896
-0.393898403890597,0.7491496598639454,0.7878671283827113,-0.038717468518765896
-0.387309227910978,0.7491496598639455,0.78780300115429,-0.03865334129034448
-0.3862110272744605,0.7491496598639454,0.7877388739258688,-0.038589214061923394
-0.385112826637943,0.7491496598639455,0.7877388739258688,-0.03858921406192328
-0.384806575591697,0.7491496598639454,0.7877388739258688,-0.038589214061923394
-0.384500324545451,0.7491496598639455,0.7877388739258688,-0.03858921406192328
-0.38188714010060854,0.7491496598639454,0.7877388739258688,-0.038589214061923394
-0.379273955655766,0.7491496598639455,0.7877388739258689,-0.038589214061923394
-0.3781725608001185,0.7491496598639454,0.7877388739258688,-0.038589214061923394
-0.377071165944471,0.7491496598639455,0.7877388739258688,-0.03858921406192328
-0.3769532865939115,0.7491496598639454,0.7877388739258688,-0.038589214061923394
-0.376835407243352,0.7491496598639454,0.7877388739258688,-0.038589214061923394
-0.375182491451362,0.7491496598639454,0.7877388739258688,-0.038589214061923394
-0.373529575659372,0.7491496598639455,0.7877388739258688,-0.03858921406192328
-0.3731875729442945,0.7491496598639454,0.7877388739258688,-0.038589214061923394
-0.372845570229217,0.7491496598639455,0.7877388739258688,-0.03858921406192328
-0.3722081167673435,0.7491496598639454,0.7877388739258688,-0.038589214061923394
-0.37157066330547,0.7491496598639455,0.7877388739258688,-0.03858921406192328
-0.370884048036083,0.7491496598639454,0.7877388739258688,-0.038589214061923394
-0.370197432766696,0.7491496598639455,0.7877388739258688,-0.03858921406192328
-0.36538049834445596,0.7491496598639454,0.7877388739258688,-0.038589214061923394
-0.360563563922216,0.7490646258503401,0.7877388739258689,-0.03867424807552888
-0.35881076269885803,0.7489795918367347,0.7877388739258688,-0.03875928208913415
-0.3570579614755,0.7489795918367346,0.7877388739258688,-0.03875928208913426
-0.3567860840267765,0.7489795918367347,0.7877388739258688,-0.03875928208913415
-0.356514206578053,0.7489795918367347,0.7877388739258688,-0.03875928208913415
-0.355371802775561,0.7489795918367347,0.7877388739258688,-0.03875928208913415
-0.354229398973069,0.7489795918367346,0.7877388739258688,-0.03875928208913426
-0.35259715569197947,0.7489795918367347,0.7877388739258688,-0.03875928208913415
-0.35096491241089,0.7489795918367346,0.7877388739258689,-0.03875928208913437
-0.3505632736272535,0.7489795918367347,0.7877388739258688,-0.03875928208913415
-0.350161634843617,0.7489795918367347,0.7877388739258688,-0.03875928208913415
-0.34875420606115404,0.7489795918367347,0.7877388739258688,-0.03875928208913415
-0.347346777278691,0.7489795918367347,0.7877388739258689,-0.03875928208913426
-0.342136625964009,0.7489795918367347,0.7877388739258688,-0.03875928208913415
-0.336926474649327,0.7489795918367346,0.7877388739258688,-0.03875928208913426
-0.3351333464436445,0.7489795918367347,0.7877388739258688,-0.03875928208913415
-0.333340218237962,0.7489795918367347,0.7877388739258688,-0.03875928208913415
-0.3329596277905575,0.7489795918367347,0.7877388739258688,-0.03875928208913415
-0.332579037343153,0.7489795918367347,0.7877388739258688,-0.03875928208913415
-0.33148563463634595,0.7489795918367347,0.7877388739258688,-0.03875928208913415
-0.330392231929539,0.7489795918367346,0.7876747466974476,-0.038695154860713066
-0.32636125568336,0.7489795918367347,0.7876106194690264,-0.03863102763229176
-0.322330279437181,0.7489795918367347,0.7876106194690266,-0.03863102763229187
-0.320855686726772,0.7489795918367347,0.7876106194690264,-0.03863102763229176
-0.319381094016363,0.7489795918367347,0.7876106194690264,-0.03863102763229176
-0.318370264225743,0.7489795918367347,0.7876106194690264,-0.03863102763229176
-0.317359434435123,0.7489795918367347,0.7876106194690264,-0.03863102763229176
-0.314100100659157,0.7489795918367347,0.7876106194690264,-0.03863102763229176
-0.310840766883191,0.7489795918367347,0.7876106194690264,-0.03863102763229176
-0.310739937260363,0.7489795918367347,0.7876106194690264,-0.03863102763229176
-0.310639107637535,0.7489795918367347,0.7876106194690264,-0.03863102763229176
-0.3081712577568405,0.7489795918367347,0.7876106194690264,-0.03863102763229176
-0.305703407876146,0.7489795918367347,0.7876106194690264,-0.03863102763229176
-0.3054420997478775,0.7489795918367347,0.7876106194690264,-0.03863102763229176
-0.305180791619609,0.7488945578231292,0.7876106194690264,-0.03871606164589725
-0.305137770251867,0.7488095238095238,0.7876106194690264,-0.03880109565950263
-0.305094748884125,0.7488095238095238,0.7876106194690264,-0.03880109565950263
-0.303801512416833,0.7488095238095238,0.7876106194690264,-0.03880109565950263
-0.302508275949541,0.7488095238095238,0.7875464922406052,-0.03873696843108143
-0.30020463456344904,0.7488095238095238,0.787482365012184,-0.038672841202660235
-0.297900993177357,0.7487244897959183,0.787418237783763,-0.03869374798784464
-0.2956130864831255,0.748639455782313,0.7873541105553418,-0.03871465477302882
-0.293325179788894,0.748639455782313,0.7873541105553418,-0.03871465477302882
-0.29243848570295,0.748639455782313,0.7873541105553418,-0.03871465477302882
-0.291551791617006,0.748639455782313,0.7872899833269206,-0.03865052754460763
-0.29128809082873053,0.748639455782313,0.7872258560984994,-0.03858640031618643
-0.291024390040455,0.748639455782313,0.7872258560984994,-0.03858640031618643
-0.291004479708447,0.748639455782313,0.7872258560984994,-0.03858640031618643
-0.290984569376439,0.748639455782313,0.7872258560984993,-0.03858640031618632
-0.2790216760354045,0.748639455782313,0.7872258560984994,-0.03858640031618643
-0.26705878269437,0.748639455782313,0.7872258560984993,-0.03858640031618632
-0.26507092521687103,0.748639455782313,0.7872258560984994,-0.03858640031618643
-0.263083067739372,0.748639455782313,0.7872258560984993,-0.03858640031618632
-0.2614432687818975,0.748639455782313,0.7872258560984994,-0.03858640031618643
-0.259803469824423,0.748639455782313,0.7872258560984993,-0.03858640031618632
-0.25877500606161596,0.748639455782313,0.7872258560984994,-0.03858640031618643
-0.257746542298809,0.748639455782313,0.7872258560984994,-0.03858640031618643
-0.2512386004649765,0.748639455782313,0.7872258560984994,-0.03858640031618643
-0.244730658631144,0.748639455782313,0.7871617288700782,-0.038522273087765235
-0.23901126494547498,0.748639455782313,0.787097601641657,-0.03845814585934404
-0.233291871259806,0.748639455782313,0.787097601641657,-0.03845814585934404
-0.231507785295103,0.748639455782313,0.787097601641657,-0.03845814585934404
-0.2297236993304,0.748639455782313,0.7870334744132358,-0.038394018630922844
-0.223224189133871,0.748639455782313,0.7869693471848147,-0.03832989140250176
-0.216724678937342,0.7486394557823128,0.7869693471848147,-0.03832989140250187
-0.2077846612442525,0.748639455782313,0.7869693471848147,-0.03832989140250176
-0.198844643551163,0.748639455782313,0.7869052199563935,-0.03826576417408056
-0.19638186658649048,0.748639455782313,0.7868410927279723,-0.03820163694565937
-0.193919089621818,0.7485544217687075,0.7868410927279723,-0.03828667095926486
-0.1929567141093575,0.7484693877551021,0.7868410927279723,-0.038371704972870235
-0.191994338596897,0.7484693877551021,0.7868410927279723,-0.038371704972870235
-0.18868685867566148,0.7484693877551021,0.7868410927279723,-0.038371704972870235
-0.185379378754426,0.7484693877551021,0.7868410927279723,-0.038371704972870235
-0.1768931286174975,0.7484693877551021,0.7868410927279723,-0.038371704972870235
-0.168406878480569,0.7484693877551021,0.7867769654995511,-0.03830757774444904
-0.165118860608815,0.7484693877551021,0.7867128382711299,-0.038243450516027844
-0.161830842737061,0.748469387755102,0.7867128382711299,-0.038243450516027955
-0.155958814396903,0.7484693877551021,0.7867128382711299,-0.038243450516027844
-0.150086786056745,0.7484693877551021,0.7867128382711299,-0.038243450516027844
-0.1470739284918035,0.7484693877551021,0.7867128382711299,-0.038243450516027844
-0.144061070926862,0.7484693877551021,0.7867128382711299,-0.038243450516027844
-0.142865239794817,0.7484693877551021,0.7867128382711299,-0.038243450516027844
-0.141669408662772,0.7484693877551021,0.7867128382711299,-0.038243450516027844
-0.12954381812354598,0.7484693877551021,0.7867128382711299,-0.038243450516027844
-0.11741822758432,0.748469387755102,0.7867128382711299,-0.038243450516027955
-0.11695329661832249,0.7484693877551021,0.7867128382711299,-0.038243450516027844
-0.116488365652325,0.7484693877551021,0.7867128382711299,-0.038243450516027844
-0.1157784160508325,0.7484693877551021,0.7867128382711299,-0.038243450516027844
-0.11506846644934,0.7483843537414966,0.7867128382711299,-0.03832848452963333
-0.1133413576322025,0.7482993197278911,0.7867128382711299,-0.03841351854323882
-0.111614248815065,0.7482993197278912,0.7867128382711299,-0.03841351854323871
-0.1112886437487065,0.7482993197278911,0.7867128382711299,-0.03841351854323882
-0.110963038682348,0.7482993197278912,0.7867128382711299,-0.03841351854323871
-0.1091446541195985,0.7482993197278911,0.7867128382711299,-0.03841351854323882
-0.107326269556849,0.7482993197278912,0.7866487110427087,-0.038349391314817516
-0.1066713185837915,0.7482993197278911,0.7865845838142875,-0.03828526408639643
-0.106016367610734,0.7482993197278912,0.7865845838142875,-0.03828526408639632
-0.10230432825866326,0.7482993197278911,0.7865845838142875,-0.03828526408639643
-0.0985922889065925,0.7482993197278912,0.7865204565858663,-0.038221136857975124
-0.09589693520252354,0.7482993197278911,0.7864563293574451,-0.03815700962955404
-0.0932015814984546,0.7482993197278912,0.7864563293574451,-0.03815700962955393
-0.0907282068609217,0.7482993197278911,0.7864563293574451,-0.03815700962955404
-0.0882548322233888,0.7482993197278911,0.7863922021290239,-0.038092882401132844
-0.08722954551558165,0.7482993197278911,0.7863280749006027,-0.03802875517271165
-0.0862042588077745,0.7482142857142857,0.7862639476721816,-0.03804966195789583
-0.08401654738775041,0.7481292517006802,0.7861998204437604,-0.038070568743080124
-0.0818288359677263,0.7481292517006802,0.7861998204437604,-0.038070568743080124
-0.0816217380572212,0.7481292517006802,0.7861998204437604,-0.038070568743080124
-0.0814146401467161,0.7481292517006803,0.7861998204437604,-0.03807056874308001
-0.07398274391539775,0.7481292517006802,0.7861998204437604,-0.038070568743080124
-0.0665508476840794,0.7481292517006803,0.7861356932153392,-0.03800644151465882
-0.06653518375445765,0.7481292517006802,0.786071565986918,-0.03794231428623773
-0.0665195198248359,0.7481292517006802,0.786071565986918,-0.03794231428623773
-0.06438699070156689,0.7481292517006802,0.786071565986918,-0.03794231428623773
-0.0622544615782979,0.7481292517006802,0.786071565986918,-0.03794231428623773
-0.0531776945055578,0.7481292517006802,0.786071565986918,-0.03794231428623773
-0.0441009274328177,0.7481292517006802,0.786071565986918,-0.03794231428623773
-0.0432000281662569,0.7481292517006802,0.786071565986918,-0.03794231428623773
-0.0422991288996961,0.7481292517006802,0.786071565986918,-0.03794231428623773
-0.0405400209136516,0.7481292517006802,0.786071565986918,-0.03794231428623773
-0.0387809129276071,0.7480442176870749,0.7860074387584968,-0.037963221071421915
-0.0341095652743995,0.7479591836734694,0.7859433115300757,-0.03798412785660632
-0.0294382176211919,0.7479591836734694,0.7858791843016544,-0.03792000062818501
-0.024859678717275,0.7479591836734694,0.7858150570732332,-0.03785587339976382
-0.0202811398133581,0.7479591836734694,0.7858150570732332,-0.03785587339976382
-0.01732613618804445,0.7479591836734694,0.7858150570732332,-0.03785587339976382
-0.0143711325627308,0.7479591836734694,0.785750929844812,-0.03779174617134262
-0.012581925779133099,0.7479591836734694,0.7856868026163909,-0.03772761894292154
-0.0107927189955354,0.7479591836734694,0.7856226753879697,-0.03766349171450034
-0.0107158818452166,0.7479591836734694,0.7855585481595485,-0.037599364486079145
-0.0106390446948978,0.747874149659864,0.7854944209311274,-0.03762027127126344
-0.009664397350900304,0.7477891156462585,0.7854302937027062,-0.03764117805644773
-0.00868975000690281,0.747704081632653,0.7853661664742849,-0.037662084841631915
-0.00692627234566286,0.7476190476190476,0.7853020392458637,-0.0376829916268161
-0.00516279468442291,0.7476190476190476,0.7853020392458637,-0.0376829916268161
-0.00020179173215790006,0.7476190476190476,0.7853020392458637,-0.0376829916268161
0.00475921122010711,0.7476190476190476,0.7853020392458638,-0.03768299162681621
0.0072439141387345245,0.7476190476190476,0.7853020392458637,-0.0376829916268161
0.00972861705736194,0.7476190476190476,0.7853020392458638,-0.03768299162681621
0.012490716059981321,0.7476190476190476,0.7853020392458637,-0.0376829916268161
0.0152528150626007,0.7476190476190476,0.7853020392458638,-0.03768299162681621
0.01595044259415055,0.7476190476190476,0.7853020392458637,-0.0376829916268161
0.0166480701257004,0.7476190476190476,0.7853020392458638,-0.03768299162681621
0.01776125374769895,0.7476190476190476,0.7853020392458637,-0.0376829916268161
0.0188744373696975,0.7476190476190476,0.7853020392458638,-0.03768299162681621
0.01892103186901475,0.7476190476190476,0.7853020392458637,-0.0376829916268161
0.018967626368332,0.7476190476190476,0.7853020392458637,-0.0376829916268161
0.0242204463363902,0.7476190476190476,0.7853020392458637,-0.0376829916268161
0.0294732663044484,0.7476190476190476,0.7852379120174425,-0.0376188643983949
0.03062922424505015,0.7476190476190476,0.7851737847890214,-0.03755473716997382
0.0317851821856519,0.7475340136054421,0.7851096575606002,-0.03757564395515811
0.033778318344591246,0.7474489795918368,0.785045530332179,-0.037596550740342294
0.0357714545035306,0.7473639455782313,0.785045530332179,-0.03768158475394778
0.0405197695017706,0.7472789115646259,0.785045530332179,-0.03776661876755316
0.0452680845000106,0.7472789115646259,0.785045530332179,-0.03776661876755316
0.0475230000162077,0.7472789115646259,0.785045530332179,-0.03776661876755316
0.0497779155324048,0.7471938775510204,0.785045530332179,-0.03785165278115865
0.0501060098061402,0.7471088435374149,0.785045530332179,-0.03793668679476414
0.0504341040798756,0.747108843537415,0.7849814031037579,-0.037872559566342834
0.0536816822290586,0.7471088435374149,0.7849172758753367,-0.03780843233792175
0.0569292603782416,0.7471088435374149,0.7848531486469155,-0.03774430510950055
0.05925641167203955,0.7471088435374149,0.7847890214184943,-0.03768017788107936
0.0615835629658375,0.747108843537415,0.7847890214184943,-0.037680177881079246
0.0639841212768862,0.7471088435374149,0.7847890214184943,-0.03768017788107936
0.0663846795879349,0.7470238095238095,0.7847890214184943,-0.037765211894684736
0.07418763564550859,0.746938775510204,0.7847890214184943,-0.037850245908290225
0.0819905917030823,0.7469387755102042,0.7847890214184943,-0.037850245908290114
0.0850142953652647,0.746938775510204,0.7847890214184943,-0.037850245908290225
0.0880379990274471,0.746938775510204,0.7847890214184943,-0.037850245908290225
0.09226710843300345,0.746938775510204,0.7847890214184943,-0.037850245908290225
0.0964962178385598,0.746938775510204,0.7847248941900731,-0.03778611867986903
0.0980948761136332,0.746938775510204,0.7846607669616519,-0.037721991451447834
0.0996935343887066,0.7469387755102042,0.7846607669616519,-0.03772199145144772
0.09993491738205179,0.746938775510204,0.7846607669616519,-0.037721991451447834
0.100176300375397,0.7468537414965987,0.7846607669616519,-0.03780702546505321
0.10247231953062899,0.7467687074829932,0.7846607669616519,-0.0378920594786587
0.104768338685861,0.7467687074829933,0.7845966397332307,-0.037827932250237395
0.112294268687951,0.7467687074829932,0.7845325125048095,-0.03776380502181631
0.119820198690041,0.7467687074829932,0.7845325125048095,-0.03776380502181631
0.1247922660860285,0.7467687074829932,0.7845325125048095,-0.03776380502181631
0.129764333482016,0.7467687074829932,0.7845325125048095,-0.03776380502181631
0.135272090888571,0.7467687074829932,0.7845325125048095,-0.03776380502181631
0.140779848295126,0.7467687074829932,0.7845325125048095,-0.03776380502181631
0.1476127364736345,0.7467687074829932,0.7845325125048095,-0.03776380502181631
0.154445624652143,0.7467687074829932,0.7845325125048095,-0.03776380502181631
0.1552422409795185,0.7467687074829932,0.7845325125048095,-0.03776380502181631
0.156038857306894,0.7467687074829932,0.7844683852763883,-0.037699677793395114
0.15634239998412403,0.7467687074829932,0.7844042580479671,-0.03763555056497392
0.156645942661354,0.7467687074829932,0.7844042580479671,-0.03763555056497392
0.1621910754944505,0.7467687074829932,0.7844042580479671,-0.03763555056497392
0.167736208327547,0.7466836734693878,0.7844042580479671,-0.0377205845785793
0.17041239965418897,0.7465986394557823,0.7844042580479671,-0.037805618592184786
0.173088590980831,0.7465986394557823,0.7844042580479671,-0.037805618592184786
0.177940371505154,0.7465986394557823,0.7844042580479671,-0.037805618592184786
0.182792152029477,0.7465136054421768,0.7844042580479671,-0.037890652605790276
0.1842462683191855,0.7464285714285714,0.7844042580479671,-0.037975686619395654
0.185700384608894,0.7464285714285714,0.7844042580479671,-0.037975686619395654
0.186863234055612,0.7464285714285714,0.7844042580479671,-0.037975686619395654
0.18802608350233,0.746343537414966,0.7844042580479671,-0.038060720633001144
0.197417031768829,0.7462585034013606,0.7844042580479671,-0.03814575464660652
0.206807980035328,0.7461734693877551,0.7844042580479671,-0.03823078866021201
0.2115425686249845,0.7460884353741496,0.7844042580479671,-0.0383158226738175
0.216277157214641,0.7460884353741497,0.7843401308195459,-0.038251695445396194
0.22337764604156402,0.7460884353741496,0.7842760035911247,-0.03818756821697511
0.230478134868487,0.7460884353741497,0.7842118763627035,-0.0381234409885538
0.2311457347435515,0.7460884353741496,0.7841477491342824,-0.03805931376013283
0.231813334618616,0.7460884353741497,0.7841477491342823,-0.03805931376013261
0.23302422596941752,0.7460884353741496,0.7841477491342824,-0.03805931376013283
0.234235117320219,0.7460034013605442,0.7841477491342823,-0.038144347773738096
0.234878327905921,0.7459183673469388,0.7841477491342824,-0.038229381787343586
0.235521538491623,0.7458333333333333,0.7840836219058612,-0.03825028857252788
0.23780931244891101,0.745748299319728,0.78401949467744,-0.03827119535771206
0.240097086406199,0.7456632653061225,0.7840194946774399,-0.03835622937131744
0.243749455120873,0.745578231292517,0.78401949467744,-0.03844126338492304
0.247401823835547,0.745578231292517,0.7840194946774399,-0.03844126338492293
0.248224065237788,0.745578231292517,0.78401949467744,-0.03844126338492304
0.249046306640029,0.7454931972789116,0.7840194946774399,-0.03852629739852831
0.2504368901342925,0.7454081632653061,0.78401949467744,-0.03861133141213391
0.251827473628556,0.7454081632653061,0.7839553674490187,-0.0385472041837126
0.261828938694064,0.7454081632653061,0.7838912402205976,-0.03848307695529152
0.271830403759572,0.7454081632653061,0.7838271129921764,-0.03841894972687032
0.27849548462588647,0.7454081632653061,0.7837629857637554,-0.03835482249844924
0.285160565492201,0.7454081632653061,0.7837629857637554,-0.03835482249844924
0.286047647274441,0.7454081632653061,0.7837629857637554,-0.03835482249844924
0.286934729056681,0.7453231292517007,0.783698858535334,-0.03837572928363331
0.28869681440052253,0.7452380952380953,0.7836347313069129,-0.0383966360688176
0.290458899744364,0.7451530612244898,0.7835706040784917,-0.038417542854001896
0.29323864505045,0.7450680272108844,0.7835064768500706,-0.03843844963918619
0.296018390356536,0.7449829931972789,0.7835064768500706,-0.03852348365279168
0.2965246647106455,0.7448979591836735,0.7835064768500706,-0.03860851766639706
0.297030939064755,0.744812925170068,0.7834423496216494,-0.03862942445158135
0.302249385912295,0.7447278911564625,0.7833782223932282,-0.038650331236765645
0.307467832759835,0.7447278911564625,0.783314095164807,-0.03858620400834445
0.3087893380780655,0.7447278911564625,0.7832499679363858,-0.03852207677992325
0.310110843396296,0.7447278911564625,0.7831858407079646,-0.03845794955150206
0.313230434839631,0.7447278911564625,0.7831217134795434,-0.03839382232308086
0.316350026282966,0.7446428571428572,0.7830575862511222,-0.038414729108265044
0.32012475881987346,0.7445578231292517,0.782993459022701,-0.03843563589344934
0.323899491356781,0.7445578231292517,0.7829293317942798,-0.03837150866502814
0.32417322788332803,0.7445578231292517,0.7828652045658586,-0.038307381436606947
0.324446964409875,0.7445578231292517,0.7828010773374374,-0.03824325420818575
0.32556666423680003,0.7445578231292517,0.7827369501090162,-0.038179126979764555
0.326686364063725,0.7444727891156463,0.7827369501090162,-0.03826416099336993
0.330751894265851,0.7443877551020408,0.7827369501090162,-0.03834919500697542
0.334817424467977,0.7443877551020408,0.782672822880595,-0.03828506777855423
0.3409062976612145,0.7443877551020408,0.7826086956521738,-0.03822094055013303
0.346995170854452,0.7443877551020408,0.7825445684237526,-0.038156813321711835
0.3470568172068635,0.7443877551020408,0.7824804411953314,-0.03809268609329064
0.347118463559275,0.7443877551020408,0.7824163139669104,-0.038028558864869555
0.34821104343917497,0.7443877551020408,0.7823521867384892,-0.03796443163644836
0.349303623319075,0.7443877551020408,0.7823521867384892,-0.03796443163644836
0.350262707537903,0.7443877551020408,0.7823521867384892,-0.03796443163644836
0.351221791756731,0.7443027210884354,0.782352186738489,-0.03804946565005363
0.35417813778990004,0.7442176870748299,0.7823521867384892,-0.03813449966365923
0.357134483823069,0.7442176870748299,0.7823521867384892,-0.03813449966365923
0.364948126880533,0.7442176870748299,0.7823521867384892,-0.03813449966365923
0.372761769937997,0.7442176870748299,0.782288059510068,-0.03807037243523803
0.3740854121463695,0.7442176870748299,0.7822239322816467,-0.038006245206816724
0.375409054354742,0.7442176870748299,0.7821598050532257,-0.03794211797839575
0.3755330653611755,0.7442176870748299,0.7820956778248045,-0.037877990749974555
0.375657076367609,0.7442176870748299,0.7820956778248045,-0.037877990749974555
0.376999001340495,0.7442176870748299,0.7820956778248045,-0.037877990749974555
0.378340926313381,0.7441326530612244,0.7820315505963833,-0.03789889753515885
0.37863371775084154,0.7440476190476191,0.781967423367962,-0.03791980432034292
0.378926509188302,0.7440476190476191,0.7819032961395408,-0.037855677091921724
0.383917272775011,0.7440476190476191,0.7818391689111196,-0.03779154986350053
0.38890803636172,0.7440476190476191,0.7817750416826984,-0.03772742263507933
0.3896870662934865,0.7440476190476191,0.7817109144542772,-0.03766329540665814
0.390466096225253,0.7440476190476191,0.781646787225856,-0.03759916817823694
0.4070668192513485,0.7440476190476191,0.7815826599974348,-0.037535040949815746
0.423667542277444,0.7440476190476191,0.7815185327690137,-0.03747091372139466
0.42505090621207153,0.7440476190476191,0.7814544055405925,-0.037406786492973465
0.426434270146699,0.7439625850340136,0.7813902783121713,-0.03742769327815776
0.43216012323332254,0.7438775510204082,0.7813261510837501,-0.03744860006334194
0.437885976319946,0.7437925170068027,0.781262023855329,-0.037469506848526235
0.4443077103963795,0.7437074829931973,0.7811978966269078,-0.03749041363371042
0.450729444472813,0.7436224489795918,0.7811337693984866,-0.03751132041889471
0.4516835017758985,0.7435374149659864,0.7810696421700654,-0.037532227204079005
0.452637559078984,0.743452380952381,0.7810055149416442,-0.03755313398926319
0.4532230505393645,0.7433673469387755,0.780941387713223,-0.03757404077444748
0.453808541999745,0.7433673469387755,0.7808772604848018,-0.037509913546026286
0.4570979079590675,0.7433673469387755,0.7808131332563806,-0.03744578631760509
0.46038727391839,0.7433673469387755,0.7807490060279594,-0.037381659089183894
0.466805356612474,0.7433673469387755,0.7806848787995382,-0.0373175318607627
0.473223439306558,0.7433673469387755,0.780620751571117,-0.0372534046323415
0.4741335409465375,0.7433673469387755,0.7805566243426958,-0.03718927740392031
0.475043642586517,0.7433673469387755,0.7804924971142746,-0.03712515017549911
0.475223831621305,0.7433673469387755,0.7804283698858534,-0.037061022947077915
0.475404020656093,0.7432823129251701,0.7803642426574322,-0.0370819297322621
0.475848513069266,0.7431972789115646,0.7803001154290111,-0.0371028365174465
0.476293005482439,0.7431122448979592,0.7802359882005899,-0.037123743302630685
0.481991062897276,0.7430272108843538,0.7801718609721687,-0.03714465008781498
0.487689120312113,0.7430272108843538,0.7801077337437475,-0.03708052285939378
0.4911854768671955,0.7430272108843538,0.7800436065153263,-0.03701639563097259
0.494681833422278,0.7430272108843538,0.7799794792869053,-0.0369522684025515
0.5126925201926564,0.7430272108843538,0.7799153520584841,-0.03688814117413031
0.530703206963035,0.7430272108843538,0.7799153520584841,-0.03688814117413031
0.534122817123525,0.7430272108843538,0.7799153520584841,-0.03688814117413031
0.537542427284015,0.7429421768707484,0.7798512248300629,-0.03690904795931449
0.5428391166638276,0.7428571428571429,0.7797870976016417,-0.03692995474449878
0.54813580604364,0.7427721088435374,0.7797229703732205,-0.03695086152968308
0.553633578158765,0.742687074829932,0.7796588431447993,-0.03697176831486726
0.55913135027389,0.7426020408163265,0.7795947159163781,-0.03699267510005155
0.5627469055395431,0.7425170068027211,0.7795305886879569,-0.037013581885235736
0.566362460805196,0.7424319727891157,0.7794664614595357,-0.03703448867042003
0.587057309778786,0.7423469387755102,0.7794023342311145,-0.03705539545560432
0.607752158752376,0.7422619047619048,0.7793382070026933,-0.037076302240788506
1.607752158752376,0.7421768707482993,0.7792740797742721,-0.0370972090259728
