source,target,model,GSM,y,probability
GSE25055,GSE32646,intercept,GSM809184,0,0.18604651162790697
GSE25055,GSE32646,intercept,GSM809185,1,0.18604651162790697
GSE25055,GSE32646,intercept,GSM809186,0,0.18604651162790697
GSE25055,GSE32646,intercept,GSM809187,0,0.18604651162790697
GSE25055,GSE32646,intercept,GSM809188,0,0.18604651162790697
GSE25055,GSE32646,intercept,GSM809189,0,0.18604651162790697
GSE25055,GSE32646,intercept,GSM809190,0,0.18604651162790697
GSE25055,GSE32646,intercept,GSM809191,0,0.18604651162790697
GSE25055,GSE32646,intercept,GSM809192,1,0.18604651162790697
GSE25055,GSE32646,intercept,GSM809193,0,0.18604651162790697
GSE25055,GSE32646,intercept,GSM809194,1,0.18604651162790697
GSE25055,GSE32646,intercept,GSM809195,0,0.18604651162790697
GSE25055,GSE32646,intercept,GSM809196,0,0.18604651162790697
GSE25055,GSE32646,intercept,GSM809197,0,0.18604651162790697
GSE25055,GSE32646,intercept,GSM809198,0,0.18604651162790697
GSE25055,GSE32646,intercept,GSM809199,0,0.18604651162790697
GSE25055,GSE32646,intercept,GSM809200,0,0.18604651162790697
GSE25055,GSE32646,intercept,GSM809201,0,0.18604651162790697
GSE25055,GSE32646,intercept,GSM809202,1,0.18604651162790697
GSE25055,GSE32646,intercept,GSM809203,1,0.18604651162790697
GSE25055,GSE32646,intercept,GSM809204,0,0.18604651162790697
GSE25055,GSE32646,intercept,GSM809205,0,0.18604651162790697
GSE25055,GSE32646,intercept,GSM809206,0,0.18604651162790697
GSE25055,GSE32646,intercept,GSM809207,0,0.18604651162790697
GSE25055,GSE32646,intercept,GSM809208,0,0.18604651162790697
GSE25055,GSE32646,intercept,GSM809209,0,0.18604651162790697
GSE25055,GSE32646,intercept,GSM809210,0,0.18604651162790697
GSE25055,GSE32646,intercept,GSM809211,0,0.18604651162790697
GSE25055,GSE32646,intercept,GSM809212,0,0.18604651162790697
GSE25055,GSE32646,intercept,GSM809213,1,0.18604651162790697
GSE25055,GSE32646,intercept,GSM809214,0,0.18604651162790697
GSE25055,GSE32646,intercept,GSM809215,0,0.18604651162790697
GSE25055,GSE32646,intercept,GSM809216,0,0.18604651162790697
GSE25055,GSE32646,intercept,GSM809217,0,0.18604651162790697
GSE25055,GSE32646,intercept,GSM809218,0,0.18604651162790697
GSE25055,GSE32646,intercept,GSM809219,0,0.18604651162790697
GSE25055,GSE32646,intercept,GSM809220,0,0.18604651162790697
GSE25055,GSE32646,intercept,GSM809221,0,0.18604651162790697
GSE25055,GSE32646,intercept,GSM809222,0,0.18604651162790697
GSE25055,GSE32646,intercept,GSM809223,0,0.18604651162790697
GSE25055,GSE32646,intercept,GSM809224,0,0.18604651162790697
GSE25055,GSE32646,intercept,GSM809225,1,0.18604651162790697
GSE25055,GSE32646,intercept,GSM809226,1,0.18604651162790697
GSE25055,GSE32646,intercept,GSM809227,0,0.18604651162790697
GSE25055,GSE32646,intercept,GSM809228,0,0.18604651162790697
GSE25055,GSE32646,intercept,GSM809229,1,0.18604651162790697
GSE25055,GSE32646,intercept,GSM809230,0,0.18604651162790697
GSE25055,GSE32646,intercept,GSM809231,1,0.18604651162790697
GSE25055,GSE32646,intercept,GSM809232,1,0.18604651162790697
GSE25055,GSE32646,intercept,GSM809233,0,0.18604651162790697
GSE25055,GSE32646,intercept,GSM809234,0,0.18604651162790697
GSE25055,GSE32646,intercept,GSM809235,0,0.18604651162790697
GSE25055,GSE32646,intercept,GSM809236,1,0.18604651162790697
GSE25055,GSE32646,intercept,GSM809237,1,0.18604651162790697
GSE25055,GSE32646,intercept,GSM809238,1,0.18604651162790697
GSE25055,GSE32646,intercept,GSM809239,0,0.18604651162790697
GSE25055,GSE32646,intercept,GSM809240,0,0.18604651162790697
GSE25055,GSE32646,intercept,GSM809241,0,0.18604651162790697
GSE25055,GSE32646,intercept,GSM809242,0,0.18604651162790697
GSE25055,GSE32646,intercept,GSM809243,0,0.18604651162790697
GSE25055,GSE32646,intercept,GSM809244,0,0.18604651162790697
GSE25055,GSE32646,intercept,GSM809245,0,0.18604651162790697
GSE25055,GSE32646,intercept,GSM809246,1,0.18604651162790697
GSE25055,GSE32646,intercept,GSM809247,0,0.18604651162790697
GSE25055,GSE32646,intercept,GSM809248,1,0.18604651162790697
GSE25055,GSE32646,intercept,GSM809249,0,0.18604651162790697
GSE25055,GSE32646,intercept,GSM809250,0,0.18604651162790697
GSE25055,GSE32646,intercept,GSM809251,0,0.18604651162790697
GSE25055,GSE32646,intercept,GSM809252,0,0.18604651162790697
GSE25055,GSE32646,intercept,GSM809253,1,0.18604651162790697
GSE25055,GSE32646,intercept,GSM809254,0,0.18604651162790697
GSE25055,GSE32646,intercept,GSM809255,0,0.18604651162790697
GSE25055,GSE32646,intercept,GSM809256,1,0.18604651162790697
GSE25055,GSE32646,intercept,GSM809257,0,0.18604651162790697
GSE25055,GSE32646,intercept,GSM809258,0,0.18604651162790697
GSE25055,GSE32646,intercept,GSM809259,0,0.18604651162790697
GSE25055,GSE32646,intercept,GSM809260,0,0.18604651162790697
GSE25055,GSE32646,intercept,GSM809261,0,0.18604651162790697
GSE25055,GSE32646,intercept,GSM809262,0,0.18604651162790697
GSE25055,GSE32646,intercept,GSM809263,0,0.18604651162790697
GSE25055,GSE32646,intercept,GSM809264,0,0.18604651162790697
GSE25055,GSE32646,intercept,GSM809265,0,0.18604651162790697
GSE25055,GSE32646,intercept,GSM809266,1,0.18604651162790697
GSE25055,GSE32646,intercept,GSM809267,0,0.18604651162790697
GSE25055,GSE32646,intercept,GSM809268,0,0.18604651162790697
GSE25055,GSE32646,intercept,GSM809269,0,0.18604651162790697
GSE25055,GSE32646,intercept,GSM809270,0,0.18604651162790697
GSE25055,GSE32646,intercept,GSM809271,1,0.18604651162790697
GSE25055,GSE32646,intercept,GSM809272,1,0.18604651162790697
GSE25055,GSE32646,intercept,GSM809273,0,0.18604651162790697
GSE25055,GSE32646,intercept,GSM809274,1,0.18604651162790697
GSE25055,GSE32646,intercept,GSM809275,0,0.18604651162790697
GSE25055,GSE32646,intercept,GSM809276,0,0.18604651162790697
GSE25055,GSE32646,intercept,GSM809277,0,0.18604651162790697
GSE25055,GSE32646,intercept,GSM809278,0,0.18604651162790697
GSE25055,GSE32646,intercept,GSM809279,0,0.18604651162790697
GSE25055,GSE32646,intercept,GSM809280,1,0.18604651162790697
GSE25055,GSE32646,intercept,GSM809281,0,0.18604651162790697
GSE25055,GSE32646,intercept,GSM809282,0,0.18604651162790697
GSE25055,GSE32646,intercept,GSM809283,0,0.18604651162790697
GSE25055,GSE32646,intercept,GSM809284,0,0.18604651162790697
GSE25055,GSE32646,intercept,GSM809285,0,0.18604651162790697
GSE25055,GSE32646,intercept,GSM809286,0,0.18604651162790697
GSE25055,GSE32646,intercept,GSM809287,0,0.18604651162790697
GSE25055,GSE32646,intercept,GSM809288,0,0.18604651162790697
GSE25055,GSE32646,intercept,GSM809289,1,0.18604651162790697
GSE25055,GSE32646,intercept,GSM809290,0,0.18604651162790697
GSE25055,GSE32646,intercept,GSM809291,0,0.18604651162790697
GSE25055,GSE32646,intercept,GSM809292,0,0.18604651162790697
GSE25055,GSE32646,intercept,GSM809293,0,0.18604651162790697
GSE25055,GSE32646,intercept,GSM809294,1,0.18604651162790697
GSE25055,GSE32646,intercept,GSM809295,1,0.18604651162790697
GSE25055,GSE32646,intercept,GSM809296,0,0.18604651162790697
GSE25055,GSE32646,intercept,GSM809297,0,0.18604651162790697
GSE25055,GSE32646,intercept,GSM809298,1,0.18604651162790697
GSE25055,GSE32646,clinical,GSM809184,0,0.07199412670639498
GSE25055,GSE32646,clinical,GSM809185,1,0.31233397932386064
GSE25055,GSE32646,clinical,GSM809186,0,0.26487489552055804
GSE25055,GSE32646,clinical,GSM809187,0,0.059136145546002494
GSE25055,GSE32646,clinical,GSM809188,0,0.08090216681445463
GSE25055,GSE32646,clinical,GSM809189,0,0.05797574063353427
GSE25055,GSE32646,clinical,GSM809190,0,0.06923153801536375
GSE25055,GSE32646,clinical,GSM809191,0,0.06788732885965738
GSE25055,GSE32646,clinical,GSM809192,1,0.060318289205381063
GSE25055,GSE32646,clinical,GSM809193,0,0.07341324834869459
GSE25055,GSE32646,clinical,GSM809194,1,0.087388152735923
GSE25055,GSE32646,clinical,GSM809195,0,0.056836730357427756
GSE25055,GSE32646,clinical,GSM809196,0,0.09255749818271154
GSE25055,GSE32646,clinical,GSM809197,0,0.07485808671962296
GSE25055,GSE32646,clinical,GSM809198,0,0.06527124400350257
GSE25055,GSE32646,clinical,GSM809199,0,0.07199412670639498
GSE25055,GSE32646,clinical,GSM809200,0,0.34959312491074945
GSE25055,GSE32646,clinical,GSM809201,0,0.07199412670639498
GSE25055,GSE32646,clinical,GSM809202,1,0.27315327181208404
GSE25055,GSE32646,clinical,GSM809203,1,0.33069813704229867
GSE25055,GSE32646,clinical,GSM809204,0,0.43981239199712413
GSE25055,GSE32646,clinical,GSM809205,0,0.08090216681445463
GSE25055,GSE32646,clinical,GSM809206,0,0.08908158764600023
GSE25055,GSE32646,clinical,GSM809207,0,0.05571877387338495
GSE25055,GSE32646,clinical,GSM809208,0,0.340082033896028
GSE25055,GSE32646,clinical,GSM809209,0,0.3738870931249614
GSE25055,GSE32646,clinical,GSM809210,0,0.06788732885965738
GSE25055,GSE32646,clinical,GSM809211,0,0.27315327181208404
GSE25055,GSE32646,clinical,GSM809212,0,0.09615472006460536
GSE25055,GSE32646,clinical,GSM809213,1,0.07199412670639498
GSE25055,GSE32646,clinical,GSM809214,0,0.3788277984712795
GSE25055,GSE32646,clinical,GSM809215,0,0.09255749818271154
GSE25055,GSE32646,clinical,GSM809216,0,0.059136145546002494
GSE25055,GSE32646,clinical,GSM809217,0,0.059136145546002494
GSE25055,GSE32646,clinical,GSM809218,0,0.07632901836588485
GSE25055,GSE32646,clinical,GSM809219,0,0.054621533664207446
GSE25055,GSE32646,clinical,GSM809220,0,0.30336376547686256
GSE25055,GSE32646,clinical,GSM809221,0,0.34959312491074945
GSE25055,GSE32646,clinical,GSM809222,0,0.04295241431331837
GSE25055,GSE32646,clinical,GSM809223,0,0.06399864134351363
GSE25055,GSE32646,clinical,GSM809224,0,0.28159127202064954
GSE25055,GSE32646,clinical,GSM809225,1,0.2901858658568176
GSE25055,GSE32646,clinical,GSM809226,1,0.28586919955019996
GSE25055,GSE32646,clinical,GSM809227,0,0.3448220458157376
GSE25055,GSE32646,clinical,GSM809228,0,0.05571877387338495
GSE25055,GSE32646,clinical,GSM809229,1,0.06274918513767294
GSE25055,GSE32646,clinical,GSM809230,0,0.3788277984712795
GSE25055,GSE32646,clinical,GSM809231,1,0.4502098210205628
GSE25055,GSE32646,clinical,GSM809232,1,0.2607964062365533
GSE25055,GSE32646,clinical,GSM809233,0,0.07060034733832561
GSE25055,GSE32646,clinical,GSM809234,0,0.05797574063353427
GSE25055,GSE32646,clinical,GSM809235,0,0.05797574063353427
GSE25055,GSE32646,clinical,GSM809236,1,0.35439451030175156
GSE25055,GSE32646,clinical,GSM809237,1,0.28159127202064954
GSE25055,GSE32646,clinical,GSM809238,1,0.31233397932386064
GSE25055,GSE32646,clinical,GSM809239,0,0.2607964062365533
GSE25055,GSE32646,clinical,GSM809240,0,0.07341324834869459
GSE25055,GSE32646,clinical,GSM809241,0,0.10372551333785035
GSE25055,GSE32646,clinical,GSM809242,0,0.056836730357427756
GSE25055,GSE32646,clinical,GSM809243,0,0.0857238804049175
GSE25055,GSE32646,clinical,GSM809244,0,0.082481273816251
GSE25055,GSE32646,clinical,GSM809245,0,0.3689725496339264
GSE25055,GSE32646,clinical,GSM809246,1,0.340082033896028
GSE25055,GSE32646,clinical,GSM809247,0,0.32144704511103567
GSE25055,GSE32646,clinical,GSM809248,1,0.4089699835005127
GSE25055,GSE32646,clinical,GSM809249,0,0.06152251892256597
GSE25055,GSE32646,clinical,GSM809250,0,0.087388152735923
GSE25055,GSE32646,clinical,GSM809251,0,0.2901858658568176
GSE25055,GSE32646,clinical,GSM809252,0,0.07632901836588485
GSE25055,GSE32646,clinical,GSM809253,1,0.06152251892256597
GSE25055,GSE32646,clinical,GSM809254,0,0.07060034733832561
GSE25055,GSE32646,clinical,GSM809255,0,0.28586919955019996
GSE25055,GSE32646,clinical,GSM809256,1,0.340082033896028
GSE25055,GSE32646,clinical,GSM809257,0,0.06923153801536375
GSE25055,GSE32646,clinical,GSM809258,0,0.05571877387338495
GSE25055,GSE32646,clinical,GSM809259,0,0.06923153801536375
GSE25055,GSE32646,clinical,GSM809260,0,0.06923153801536375
GSE25055,GSE32646,clinical,GSM809261,0,0.0447167502004304
GSE25055,GSE32646,clinical,GSM809262,0,0.06923153801536375
GSE25055,GSE32646,clinical,GSM809263,0,0.06788732885965738
GSE25055,GSE32646,clinical,GSM809264,0,0.30783072985782123
GSE25055,GSE32646,clinical,GSM809265,0,0.06152251892256597
GSE25055,GSE32646,clinical,GSM809266,1,0.25276229420941443
GSE25055,GSE32646,clinical,GSM809267,0,0.33537382648073316
GSE25055,GSE32646,clinical,GSM809268,0,0.05145078656271556
GSE25055,GSE32646,clinical,GSM809269,0,0.0778264217863743
GSE25055,GSE32646,clinical,GSM809270,0,0.04845466556368462
GSE25055,GSE32646,clinical,GSM809271,1,0.05354467559575901
GSE25055,GSE32646,clinical,GSM809272,1,0.3448220458157376
GSE25055,GSE32646,clinical,GSM809273,0,0.28159127202064954
GSE25055,GSE32646,clinical,GSM809274,1,0.32605565492540317
GSE25055,GSE32646,clinical,GSM809275,0,0.04209536796071779
GSE25055,GSE32646,clinical,GSM809276,0,0.3168729480154806
GSE25055,GSE32646,clinical,GSM809277,0,0.4089699835005127
GSE25055,GSE32646,clinical,GSM809278,0,0.28159127202064954
GSE25055,GSE32646,clinical,GSM809279,0,0.06923153801536375
GSE25055,GSE32646,clinical,GSM809280,1,0.2945408302364772
GSE25055,GSE32646,clinical,GSM809281,0,0.2945408302364772
GSE25055,GSE32646,clinical,GSM809282,0,0.3937978465367453
GSE25055,GSE32646,clinical,GSM809283,0,0.059136145546002494
GSE25055,GSE32646,clinical,GSM809284,0,0.08090216681445463
GSE25055,GSE32646,clinical,GSM809285,0,0.04655003385465591
GSE25055,GSE32646,clinical,GSM809286,0,0.06788732885965738
GSE25055,GSE32646,clinical,GSM809287,0,0.060318289205381063
GSE25055,GSE32646,clinical,GSM809288,0,0.07341324834869459
GSE25055,GSE32646,clinical,GSM809289,1,0.06923153801536375
GSE25055,GSE32646,clinical,GSM809290,0,0.07485808671962296
GSE25055,GSE32646,clinical,GSM809291,0,0.0857238804049175
GSE25055,GSE32646,clinical,GSM809292,0,0.07060034733832561
GSE25055,GSE32646,clinical,GSM809293,0,0.059136145546002494
GSE25055,GSE32646,clinical,GSM809294,1,0.2901858658568176
GSE25055,GSE32646,clinical,GSM809295,1,0.2607964062365533
GSE25055,GSE32646,clinical,GSM809296,0,0.0778264217863743
GSE25055,GSE32646,clinical,GSM809297,0,0.04655003385465591
GSE25055,GSE32646,clinical,GSM809298,1,0.05354467559575901
GSE25055,GSE32646,score,GSM809184,0,0.7887649159889872
GSE25055,GSE32646,score,GSM809185,1,0.965951947642235
GSE25055,GSE32646,score,GSM809186,0,0.8472371233969571
GSE25055,GSE32646,score,GSM809187,0,0.9111012173244777
GSE25055,GSE32646,score,GSM809188,0,0.7992840089251774
GSE25055,GSE32646,score,GSM809189,0,0.395370362045277
GSE25055,GSE32646,score,GSM809190,0,0.8022086550746238
GSE25055,GSE32646,score,GSM809191,0,0.8281731275720394
GSE25055,GSE32646,score,GSM809192,1,0.9637759943582784
GSE25055,GSE32646,score,GSM809193,0,0.5254719772925783
GSE25055,GSE32646,score,GSM809194,1,0.7797102779539999
GSE25055,GSE32646,score,GSM809195,0,0.5818001353330708
GSE25055,GSE32646,score,GSM809196,0,0.9546371478512508
GSE25055,GSE32646,score,GSM809197,0,0.5122311623597052
GSE25055,GSE32646,score,GSM809198,0,0.9524398444009833
GSE25055,GSE32646,score,GSM809199,0,0.9119292565635709
GSE25055,GSE32646,score,GSM809200,0,0.9497426982819569
GSE25055,GSE32646,score,GSM809201,0,0.48385882135208497
GSE25055,GSE32646,score,GSM809202,1,0.991278914908631
GSE25055,GSE32646,score,GSM809203,1,0.9879681933031832
GSE25055,GSE32646,score,GSM809204,0,0.9548708736769774
GSE25055,GSE32646,score,GSM809205,0,0.7360518527897096
GSE25055,GSE32646,score,GSM809206,0,0.6705922679855113
GSE25055,GSE32646,score,GSM809207,0,0.7519050962850976
GSE25055,GSE32646,score,GSM809208,0,0.7327514697164285
GSE25055,GSE32646,score,GSM809209,0,0.9797672480797148
GSE25055,GSE32646,score,GSM809210,0,0.46953947578823163
GSE25055,GSE32646,score,GSM809211,0,0.9833111069689338
GSE25055,GSE32646,score,GSM809212,0,0.9288722501722672
GSE25055,GSE32646,score,GSM809213,1,0.7866049417407719
GSE25055,GSE32646,score,GSM809214,0,0.513913924551581
GSE25055,GSE32646,score,GSM809215,0,0.8899675212407382
GSE25055,GSE32646,score,GSM809216,0,0.6802399552269571
GSE25055,GSE32646,score,GSM809217,0,0.6757619912060459
GSE25055,GSE32646,score,GSM809218,0,0.2945495257100646
GSE25055,GSE32646,score,GSM809219,0,0.7882798071617132
GSE25055,GSE32646,score,GSM809220,0,0.9913618812130777
GSE25055,GSE32646,score,GSM809221,0,0.8304720326054443
GSE25055,GSE32646,score,GSM809222,0,0.8671326386226504
GSE25055,GSE32646,score,GSM809223,0,0.9054329773802395
GSE25055,GSE32646,score,GSM809224,0,0.9361320996751065
GSE25055,GSE32646,score,GSM809225,1,0.8202626737807303
GSE25055,GSE32646,score,GSM809226,1,0.9353213758898618
GSE25055,GSE32646,score,GSM809227,0,0.9874991753015925
GSE25055,GSE32646,score,GSM809228,0,0.9129406823112081
GSE25055,GSE32646,score,GSM809229,1,0.966292294678273
GSE25055,GSE32646,score,GSM809230,0,0.5913661568189535
GSE25055,GSE32646,score,GSM809231,1,0.986212528508689
GSE25055,GSE32646,score,GSM809232,1,0.5776637182612744
GSE25055,GSE32646,score,GSM809233,0,0.5049631732791066
GSE25055,GSE32646,score,GSM809234,0,0.44553698675615516
GSE25055,GSE32646,score,GSM809235,0,0.47160491158195617
GSE25055,GSE32646,score,GSM809236,1,0.9296038084421258
GSE25055,GSE32646,score,GSM809237,1,0.988393365246135
GSE25055,GSE32646,score,GSM809238,1,0.9084428673719929
GSE25055,GSE32646,score,GSM809239,0,0.9386721686927976
GSE25055,GSE32646,score,GSM809240,0,0.8458634697009751
GSE25055,GSE32646,score,GSM809241,0,0.6646592600375587
GSE25055,GSE32646,score,GSM809242,0,0.4505127700737355
GSE25055,GSE32646,score,GSM809243,0,0.5648285813858076
GSE25055,GSE32646,score,GSM809244,0,0.3126300189080724
GSE25055,GSE32646,score,GSM809245,0,0.9266611550402539
GSE25055,GSE32646,score,GSM809246,1,0.9928406727276731
GSE25055,GSE32646,score,GSM809247,0,0.9896446931127908
GSE25055,GSE32646,score,GSM809248,1,0.5837557491276401
GSE25055,GSE32646,score,GSM809249,0,0.6660121372041383
GSE25055,GSE32646,score,GSM809250,0,0.6740860891465621
GSE25055,GSE32646,score,GSM809251,0,0.47550730411486425
GSE25055,GSE32646,score,GSM809252,0,0.9293156142969433
GSE25055,GSE32646,score,GSM809253,1,0.8866809306266887
GSE25055,GSE32646,score,GSM809254,0,0.45667587270329757
GSE25055,GSE32646,score,GSM809255,0,0.5839770207519085
GSE25055,GSE32646,score,GSM809256,1,0.944101406479773
GSE25055,GSE32646,score,GSM809257,0,0.8358730595526424
GSE25055,GSE32646,score,GSM809258,0,0.4790892351532693
GSE25055,GSE32646,score,GSM809259,0,0.8964285541737905
GSE25055,GSE32646,score,GSM809260,0,0.45350745011179183
GSE25055,GSE32646,score,GSM809261,0,0.8138221090837265
GSE25055,GSE32646,score,GSM809262,0,0.6719312952453543
GSE25055,GSE32646,score,GSM809263,0,0.5408117238559548
GSE25055,GSE32646,score,GSM809264,0,0.8630288810972535
GSE25055,GSE32646,score,GSM809265,0,0.28662123739614415
GSE25055,GSE32646,score,GSM809266,1,0.651483998611849
GSE25055,GSE32646,score,GSM809267,0,0.9933681622449647
GSE25055,GSE32646,score,GSM809268,0,0.48312226503874217
GSE25055,GSE32646,score,GSM809269,0,0.9709256296416326
GSE25055,GSE32646,score,GSM809270,0,0.7493602335793701
GSE25055,GSE32646,score,GSM809271,1,0.8591186375067019
GSE25055,GSE32646,score,GSM809272,1,0.9907450217296085
GSE25055,GSE32646,score,GSM809273,0,0.6926143880593139
GSE25055,GSE32646,score,GSM809274,1,0.9187105859716137
GSE25055,GSE32646,score,GSM809275,0,0.24702210300160649
GSE25055,GSE32646,score,GSM809276,0,0.9538279573081484
GSE25055,GSE32646,score,GSM809277,0,0.8813466959783053
GSE25055,GSE32646,score,GSM809278,0,0.9716222808058599
GSE25055,GSE32646,score,GSM809279,0,0.7706813577019982
GSE25055,GSE32646,score,GSM809280,1,0.8926710625124206
GSE25055,GSE32646,score,GSM809281,0,0.5138375309523698
GSE25055,GSE32646,score,GSM809282,0,0.9482824536863841
GSE25055,GSE32646,score,GSM809283,0,0.5112605001083427
GSE25055,GSE32646,score,GSM809284,0,0.8139802412104986
GSE25055,GSE32646,score,GSM809285,0,0.6234122331466788
GSE25055,GSE32646,score,GSM809286,0,0.7454481140350045
GSE25055,GSE32646,score,GSM809287,0,0.7975483567149206
GSE25055,GSE32646,score,GSM809288,0,0.4253983172161171
GSE25055,GSE32646,score,GSM809289,1,0.9592149316149511
GSE25055,GSE32646,score,GSM809290,0,0.5386495113416322
GSE25055,GSE32646,score,GSM809291,0,0.5237547095348227
GSE25055,GSE32646,score,GSM809292,0,0.6032053870631964
GSE25055,GSE32646,score,GSM809293,0,0.39101874962142724
GSE25055,GSE32646,score,GSM809294,1,0.9951830717843455
GSE25055,GSE32646,score,GSM809295,1,0.8478886864455852
GSE25055,GSE32646,score,GSM809296,0,0.4623496140537774
GSE25055,GSE32646,score,GSM809297,0,0.8586449346578793
GSE25055,GSE32646,score,GSM809298,1,0.7930098669880745
GSE25055,GSE32646,combined,GSM809184,0,0.4577654302339559
GSE25055,GSE32646,combined,GSM809185,1,0.9185434874108591
GSE25055,GSE32646,combined,GSM809186,0,0.7331904016667756
GSE25055,GSE32646,combined,GSM809187,0,0.5877118878684687
GSE25055,GSE32646,combined,GSM809188,0,0.5005161275374848
GSE25055,GSE32646,combined,GSM809189,0,0.15963416432700103
GSE25055,GSE32646,combined,GSM809190,0,0.46231617611137954
GSE25055,GSE32646,combined,GSM809191,0,0.48831973592470834
GSE25055,GSE32646,combined,GSM809192,1,0.7439834665267611
GSE25055,GSE32646,combined,GSM809193,0,0.263165519554817
GSE25055,GSE32646,combined,GSM809194,1,0.49995828431687905
GSE25055,GSE32646,combined,GSM809195,0,0.24332464551068295
GSE25055,GSE32646,combined,GSM809196,0,0.7948369043750809
GSE25055,GSE32646,combined,GSM809197,0,0.25975750355551763
GSE25055,GSE32646,combined,GSM809198,0,0.7199145182650519
GSE25055,GSE32646,combined,GSM809199,0,0.6387450849825361
GSE25055,GSE32646,combined,GSM809200,0,0.9084282800622387
GSE25055,GSE32646,combined,GSM809201,0,0.23665525382906855
GSE25055,GSE32646,combined,GSM809202,1,0.9623678457846024
GSE25055,GSE32646,combined,GSM809203,1,0.9636037323570654
GSE25055,GSE32646,combined,GSM809204,0,0.9399611175836078
GSE25055,GSE32646,combined,GSM809205,0,0.4363047152831776
GSE25055,GSE32646,combined,GSM809206,0,0.40605964901719477
GSE25055,GSE32646,combined,GSM809207,0,0.35641324101788563
GSE25055,GSE32646,combined,GSM809208,0,0.7013636848868834
GSE25055,GSE32646,combined,GSM809209,0,0.9560860719915998
GSE25055,GSE32646,combined,GSM809210,0,0.21838476111520963
GSE25055,GSE32646,combined,GSM809211,0,0.9407705070978097
GSE25055,GSE32646,combined,GSM809212,0,0.7407904017672772
GSE25055,GSE32646,combined,GSM809213,1,0.45544266997368854
GSE25055,GSE32646,combined,GSM809214,0,0.5816253158162714
GSE25055,GSE32646,combined,GSM809215,0,0.6595382500477095
GSE25055,GSE32646,combined,GSM809216,0,0.31322007593714596
GSE25055,GSE32646,combined,GSM809217,0,0.3100308398063701
GSE25055,GSE32646,combined,GSM809218,0,0.15512564950439728
GSE25055,GSE32646,combined,GSM809219,0,0.38636861528379224
GSE25055,GSE32646,combined,GSM809220,0,0.9675197328923004
GSE25055,GSE32646,combined,GSM809221,0,0.7885224912960647
GSE25055,GSE32646,combined,GSM809222,0,0.42424931290860723
GSE25055,GSE32646,combined,GSM809223,0,0.5958916646127154
GSE25055,GSE32646,combined,GSM809224,0,0.8579626996229421
GSE25055,GSE32646,combined,GSM809225,1,0.7299432078620005
GSE25055,GSE32646,combined,GSM809226,1,0.8593010364270008
GSE25055,GSE32646,combined,GSM809227,0,0.964788686279091
GSE25055,GSE32646,combined,GSM809228,0,0.5765780936093998
GSE25055,GSE32646,combined,GSM809229,1,0.7617764853827105
GSE25055,GSE32646,combined,GSM809230,0,0.6357589449206948
GSE25055,GSE32646,combined,GSM809231,1,0.9752849481922218
GSE25055,GSE32646,combined,GSM809232,1,0.4938487697799542
GSE25055,GSE32646,combined,GSM809233,0,0.24403237943655084
GSE25055,GSE32646,combined,GSM809234,0,0.18070382154298062
GSE25055,GSE32646,combined,GSM809235,0,0.19224818743385794
GSE25055,GSE32646,combined,GSM809236,1,0.8865125073972047
GSE25055,GSE32646,combined,GSM809237,1,0.9558006857291439
GSE25055,GSE32646,combined,GSM809238,1,0.8404047776988999
GSE25055,GSE32646,combined,GSM809239,0,0.8488830738530232
GSE25055,GSE32646,combined,GSM809240,0,0.5325855547276923
GSE25055,GSE32646,combined,GSM809241,0,0.44194152131516057
GSE25055,GSE32646,combined,GSM809242,0,0.17978586205584735
GSE25055,GSE32646,combined,GSM809243,0,0.3212351255060612
GSE25055,GSE32646,combined,GSM809244,0,0.17511991935191246
GSE25055,GSE32646,combined,GSM809245,0,0.8895361628808758
GSE25055,GSE32646,combined,GSM809246,1,0.975817702029256
GSE25055,GSE32646,combined,GSM809247,0,0.9659279677769704
GSE25055,GSE32646,combined,GSM809248,1,0.6590401527545303
GSE25055,GSE32646,combined,GSM809249,0,0.3120849451686623
GSE25055,GSE32646,combined,GSM809250,0,0.40381839363154975
GSE25055,GSE32646,combined,GSM809251,0,0.45583911948499417
GSE25055,GSE32646,combined,GSM809252,0,0.6911283749852274
GSE25055,GSE32646,combined,GSM809253,1,0.5499563836339373
GSE25055,GSE32646,combined,GSM809254,0,0.2190839795465563
GSE25055,GSE32646,combined,GSM809255,0,0.5297071547881184
GSE25055,GSE32646,combined,GSM809256,1,0.8976675755500636
GSE25055,GSE32646,combined,GSM809257,0,0.5035014340301283
GSE25055,GSE32646,combined,GSM809258,0,0.18918594891538978
GSE25055,GSE32646,combined,GSM809259,0,0.5983015757676177
GSE25055,GSE32646,combined,GSM809260,0,0.21398499780505237
GSE25055,GSE32646,combined,GSM809261,0,0.3648743962179435
GSE25055,GSE32646,combined,GSM809262,0,0.343838214539644
GSE25055,GSE32646,combined,GSM809263,0,0.25576604741052616
GSE25055,GSE32646,combined,GSM809264,0,0.787732579299651
GSE25055,GSE32646,combined,GSM809265,0,0.12437980867395107
GSE25055,GSE32646,combined,GSM809266,1,0.5399693648483777
GSE25055,GSE32646,combined,GSM809267,0,0.9766314174292728
GSE25055,GSE32646,combined,GSM809268,0,0.17846456654551968
GSE25055,GSE32646,combined,GSM809269,0,0.8178505715203671
GSE25055,GSE32646,combined,GSM809270,0,0.32160699601241527
GSE25055,GSE32646,combined,GSM809271,1,0.4685985297469942
GSE25055,GSE32646,combined,GSM809272,1,0.9715522323844594
GSE25055,GSE32646,combined,GSM809273,0,0.6085433075013887
GSE25055,GSE32646,combined,GSM809274,1,0.8603253195962627
GSE25055,GSE32646,combined,GSM809275,0,0.07630425503904419
GSE25055,GSE32646,combined,GSM809276,0,0.9014623699287211
GSE25055,GSE32646,combined,GSM809277,0,0.8661480749415804
GSE25055,GSE32646,combined,GSM809278,0,0.9178453821153036
GSE25055,GSE32646,combined,GSM809279,0,0.42866907071740423
GSE25055,GSE32646,combined,GSM809280,1,0.8100234653646342
GSE25055,GSE32646,combined,GSM809281,0,0.48872414593753805
GSE25055,GSE32646,combined,GSM809282,0,0.9212815120387386
GSE25055,GSE32646,combined,GSM809283,0,0.21423165980118394
GSE25055,GSE32646,combined,GSM809284,0,0.5175888745921303
GSE25055,GSE32646,combined,GSM809285,0,0.22855915925211426
GSE25055,GSE32646,combined,GSM809286,0,0.39942187620371017
GSE25055,GSE32646,combined,GSM809287,0,0.421236213430918
GSE25055,GSE32646,combined,GSM809288,0,0.21058332559104634
GSE25055,GSE32646,combined,GSM809289,1,0.7545364389038023
GSE25055,GSE32646,combined,GSM809290,0,0.2747971744894873
GSE25055,GSE32646,combined,GSM809291,0,0.29562931673373943
GSE25055,GSE32646,combined,GSM809292,0,0.3012180245347044
GSE25055,GSE32646,combined,GSM809293,0,0.1606532102764834
GSE25055,GSE32646,combined,GSM809294,1,0.9771978069511559
GSE25055,GSE32646,combined,GSM809295,1,0.7298238151694493
GSE25055,GSE32646,combined,GSM809296,0,0.2404030556826942
GSE25055,GSE32646,combined,GSM809297,0,0.43188112452964195
GSE25055,GSE32646,combined,GSM809298,1,0.3863488470800869
GSE32646,GSE25055,intercept,GSM615096,0,0.23478260869565218
GSE32646,GSE25055,intercept,GSM615097,0,0.23478260869565218
GSE32646,GSE25055,intercept,GSM615098,0,0.23478260869565218
GSE32646,GSE25055,intercept,GSM615099,1,0.23478260869565218
GSE32646,GSE25055,intercept,GSM615100,0,0.23478260869565218
GSE32646,GSE25055,intercept,GSM615101,0,0.23478260869565218
GSE32646,GSE25055,intercept,GSM615102,0,0.23478260869565218
GSE32646,GSE25055,intercept,GSM615104,0,0.23478260869565218
GSE32646,GSE25055,intercept,GSM615106,0,0.23478260869565218
GSE32646,GSE25055,intercept,GSM615107,0,0.23478260869565218
GSE32646,GSE25055,intercept,GSM615108,0,0.23478260869565218
GSE32646,GSE25055,intercept,GSM615109,0,0.23478260869565218
GSE32646,GSE25055,intercept,GSM615111,0,0.23478260869565218
GSE32646,GSE25055,intercept,GSM615112,0,0.23478260869565218
GSE32646,GSE25055,intercept,GSM615113,0,0.23478260869565218
GSE32646,GSE25055,intercept,GSM615114,0,0.23478260869565218
GSE32646,GSE25055,intercept,GSM615115,0,0.23478260869565218
GSE32646,GSE25055,intercept,GSM615116,0,0.23478260869565218
GSE32646,GSE25055,intercept,GSM615117,0,0.23478260869565218
GSE32646,GSE25055,intercept,GSM615120,0,0.23478260869565218
GSE32646,GSE25055,intercept,GSM615121,0,0.23478260869565218
GSE32646,GSE25055,intercept,GSM615122,1,0.23478260869565218
GSE32646,GSE25055,intercept,GSM615123,1,0.23478260869565218
GSE32646,GSE25055,intercept,GSM615124,0,0.23478260869565218
GSE32646,GSE25055,intercept,GSM615125,0,0.23478260869565218
GSE32646,GSE25055,intercept,GSM615126,0,0.23478260869565218
GSE32646,GSE25055,intercept,GSM615127,0,0.23478260869565218
GSE32646,GSE25055,intercept,GSM615128,0,0.23478260869565218
GSE32646,GSE25055,intercept,GSM615129,0,0.23478260869565218
GSE32646,GSE25055,intercept,GSM615130,0,0.23478260869565218
GSE32646,GSE25055,intercept,GSM615131,0,0.23478260869565218
GSE32646,GSE25055,intercept,GSM615132,0,0.23478260869565218
GSE32646,GSE25055,intercept,GSM615133,0,0.23478260869565218
GSE32646,GSE25055,intercept,GSM615134,0,0.23478260869565218
GSE32646,GSE25055,intercept,GSM615135,0,0.23478260869565218
GSE32646,GSE25055,intercept,GSM615136,0,0.23478260869565218
GSE32646,GSE25055,intercept,GSM615137,1,0.23478260869565218
GSE32646,GSE25055,intercept,GSM615138,0,0.23478260869565218
GSE32646,GSE25055,intercept,GSM615139,1,0.23478260869565218
GSE32646,GSE25055,intercept,GSM615140,1,0.23478260869565218
GSE32646,GSE25055,intercept,GSM615142,0,0.23478260869565218
GSE32646,GSE25055,intercept,GSM615143,1,0.23478260869565218
GSE32646,GSE25055,intercept,GSM615144,0,0.23478260869565218
GSE32646,GSE25055,intercept,GSM615145,0,0.23478260869565218
GSE32646,GSE25055,intercept,GSM615146,1,0.23478260869565218
GSE32646,GSE25055,intercept,GSM615147,0,0.23478260869565218
GSE32646,GSE25055,intercept,GSM615148,0,0.23478260869565218
GSE32646,GSE25055,intercept,GSM615149,0,0.23478260869565218
GSE32646,GSE25055,intercept,GSM615150,0,0.23478260869565218
GSE32646,GSE25055,intercept,GSM615151,0,0.23478260869565218
GSE32646,GSE25055,intercept,GSM615153,0,0.23478260869565218
GSE32646,GSE25055,intercept,GSM615154,1,0.23478260869565218
GSE32646,GSE25055,intercept,GSM615155,0,0.23478260869565218
GSE32646,GSE25055,intercept,GSM615156,0,0.23478260869565218
GSE32646,GSE25055,intercept,GSM615157,0,0.23478260869565218
GSE32646,GSE25055,intercept,GSM615158,0,0.23478260869565218
GSE32646,GSE25055,intercept,GSM615159,0,0.23478260869565218
GSE32646,GSE25055,intercept,GSM615160,0,0.23478260869565218
GSE32646,GSE25055,intercept,GSM615162,0,0.23478260869565218
GSE32646,GSE25055,intercept,GSM615164,1,0.23478260869565218
GSE32646,GSE25055,intercept,GSM615165,0,0.23478260869565218
GSE32646,GSE25055,intercept,GSM615166,0,0.23478260869565218
GSE32646,GSE25055,intercept,GSM615167,1,0.23478260869565218
GSE32646,GSE25055,intercept,GSM615168,0,0.23478260869565218
GSE32646,GSE25055,intercept,GSM615169,0,0.23478260869565218
GSE32646,GSE25055,intercept,GSM615170,0,0.23478260869565218
GSE32646,GSE25055,intercept,GSM615171,1,0.23478260869565218
GSE32646,GSE25055,intercept,GSM615172,0,0.23478260869565218
GSE32646,GSE25055,intercept,GSM615173,0,0.23478260869565218
GSE32646,GSE25055,intercept,GSM615174,0,0.23478260869565218
GSE32646,GSE25055,intercept,GSM615175,1,0.23478260869565218
GSE32646,GSE25055,intercept,GSM615176,0,0.23478260869565218
GSE32646,GSE25055,intercept,GSM615177,0,0.23478260869565218
GSE32646,GSE25055,intercept,GSM615178,0,0.23478260869565218
GSE32646,GSE25055,intercept,GSM615179,0,0.23478260869565218
GSE32646,GSE25055,intercept,GSM615180,0,0.23478260869565218
GSE32646,GSE25055,intercept,GSM615181,1,0.23478260869565218
GSE32646,GSE25055,intercept,GSM615182,0,0.23478260869565218
GSE32646,GSE25055,intercept,GSM615183,0,0.23478260869565218
GSE32646,GSE25055,intercept,GSM615184,0,0.23478260869565218
GSE32646,GSE25055,intercept,GSM615185,0,0.23478260869565218
GSE32646,GSE25055,intercept,GSM615186,1,0.23478260869565218
GSE32646,GSE25055,intercept,GSM615187,0,0.23478260869565218
GSE32646,GSE25055,intercept,GSM615188,0,0.23478260869565218
GSE32646,GSE25055,intercept,GSM615189,0,0.23478260869565218
GSE32646,GSE25055,intercept,GSM615190,0,0.23478260869565218
GSE32646,GSE25055,intercept,GSM615191,1,0.23478260869565218
GSE32646,GSE25055,intercept,GSM615192,0,0.23478260869565218
GSE32646,GSE25055,intercept,GSM615193,1,0.23478260869565218
GSE32646,GSE25055,intercept,GSM615194,1,0.23478260869565218
GSE32646,GSE25055,intercept,GSM615195,0,0.23478260869565218
GSE32646,GSE25055,intercept,GSM615196,0,0.23478260869565218
GSE32646,GSE25055,intercept,GSM615197,0,0.23478260869565218
GSE32646,GSE25055,intercept,GSM615198,0,0.23478260869565218
GSE32646,GSE25055,intercept,GSM615199,0,0.23478260869565218
GSE32646,GSE25055,intercept,GSM615200,0,0.23478260869565218
GSE32646,GSE25055,intercept,GSM615201,1,0.23478260869565218
GSE32646,GSE25055,intercept,GSM615202,1,0.23478260869565218
GSE32646,GSE25055,intercept,GSM615203,0,0.23478260869565218
GSE32646,GSE25055,intercept,GSM615204,0,0.23478260869565218
GSE32646,GSE25055,intercept,GSM615205,0,0.23478260869565218
GSE32646,GSE25055,intercept,GSM615206,0,0.23478260869565218
GSE32646,GSE25055,intercept,GSM615207,0,0.23478260869565218
GSE32646,GSE25055,intercept,GSM615208,0,0.23478260869565218
GSE32646,GSE25055,intercept,GSM615209,1,0.23478260869565218
GSE32646,GSE25055,intercept,GSM615210,0,0.23478260869565218
GSE32646,GSE25055,intercept,GSM615211,1,0.23478260869565218
GSE32646,GSE25055,intercept,GSM615212,1,0.23478260869565218
GSE32646,GSE25055,intercept,GSM615213,1,0.23478260869565218
GSE32646,GSE25055,intercept,GSM615214,0,0.23478260869565218
GSE32646,GSE25055,intercept,GSM615215,1,0.23478260869565218
GSE32646,GSE25055,intercept,GSM615216,0,0.23478260869565218
GSE32646,GSE25055,intercept,GSM615217,0,0.23478260869565218
GSE32646,GSE25055,intercept,GSM615218,0,0.23478260869565218
GSE32646,GSE25055,intercept,GSM615219,0,0.23478260869565218
GSE32646,GSE25055,intercept,GSM615220,0,0.23478260869565218
GSE32646,GSE25055,intercept,GSM615221,0,0.23478260869565218
GSE32646,GSE25055,intercept,GSM615222,0,0.23478260869565218
GSE32646,GSE25055,intercept,GSM615223,0,0.23478260869565218
GSE32646,GSE25055,intercept,GSM615224,0,0.23478260869565218
GSE32646,GSE25055,intercept,GSM615225,0,0.23478260869565218
GSE32646,GSE25055,intercept,GSM615226,0,0.23478260869565218
GSE32646,GSE25055,intercept,GSM615227,0,0.23478260869565218
GSE32646,GSE25055,intercept,GSM615228,0,0.23478260869565218
GSE32646,GSE25055,intercept,GSM615229,0,0.23478260869565218
GSE32646,GSE25055,intercept,GSM615230,0,0.23478260869565218
GSE32646,GSE25055,intercept,GSM615231,0,0.23478260869565218
GSE32646,GSE25055,intercept,GSM615232,0,0.23478260869565218
GSE32646,GSE25055,intercept,GSM615233,0,0.23478260869565218
GSE32646,GSE25055,intercept,GSM615234,0,0.23478260869565218
GSE32646,GSE25055,intercept,GSM615235,0,0.23478260869565218
GSE32646,GSE25055,intercept,GSM615236,0,0.23478260869565218
GSE32646,GSE25055,intercept,GSM615237,0,0.23478260869565218
GSE32646,GSE25055,intercept,GSM615238,0,0.23478260869565218
GSE32646,GSE25055,intercept,GSM615239,0,0.23478260869565218
GSE32646,GSE25055,intercept,GSM615240,1,0.23478260869565218
GSE32646,GSE25055,intercept,GSM615241,0,0.23478260869565218
GSE32646,GSE25055,intercept,GSM615242,1,0.23478260869565218
GSE32646,GSE25055,intercept,GSM615243,0,0.23478260869565218
GSE32646,GSE25055,intercept,GSM615244,0,0.23478260869565218
GSE32646,GSE25055,intercept,GSM615245,0,0.23478260869565218
GSE32646,GSE25055,intercept,GSM615246,0,0.23478260869565218
GSE32646,GSE25055,intercept,GSM615247,0,0.23478260869565218
GSE32646,GSE25055,intercept,GSM615248,0,0.23478260869565218
GSE32646,GSE25055,intercept,GSM615249,0,0.23478260869565218
GSE32646,GSE25055,intercept,GSM615250,0,0.23478260869565218
GSE32646,GSE25055,intercept,GSM615251,0,0.23478260869565218
GSE32646,GSE25055,intercept,GSM615252,0,0.23478260869565218
GSE32646,GSE25055,intercept,GSM615253,0,0.23478260869565218
GSE32646,GSE25055,intercept,GSM615254,0,0.23478260869565218
GSE32646,GSE25055,intercept,GSM615255,0,0.23478260869565218
GSE32646,GSE25055,intercept,GSM615256,1,0.23478260869565218
GSE32646,GSE25055,intercept,GSM615257,0,0.23478260869565218
GSE32646,GSE25055,intercept,GSM615258,0,0.23478260869565218
GSE32646,GSE25055,intercept,GSM615259,0,0.23478260869565218
GSE32646,GSE25055,intercept,GSM615260,0,0.23478260869565218
GSE32646,GSE25055,intercept,GSM615261,0,0.23478260869565218
GSE32646,GSE25055,intercept,GSM615262,0,0.23478260869565218
GSE32646,GSE25055,intercept,GSM615263,1,0.23478260869565218
GSE32646,GSE25055,intercept,GSM615264,1,0.23478260869565218
GSE32646,GSE25055,intercept,GSM615265,0,0.23478260869565218
GSE32646,GSE25055,intercept,GSM615266,0,0.23478260869565218
GSE32646,GSE25055,intercept,GSM615267,0,0.23478260869565218
GSE32646,GSE25055,intercept,GSM615268,0,0.23478260869565218
GSE32646,GSE25055,intercept,GSM615269,0,0.23478260869565218
GSE32646,GSE25055,intercept,GSM615270,1,0.23478260869565218
GSE32646,GSE25055,intercept,GSM615271,0,0.23478260869565218
GSE32646,GSE25055,intercept,GSM615272,0,0.23478260869565218
GSE32646,GSE25055,intercept,GSM615273,0,0.23478260869565218
GSE32646,GSE25055,intercept,GSM615274,0,0.23478260869565218
GSE32646,GSE25055,intercept,GSM615275,0,0.23478260869565218
GSE32646,GSE25055,intercept,GSM615276,0,0.23478260869565218
GSE32646,GSE25055,intercept,GSM615277,0,0.23478260869565218
GSE32646,GSE25055,intercept,GSM615278,0,0.23478260869565218
GSE32646,GSE25055,intercept,GSM615279,0,0.23478260869565218
GSE32646,GSE25055,intercept,GSM615280,1,0.23478260869565218
GSE32646,GSE25055,intercept,GSM615281,0,0.23478260869565218
GSE32646,GSE25055,intercept,GSM615282,0,0.23478260869565218
GSE32646,GSE25055,intercept,GSM615283,0,0.23478260869565218
GSE32646,GSE25055,intercept,GSM615284,1,0.23478260869565218
GSE32646,GSE25055,intercept,GSM615285,0,0.23478260869565218
GSE32646,GSE25055,intercept,GSM615286,0,0.23478260869565218
GSE32646,GSE25055,intercept,GSM615287,0,0.23478260869565218
GSE32646,GSE25055,intercept,GSM615288,0,0.23478260869565218
GSE32646,GSE25055,intercept,GSM615289,0,0.23478260869565218
GSE32646,GSE25055,intercept,GSM615290,0,0.23478260869565218
GSE32646,GSE25055,intercept,GSM615291,1,0.23478260869565218
GSE32646,GSE25055,intercept,GSM615292,0,0.23478260869565218
GSE32646,GSE25055,intercept,GSM615293,1,0.23478260869565218
GSE32646,GSE25055,intercept,GSM615294,0,0.23478260869565218
GSE32646,GSE25055,intercept,GSM615295,0,0.23478260869565218
GSE32646,GSE25055,intercept,GSM615296,0,0.23478260869565218
GSE32646,GSE25055,intercept,GSM615297,0,0.23478260869565218
GSE32646,GSE25055,intercept,GSM615298,0,0.23478260869565218
GSE32646,GSE25055,intercept,GSM615299,0,0.23478260869565218
GSE32646,GSE25055,intercept,GSM615300,1,0.23478260869565218
GSE32646,GSE25055,intercept,GSM615301,0,0.23478260869565218
GSE32646,GSE25055,intercept,GSM615302,0,0.23478260869565218
GSE32646,GSE25055,intercept,GSM615303,0,0.23478260869565218
GSE32646,GSE25055,intercept,GSM615304,0,0.23478260869565218
GSE32646,GSE25055,intercept,GSM615305,0,0.23478260869565218
GSE32646,GSE25055,intercept,GSM615306,0,0.23478260869565218
GSE32646,GSE25055,intercept,GSM615307,1,0.23478260869565218
GSE32646,GSE25055,intercept,GSM615308,0,0.23478260869565218
GSE32646,GSE25055,intercept,GSM615309,0,0.23478260869565218
GSE32646,GSE25055,intercept,GSM615310,1,0.23478260869565218
GSE32646,GSE25055,intercept,GSM615311,0,0.23478260869565218
GSE32646,GSE25055,intercept,GSM615312,0,0.23478260869565218
GSE32646,GSE25055,intercept,GSM615313,0,0.23478260869565218
GSE32646,GSE25055,intercept,GSM615314,0,0.23478260869565218
GSE32646,GSE25055,intercept,GSM615315,0,0.23478260869565218
GSE32646,GSE25055,intercept,GSM615316,0,0.23478260869565218
GSE32646,GSE25055,intercept,GSM615317,0,0.23478260869565218
GSE32646,GSE25055,intercept,GSM615318,0,0.23478260869565218
GSE32646,GSE25055,intercept,GSM615319,0,0.23478260869565218
GSE32646,GSE25055,intercept,GSM615320,0,0.23478260869565218
GSE32646,GSE25055,intercept,GSM615321,0,0.23478260869565218
GSE32646,GSE25055,intercept,GSM615322,0,0.23478260869565218
GSE32646,GSE25055,intercept,GSM615323,0,0.23478260869565218
GSE32646,GSE25055,intercept,GSM615324,1,0.23478260869565218
GSE32646,GSE25055,intercept,GSM615325,1,0.23478260869565218
GSE32646,GSE25055,intercept,GSM615326,0,0.23478260869565218
GSE32646,GSE25055,intercept,GSM615327,0,0.23478260869565218
GSE32646,GSE25055,intercept,GSM615328,0,0.23478260869565218
GSE32646,GSE25055,intercept,GSM615329,0,0.23478260869565218
GSE32646,GSE25055,intercept,GSM615330,0,0.23478260869565218
GSE32646,GSE25055,intercept,GSM615331,1,0.23478260869565218
GSE32646,GSE25055,intercept,GSM615332,0,0.23478260869565218
GSE32646,GSE25055,intercept,GSM615333,0,0.23478260869565218
GSE32646,GSE25055,intercept,GSM615334,1,0.23478260869565218
GSE32646,GSE25055,intercept,GSM615335,0,0.23478260869565218
GSE32646,GSE25055,intercept,GSM615336,1,0.23478260869565218
GSE32646,GSE25055,intercept,GSM615337,0,0.23478260869565218
GSE32646,GSE25055,intercept,GSM615338,1,0.23478260869565218
GSE32646,GSE25055,intercept,GSM615339,0,0.23478260869565218
GSE32646,GSE25055,intercept,GSM615340,0,0.23478260869565218
GSE32646,GSE25055,intercept,GSM615341,0,0.23478260869565218
GSE32646,GSE25055,intercept,GSM615342,0,0.23478260869565218
GSE32646,GSE25055,intercept,GSM615343,0,0.23478260869565218
GSE32646,GSE25055,intercept,GSM615344,0,0.23478260869565218
GSE32646,GSE25055,intercept,GSM615345,0,0.23478260869565218
GSE32646,GSE25055,intercept,GSM615346,0,0.23478260869565218
GSE32646,GSE25055,intercept,GSM615347,0,0.23478260869565218
GSE32646,GSE25055,intercept,GSM615348,0,0.23478260869565218
GSE32646,GSE25055,intercept,GSM615349,0,0.23478260869565218
GSE32646,GSE25055,intercept,GSM615350,0,0.23478260869565218
GSE32646,GSE25055,intercept,GSM615351,0,0.23478260869565218
GSE32646,GSE25055,intercept,GSM615352,0,0.23478260869565218
GSE32646,GSE25055,intercept,GSM615353,1,0.23478260869565218
GSE32646,GSE25055,intercept,GSM615354,1,0.23478260869565218
GSE32646,GSE25055,intercept,GSM615355,0,0.23478260869565218
GSE32646,GSE25055,intercept,GSM615356,0,0.23478260869565218
GSE32646,GSE25055,intercept,GSM615357,1,0.23478260869565218
GSE32646,GSE25055,intercept,GSM615358,0,0.23478260869565218
GSE32646,GSE25055,intercept,GSM615359,1,0.23478260869565218
GSE32646,GSE25055,intercept,GSM615360,0,0.23478260869565218
GSE32646,GSE25055,intercept,GSM615361,0,0.23478260869565218
GSE32646,GSE25055,intercept,GSM615362,0,0.23478260869565218
GSE32646,GSE25055,intercept,GSM615363,0,0.23478260869565218
GSE32646,GSE25055,intercept,GSM615364,0,0.23478260869565218
GSE32646,GSE25055,intercept,GSM615365,0,0.23478260869565218
GSE32646,GSE25055,intercept,GSM615366,0,0.23478260869565218
GSE32646,GSE25055,intercept,GSM615367,0,0.23478260869565218
GSE32646,GSE25055,intercept,GSM615368,0,0.23478260869565218
GSE32646,GSE25055,intercept,GSM615369,0,0.23478260869565218
GSE32646,GSE25055,intercept,GSM615370,0,0.23478260869565218
GSE32646,GSE25055,intercept,GSM615371,1,0.23478260869565218
GSE32646,GSE25055,intercept,GSM615372,0,0.23478260869565218
GSE32646,GSE25055,intercept,GSM615373,0,0.23478260869565218
GSE32646,GSE25055,intercept,GSM615374,0,0.23478260869565218
GSE32646,GSE25055,intercept,GSM615375,1,0.23478260869565218
GSE32646,GSE25055,intercept,GSM615376,0,0.23478260869565218
GSE32646,GSE25055,intercept,GSM615377,0,0.23478260869565218
GSE32646,GSE25055,intercept,GSM615378,0,0.23478260869565218
GSE32646,GSE25055,intercept,GSM615379,1,0.23478260869565218
GSE32646,GSE25055,intercept,GSM615380,0,0.23478260869565218
GSE32646,GSE25055,intercept,GSM615381,0,0.23478260869565218
GSE32646,GSE25055,intercept,GSM615382,0,0.23478260869565218
GSE32646,GSE25055,intercept,GSM615383,1,0.23478260869565218
GSE32646,GSE25055,intercept,GSM615384,0,0.23478260869565218
GSE32646,GSE25055,intercept,GSM615385,0,0.23478260869565218
GSE32646,GSE25055,intercept,GSM615386,0,0.23478260869565218
GSE32646,GSE25055,intercept,GSM615387,0,0.23478260869565218
GSE32646,GSE25055,intercept,GSM615388,0,0.23478260869565218
GSE32646,GSE25055,intercept,GSM615389,0,0.23478260869565218
GSE32646,GSE25055,intercept,GSM615390,0,0.23478260869565218
GSE32646,GSE25055,intercept,GSM615391,0,0.23478260869565218
GSE32646,GSE25055,intercept,GSM615392,0,0.23478260869565218
GSE32646,GSE25055,intercept,GSM615393,1,0.23478260869565218
GSE32646,GSE25055,intercept,GSM615394,1,0.23478260869565218
GSE32646,GSE25055,intercept,GSM615395,0,0.23478260869565218
GSE32646,GSE25055,intercept,GSM615396,1,0.23478260869565218
GSE32646,GSE25055,intercept,GSM615397,1,0.23478260869565218
GSE32646,GSE25055,intercept,GSM615398,0,0.23478260869565218
GSE32646,GSE25055,intercept,GSM615399,0,0.23478260869565218
GSE32646,GSE25055,intercept,GSM615400,0,0.23478260869565218
GSE32646,GSE25055,intercept,GSM615401,0,0.23478260869565218
GSE32646,GSE25055,intercept,GSM615402,0,0.23478260869565218
GSE32646,GSE25055,intercept,GSM615403,0,0.23478260869565218
GSE32646,GSE25055,intercept,GSM615404,0,0.23478260869565218
GSE32646,GSE25055,intercept,GSM615405,0,0.23478260869565218
GSE32646,GSE25055,clinical,GSM615096,0,0.09007137098379271
GSE32646,GSE25055,clinical,GSM615097,0,0.10645333738980199
GSE32646,GSE25055,clinical,GSM615098,0,0.3494151369901974
GSE32646,GSE25055,clinical,GSM615099,1,0.34994178048493435
GSE32646,GSE25055,clinical,GSM615100,0,0.08580006777432568
GSE32646,GSE25055,clinical,GSM615101,0,0.4121020052801677
GSE32646,GSE25055,clinical,GSM615102,0,0.33637100395553987
GSE32646,GSE25055,clinical,GSM615104,0,0.38107852763934696
GSE32646,GSE25055,clinical,GSM615106,0,0.4059442228096343
GSE32646,GSE25055,clinical,GSM615107,0,0.334306276372988
GSE32646,GSE25055,clinical,GSM615108,0,0.10822855639081894
GSE32646,GSE25055,clinical,GSM615109,0,0.449563827869569
GSE32646,GSE25055,clinical,GSM615111,0,0.4020408484447167
GSE32646,GSE25055,clinical,GSM615112,0,0.474887754391694
GSE32646,GSE25055,clinical,GSM615113,0,0.36055015135311697
GSE32646,GSE25055,clinical,GSM615114,0,0.12288611290594322
GSE32646,GSE25055,clinical,GSM615115,0,0.3680585927827589
GSE32646,GSE25055,clinical,GSM615116,0,0.4233674995915874
GSE32646,GSE25055,clinical,GSM615117,0,0.08417921995712425
GSE32646,GSE25055,clinical,GSM615120,0,0.12388808417811253
GSE32646,GSE25055,clinical,GSM615121,0,0.0876341341297671
GSE32646,GSE25055,clinical,GSM615122,1,0.07847156621449154
GSE32646,GSE25055,clinical,GSM615123,1,0.12363693568619433
GSE32646,GSE25055,clinical,GSM615124,0,0.14486277421343585
GSE32646,GSE25055,clinical,GSM615125,0,0.10276600245871048
GSE32646,GSE25055,clinical,GSM615126,0,0.10170321346019914
GSE32646,GSE25055,clinical,GSM615127,0,0.1515868043968
GSE32646,GSE25055,clinical,GSM615128,0,0.11701971749309316
GSE32646,GSE25055,clinical,GSM615129,0,0.12464415893698488
GSE32646,GSE25055,clinical,GSM615130,0,0.10427042273819652
GSE32646,GSE25055,clinical,GSM615131,0,0.14746392615358342
GSE32646,GSE25055,clinical,GSM615132,0,0.11048411418056367
GSE32646,GSE25055,clinical,GSM615133,0,0.11943395151820414
GSE32646,GSE25055,clinical,GSM615134,0,0.10065018267694598
GSE32646,GSE25055,clinical,GSM615135,0,0.4501369783089496
GSE32646,GSE25055,clinical,GSM615136,0,0.4564500417980635
GSE32646,GSE25055,clinical,GSM615137,1,0.08507622825858732
GSE32646,GSE25055,clinical,GSM615138,0,0.08507622825858732
GSE32646,GSE25055,clinical,GSM615139,1,0.4352824268641506
GSE32646,GSE25055,clinical,GSM615140,1,0.34260255627698616
GSE32646,GSE25055,clinical,GSM615142,0,0.11967772824738841
GSE32646,GSE25055,clinical,GSM615143,1,0.36001638461126195
GSE32646,GSE25055,clinical,GSM615144,0,0.14717301277112754
GSE32646,GSE25055,clinical,GSM615145,0,0.4318698998584296
GSE32646,GSE25055,clinical,GSM615146,1,0.3399993252030462
GSE32646,GSE25055,clinical,GSM615147,0,0.14229984623577607
GSE32646,GSE25055,clinical,GSM615148,0,0.3441690658931168
GSE32646,GSE25055,clinical,GSM615149,0,0.3680585927827589
GSE32646,GSE25055,clinical,GSM615150,0,0.10340838644180136
GSE32646,GSE25055,clinical,GSM615151,0,0.3702158481828011
GSE32646,GSE25055,clinical,GSM615153,0,0.1545893354255198
GSE32646,GSE25055,clinical,GSM615154,1,0.34994178048493435
GSE32646,GSE25055,clinical,GSM615155,0,0.07880716378310935
GSE32646,GSE25055,clinical,GSM615156,0,0.33688816771483177
GSE32646,GSE25055,clinical,GSM615157,0,0.10667382901251371
GSE32646,GSE25055,clinical,GSM615158,0,0.14089240675523193
GSE32646,GSE25055,clinical,GSM615159,0,0.3707559763928799
GSE32646,GSE25055,clinical,GSM615160,0,0.33379108101030047
GSE32646,GSE25055,clinical,GSM615162,0,0.09898547034446648
GSE32646,GSE25055,clinical,GSM615164,1,0.3568210876483058
GSE32646,GSE25055,clinical,GSM615165,0,0.10128083375093344
GSE32646,GSE25055,clinical,GSM615166,0,0.09552915301293938
GSE32646,GSE25055,clinical,GSM615167,1,0.3170174012087515
GSE32646,GSE25055,clinical,GSM615168,0,0.11630374674334186
GSE32646,GSE25055,clinical,GSM615169,0,0.38765451068777707
GSE32646,GSE25055,clinical,GSM615170,0,0.10689472269468706
GSE32646,GSE25055,clinical,GSM615171,1,0.36215351641696947
GSE32646,GSE25055,clinical,GSM615172,0,0.14145398089398278
GSE32646,GSE25055,clinical,GSM615173,0,0.11094013720983233
GSE32646,GSE25055,clinical,GSM615174,0,0.098573139034116
GSE32646,GSE25055,clinical,GSM615175,1,0.35894989012815487
GSE32646,GSE25055,clinical,GSM615176,0,0.10579426980655883
GSE32646,GSE25055,clinical,GSM615177,0,0.11606593650480919
GSE32646,GSE25055,clinical,GSM615178,0,0.3384420003966137
GSE32646,GSE25055,clinical,GSM615179,0,0.13109972868645411
GSE32646,GSE25055,clinical,GSM615180,0,0.10912588410709341
GSE32646,GSE25055,clinical,GSM615181,1,0.39427168236729804
GSE32646,GSE25055,clinical,GSM615182,0,0.5430785826188024
GSE32646,GSE25055,clinical,GSM615183,0,0.08311415197307168
GSE32646,GSE25055,clinical,GSM615184,0,0.4053858573153042
GSE32646,GSE25055,clinical,GSM615185,0,0.4852924004399778
GSE32646,GSE25055,clinical,GSM615186,1,0.11846313305581864
GSE32646,GSE25055,clinical,GSM615187,0,0.15980495054874586
GSE32646,GSE25055,clinical,GSM615188,0,0.46220141161101885
GSE32646,GSE25055,clinical,GSM615189,0,0.4852924004399778
GSE32646,GSE25055,clinical,GSM615190,0,0.3301958659428007
GSE32646,GSE25055,clinical,GSM615191,1,0.3301958659428007
GSE32646,GSE25055,clinical,GSM615192,0,0.11846313305581864
GSE32646,GSE25055,clinical,GSM615193,1,0.34573897118691244
GSE32646,GSE25055,clinical,GSM615194,1,0.46220141161101885
GSE32646,GSE25055,clinical,GSM615195,0,0.290579485400281
GSE32646,GSE25055,clinical,GSM615196,0,0.14486277421343585
GSE32646,GSE25055,clinical,GSM615197,0,0.49686769631424826
GSE32646,GSE25055,clinical,GSM615198,0,0.13376044265450926
GSE32646,GSE25055,clinical,GSM615199,0,0.09045170788952941
GSE32646,GSE25055,clinical,GSM615200,0,0.11371099186297275
GSE32646,GSE25055,clinical,GSM615201,1,0.09633256338814958
GSE32646,GSE25055,clinical,GSM615202,1,0.3562897655253938
GSE32646,GSE25055,clinical,GSM615203,0,0.1827886674431392
GSE32646,GSE25055,clinical,GSM615204,0,0.10689472269468706
GSE32646,GSE25055,clinical,GSM615205,0,0.1661223591344237
GSE32646,GSE25055,clinical,GSM615206,0,0.10912588410709341
GSE32646,GSE25055,clinical,GSM615207,0,0.09836754756305313
GSE32646,GSE25055,clinical,GSM615208,0,0.16935532974952405
GSE32646,GSE25055,clinical,GSM615209,1,0.4335753759267136
GSE32646,GSE25055,clinical,GSM615210,0,0.18980940713901612
GSE32646,GSE25055,clinical,GSM615211,1,0.32003361694903254
GSE32646,GSE25055,clinical,GSM615212,1,0.3887545707536391
GSE32646,GSE25055,clinical,GSM615213,1,0.41659785560121976
GSE32646,GSE25055,clinical,GSM615214,0,0.1259130759156028
GSE32646,GSE25055,clinical,GSM615215,1,0.366981935622684
GSE32646,GSE25055,clinical,GSM615216,0,0.13646667564325166
GSE32646,GSE25055,clinical,GSM615217,0,0.12090306865223066
GSE32646,GSE25055,clinical,GSM615218,0,0.4335753759267136
GSE32646,GSE25055,clinical,GSM615219,0,0.09045170788952941
GSE32646,GSE25055,clinical,GSM615220,0,0.07797062092031151
GSE32646,GSE25055,clinical,GSM615221,0,0.09045170788952941
GSE32646,GSE25055,clinical,GSM615222,0,0.11139780675341192
GSE32646,GSE25055,clinical,GSM615223,0,0.43927145044935895
GSE32646,GSE25055,clinical,GSM615224,0,0.12090306865223066
GSE32646,GSE25055,clinical,GSM615225,0,0.4564500417980635
GSE32646,GSE25055,clinical,GSM615226,0,0.13646667564325166
GSE32646,GSE25055,clinical,GSM615227,0,0.12090306865223066
GSE32646,GSE25055,clinical,GSM615228,0,0.09836754756305313
GSE32646,GSE25055,clinical,GSM615229,0,0.3887545707536391
GSE32646,GSE25055,clinical,GSM615230,0,0.0923751606689969
GSE32646,GSE25055,clinical,GSM615231,0,0.11371099186297275
GSE32646,GSE25055,clinical,GSM615232,0,0.13109972868645411
GSE32646,GSE25055,clinical,GSM615233,0,0.17935462743052027
GSE32646,GSE25055,clinical,GSM615234,0,0.10470381764165762
GSE32646,GSE25055,clinical,GSM615235,0,0.16293899911342252
GSE32646,GSE25055,clinical,GSM615236,0,0.17597121040211924
GSE32646,GSE25055,clinical,GSM615237,0,0.10470381764165762
GSE32646,GSE25055,clinical,GSM615238,0,0.1025526609265902
GSE32646,GSE25055,clinical,GSM615239,0,0.10689472269468706
GSE32646,GSE25055,clinical,GSM615240,1,0.3887545707536391
GSE32646,GSE25055,clinical,GSM615241,0,0.15069543426507634
GSE32646,GSE25055,clinical,GSM615242,1,0.37780665035330907
GSE32646,GSE25055,clinical,GSM615243,0,0.10689472269468706
GSE32646,GSE25055,clinical,GSM615244,0,0.4053858573153042
GSE32646,GSE25055,clinical,GSM615245,0,0.08671271239231589
GSE32646,GSE25055,clinical,GSM615246,0,0.07004228559996209
GSE32646,GSE25055,clinical,GSM615247,0,0.094335273378364
GSE32646,GSE25055,clinical,GSM615248,0,0.09836754756305313
GSE32646,GSE25055,clinical,GSM615249,0,0.16293899911342252
GSE32646,GSE25055,clinical,GSM615250,0,0.4737328618119878
GSE32646,GSE25055,clinical,GSM615251,0,0.366981935622684
GSE32646,GSE25055,clinical,GSM615252,0,0.1259130759156028
GSE32646,GSE25055,clinical,GSM615253,0,0.09633256338814958
GSE32646,GSE25055,clinical,GSM615254,0,0.11371099186297275
GSE32646,GSE25055,clinical,GSM615255,0,0.34051920502652583
GSE32646,GSE25055,clinical,GSM615256,1,0.11846313305581864
GSE32646,GSE25055,clinical,GSM615257,0,0.13921886137412112
GSE32646,GSE25055,clinical,GSM615258,0,0.12848409048339335
GSE32646,GSE25055,clinical,GSM615259,0,0.14775531494958408
GSE32646,GSE25055,clinical,GSM615260,0,0.13109972868645411
GSE32646,GSE25055,clinical,GSM615261,0,0.13646667564325166
GSE32646,GSE25055,clinical,GSM615262,0,0.09836754756305313
GSE32646,GSE25055,clinical,GSM615263,1,0.46220141161101885
GSE32646,GSE25055,clinical,GSM615264,1,0.3723782969894346
GSE32646,GSE25055,clinical,GSM615265,0,0.4737328618119878
GSE32646,GSE25055,clinical,GSM615266,0,0.14201742335944562
GSE32646,GSE25055,clinical,GSM615267,0,0.09836754756305313
GSE32646,GSE25055,clinical,GSM615268,0,0.08489613577410828
GSE32646,GSE25055,clinical,GSM615269,0,0.094335273378364
GSE32646,GSE25055,clinical,GSM615270,1,0.33533785280031825
GSE32646,GSE25055,clinical,GSM615271,0,0.1025526609265902
GSE32646,GSE25055,clinical,GSM615272,0,0.15069543426507634
GSE32646,GSE25055,clinical,GSM615273,0,0.11139780675341192
GSE32646,GSE25055,clinical,GSM615274,0,0.1661223591344237
GSE32646,GSE25055,clinical,GSM615275,0,0.4564500417980635
GSE32646,GSE25055,clinical,GSM615276,0,0.41098029960732285
GSE32646,GSE25055,clinical,GSM615277,0,0.11606593650480919
GSE32646,GSE25055,clinical,GSM615278,0,0.10912588410709341
GSE32646,GSE25055,clinical,GSM615279,0,0.11606593650480919
GSE32646,GSE25055,clinical,GSM615280,1,0.09633256338814958
GSE32646,GSE25055,clinical,GSM615281,0,0.1025526609265902
GSE32646,GSE25055,clinical,GSM615282,0,0.14201742335944562
GSE32646,GSE25055,clinical,GSM615283,0,0.13376044265450926
GSE32646,GSE25055,clinical,GSM615284,1,0.3998158770637353
GSE32646,GSE25055,clinical,GSM615285,0,0.1025526609265902
GSE32646,GSE25055,clinical,GSM615286,0,0.14775531494958408
GSE32646,GSE25055,clinical,GSM615287,0,0.3998158770637353
GSE32646,GSE25055,clinical,GSM615288,0,0.33533785280031825
GSE32646,GSE25055,clinical,GSM615289,0,0.10689472269468706
GSE32646,GSE25055,clinical,GSM615290,0,0.15980495054874586
GSE32646,GSE25055,clinical,GSM615291,1,0.4507102611358194
GSE32646,GSE25055,clinical,GSM615292,0,0.10912588410709341
GSE32646,GSE25055,clinical,GSM615293,1,0.3002194015410216
GSE32646,GSE25055,clinical,GSM615294,0,0.10470381764165762
GSE32646,GSE25055,clinical,GSM615295,0,0.41659785560121976
GSE32646,GSE25055,clinical,GSM615296,0,0.10689472269468706
GSE32646,GSE25055,clinical,GSM615297,0,0.4449835688785257
GSE32646,GSE25055,clinical,GSM615298,0,0.094335273378364
GSE32646,GSE25055,clinical,GSM615299,0,0.10912588410709341
GSE32646,GSE25055,clinical,GSM615300,1,0.43927145044935895
GSE32646,GSE25055,clinical,GSM615301,0,0.46796285903398993
GSE32646,GSE25055,clinical,GSM615302,0,0.12848409048339335
GSE32646,GSE25055,clinical,GSM615303,0,0.5026573798345565
GSE32646,GSE25055,clinical,GSM615304,0,0.13376044265450926
GSE32646,GSE25055,clinical,GSM615305,0,0.0923751606689969
GSE32646,GSE25055,clinical,GSM615306,0,0.13646667564325166
GSE32646,GSE25055,clinical,GSM615307,1,0.3051072185644073
GSE32646,GSE25055,clinical,GSM615308,0,0.11846313305581864
GSE32646,GSE25055,clinical,GSM615309,0,0.10470381764165762
GSE32646,GSE25055,clinical,GSM615310,1,0.153683507812892
GSE32646,GSE25055,clinical,GSM615311,0,0.08311415197307168
GSE32646,GSE25055,clinical,GSM615312,0,0.4053858573153042
GSE32646,GSE25055,clinical,GSM615313,0,0.11606593650480919
GSE32646,GSE25055,clinical,GSM615314,0,0.17597121040211924
GSE32646,GSE25055,clinical,GSM615315,0,0.3051072185644073
GSE32646,GSE25055,clinical,GSM615316,0,0.16293899911342252
GSE32646,GSE25055,clinical,GSM615317,0,0.38326581265456394
GSE32646,GSE25055,clinical,GSM615318,0,0.10912588410709341
GSE32646,GSE25055,clinical,GSM615319,0,0.4737328618119878
GSE32646,GSE25055,clinical,GSM615320,0,0.34573897118691244
GSE32646,GSE25055,clinical,GSM615321,0,0.3998158770637353
GSE32646,GSE25055,clinical,GSM615322,0,0.41098029960732285
GSE32646,GSE25055,clinical,GSM615323,0,0.3051072185644073
GSE32646,GSE25055,clinical,GSM615324,1,0.39427168236729804
GSE32646,GSE25055,clinical,GSM615325,1,0.3616187183569637
GSE32646,GSE25055,clinical,GSM615326,0,0.13376044265450926
GSE32646,GSE25055,clinical,GSM615327,0,0.4852924004399778
GSE32646,GSE25055,clinical,GSM615328,0,0.10470381764165762
GSE32646,GSE25055,clinical,GSM615329,0,0.09633256338814958
GSE32646,GSE25055,clinical,GSM615330,0,0.4852924004399778
GSE32646,GSE25055,clinical,GSM615331,1,0.14486277421343585
GSE32646,GSE25055,clinical,GSM615332,0,0.15980495054874586
GSE32646,GSE25055,clinical,GSM615333,0,0.3887545707536391
GSE32646,GSE25055,clinical,GSM615334,1,0.46220141161101885
GSE32646,GSE25055,clinical,GSM615335,0,0.4053858573153042
GSE32646,GSE25055,clinical,GSM615336,1,0.39427168236729804
GSE32646,GSE25055,clinical,GSM615337,0,0.10689472269468706
GSE32646,GSE25055,clinical,GSM615338,1,0.43927145044935895
GSE32646,GSE25055,clinical,GSM615339,0,0.13646667564325166
GSE32646,GSE25055,clinical,GSM615340,0,0.11606593650480919
GSE32646,GSE25055,clinical,GSM615341,0,0.10912588410709341
GSE32646,GSE25055,clinical,GSM615342,0,0.3616187183569637
GSE32646,GSE25055,clinical,GSM615343,0,0.07632188079297643
GSE32646,GSE25055,clinical,GSM615344,0,0.4449835688785257
GSE32646,GSE25055,clinical,GSM615345,0,0.4795098885720202
GSE32646,GSE25055,clinical,GSM615346,0,0.3562897655253938
GSE32646,GSE25055,clinical,GSM615347,0,0.5257934856502404
GSE32646,GSE25055,clinical,GSM615348,0,0.3100393561838038
GSE32646,GSE25055,clinical,GSM615349,0,0.11606593650480919
GSE32646,GSE25055,clinical,GSM615350,0,0.4507102611358194
GSE32646,GSE25055,clinical,GSM615351,0,0.12338622462447726
GSE32646,GSE25055,clinical,GSM615352,0,0.1827886674431392
GSE32646,GSE25055,clinical,GSM615353,1,0.10689472269468706
GSE32646,GSE25055,clinical,GSM615354,1,0.37780665035330907
GSE32646,GSE25055,clinical,GSM615355,0,0.10912588410709341
GSE32646,GSE25055,clinical,GSM615356,0,0.3616187183569637
GSE32646,GSE25055,clinical,GSM615357,1,0.41659785560121976
GSE32646,GSE25055,clinical,GSM615358,0,0.16935532974952405
GSE32646,GSE25055,clinical,GSM615359,1,0.4053858573153042
GSE32646,GSE25055,clinical,GSM615360,0,0.12338622462447726
GSE32646,GSE25055,clinical,GSM615361,0,0.153683507812892
GSE32646,GSE25055,clinical,GSM615362,0,0.12090306865223066
GSE32646,GSE25055,clinical,GSM615363,0,0.3250941605393182
GSE32646,GSE25055,clinical,GSM615364,0,0.31501507948973706
GSE32646,GSE25055,clinical,GSM615365,0,0.15069543426507634
GSE32646,GSE25055,clinical,GSM615366,0,0.10689472269468706
GSE32646,GSE25055,clinical,GSM615367,0,0.11371099186297275
GSE32646,GSE25055,clinical,GSM615368,0,0.2858286725788645
GSE32646,GSE25055,clinical,GSM615369,0,0.3998158770637353
GSE32646,GSE25055,clinical,GSM615370,0,0.08671271239231589
GSE32646,GSE25055,clinical,GSM615371,1,0.49686769631424826
GSE32646,GSE25055,clinical,GSM615372,0,0.34051920502652583
GSE32646,GSE25055,clinical,GSM615373,0,0.1025526609265902
GSE32646,GSE25055,clinical,GSM615374,0,0.13109972868645411
GSE32646,GSE25055,clinical,GSM615375,1,0.5430785826188024
GSE32646,GSE25055,clinical,GSM615376,0,0.4053858573153042
GSE32646,GSE25055,clinical,GSM615377,0,0.11371099186297275
GSE32646,GSE25055,clinical,GSM615378,0,0.35099616493718633
GSE32646,GSE25055,clinical,GSM615379,1,0.46796285903398993
GSE32646,GSE25055,clinical,GSM615380,0,0.34573897118691244
GSE32646,GSE25055,clinical,GSM615381,0,0.14775531494958408
GSE32646,GSE25055,clinical,GSM615382,0,0.4507102611358194
GSE32646,GSE25055,clinical,GSM615383,1,0.11846313305581864
GSE32646,GSE25055,clinical,GSM615384,0,0.43927145044935895
GSE32646,GSE25055,clinical,GSM615385,0,0.3301958659428007
GSE32646,GSE25055,clinical,GSM615386,0,0.11371099186297275
GSE32646,GSE25055,clinical,GSM615387,0,0.33533785280031825
GSE32646,GSE25055,clinical,GSM615388,0,0.094335273378364
GSE32646,GSE25055,clinical,GSM615389,0,0.12338622462447726
GSE32646,GSE25055,clinical,GSM615390,0,0.37780665035330907
GSE32646,GSE25055,clinical,GSM615391,0,0.13646667564325166
GSE32646,GSE25055,clinical,GSM615392,0,0.4852924004399778
GSE32646,GSE25055,clinical,GSM615393,1,0.3616187183569637
GSE32646,GSE25055,clinical,GSM615394,1,0.46796285903398993
GSE32646,GSE25055,clinical,GSM615395,0,0.153683507812892
GSE32646,GSE25055,clinical,GSM615396,1,0.3051072185644073
GSE32646,GSE25055,clinical,GSM615397,1,0.43927145044935895
GSE32646,GSE25055,clinical,GSM615398,0,0.11371099186297275
GSE32646,GSE25055,clinical,GSM615399,0,0.11846313305581864
GSE32646,GSE25055,clinical,GSM615400,0,0.1827886674431392
GSE32646,GSE25055,clinical,GSM615401,0,0.17597121040211924
GSE32646,GSE25055,clinical,GSM615402,0,0.10912588410709341
GSE32646,GSE25055,clinical,GSM615403,0,0.3998158770637353
GSE32646,GSE25055,clinical,GSM615404,0,0.15671989746232748
GSE32646,GSE25055,clinical,GSM615405,0,0.4449835688785257
GSE32646,GSE25055,score,GSM615096,0,0.019147121474303593
GSE32646,GSE25055,score,GSM615097,0,0.018306732185640096
GSE32646,GSE25055,score,GSM615098,0,0.05597587828399687
GSE32646,GSE25055,score,GSM615099,1,0.0808352032207084
GSE32646,GSE25055,score,GSM615100,0,0.04469702499876116
GSE32646,GSE25055,score,GSM615101,0,0.06089663528470661
GSE32646,GSE25055,score,GSM615102,0,0.053896382437986966
GSE32646,GSE25055,score,GSM615104,0,0.03732370321926187
GSE32646,GSE25055,score,GSM615106,0,0.02597851903116603
GSE32646,GSE25055,score,GSM615107,0,0.050961823287155726
GSE32646,GSE25055,score,GSM615108,0,0.037271071533864476
GSE32646,GSE25055,score,GSM615109,0,0.07511011962368662
GSE32646,GSE25055,score,GSM615111,0,0.030944183211518334
GSE32646,GSE25055,score,GSM615112,0,0.062062529927190246
GSE32646,GSE25055,score,GSM615113,0,0.05468332635072622
GSE32646,GSE25055,score,GSM615114,0,0.021026263460615733
GSE32646,GSE25055,score,GSM615115,0,0.03717369262921127
GSE32646,GSE25055,score,GSM615116,0,0.028437421713097693
GSE32646,GSE25055,score,GSM615117,0,0.06598077441024812
GSE32646,GSE25055,score,GSM615120,0,0.01701913648225943
GSE32646,GSE25055,score,GSM615121,0,0.01946931346214862
GSE32646,GSE25055,score,GSM615122,1,0.01629379919929005
GSE32646,GSE25055,score,GSM615123,1,0.08381409637882939
GSE32646,GSE25055,score,GSM615124,0,0.030040879126066945
GSE32646,GSE25055,score,GSM615125,0,0.017830843061451395
GSE32646,GSE25055,score,GSM615126,0,0.03336115283590353
GSE32646,GSE25055,score,GSM615127,0,0.030381917781489513
GSE32646,GSE25055,score,GSM615128,0,0.02043525109140219
GSE32646,GSE25055,score,GSM615129,0,0.023674803075272723
GSE32646,GSE25055,score,GSM615130,0,0.021713642419366054
GSE32646,GSE25055,score,GSM615131,0,0.028824944005584826
GSE32646,GSE25055,score,GSM615132,0,0.022507876168633315
GSE32646,GSE25055,score,GSM615133,0,0.018628402513098996
GSE32646,GSE25055,score,GSM615134,0,0.017130570421577354
GSE32646,GSE25055,score,GSM615135,0,0.0354989259266995
GSE32646,GSE25055,score,GSM615136,0,0.059274480685502486
GSE32646,GSE25055,score,GSM615137,1,0.0324500993875007
GSE32646,GSE25055,score,GSM615138,0,0.024597953130497945
GSE32646,GSE25055,score,GSM615139,1,0.10576457019931507
GSE32646,GSE25055,score,GSM615140,1,0.04279247985166799
GSE32646,GSE25055,score,GSM615142,0,0.02519085145159821
GSE32646,GSE25055,score,GSM615143,1,0.046435064809218995
GSE32646,GSE25055,score,GSM615144,0,0.025919816883312935
GSE32646,GSE25055,score,GSM615145,0,0.12153208663677988
GSE32646,GSE25055,score,GSM615146,1,0.04402220865514729
GSE32646,GSE25055,score,GSM615147,0,0.026052667999782616
GSE32646,GSE25055,score,GSM615148,0,0.046503160353367524
GSE32646,GSE25055,score,GSM615149,0,0.034678640187914896
GSE32646,GSE25055,score,GSM615150,0,0.01670400025722965
GSE32646,GSE25055,score,GSM615151,0,0.050269575220317365
GSE32646,GSE25055,score,GSM615153,0,0.03589754377463123
GSE32646,GSE25055,score,GSM615154,1,0.03443670953820168
GSE32646,GSE25055,score,GSM615155,0,0.05476866258764882
GSE32646,GSE25055,score,GSM615156,0,0.032818089850763975
GSE32646,GSE25055,score,GSM615157,0,0.01663425408805684
GSE32646,GSE25055,score,GSM615158,0,0.023338059742564643
GSE32646,GSE25055,score,GSM615159,0,0.020306103855002415
GSE32646,GSE25055,score,GSM615160,0,0.04115814635174221
GSE32646,GSE25055,score,GSM615162,0,0.01591759999095953
GSE32646,GSE25055,score,GSM615164,1,0.08577870352060603
GSE32646,GSE25055,score,GSM615165,0,0.02286277219962873
GSE32646,GSE25055,score,GSM615166,0,0.040107109475217506
GSE32646,GSE25055,score,GSM615167,1,0.02024850998387041
GSE32646,GSE25055,score,GSM615168,0,0.01846221401503703
GSE32646,GSE25055,score,GSM615169,0,0.048691076280626064
GSE32646,GSE25055,score,GSM615170,0,0.019171075693458554
GSE32646,GSE25055,score,GSM615171,1,0.03191739920750239
GSE32646,GSE25055,score,GSM615172,0,0.02146168853234956
GSE32646,GSE25055,score,GSM615173,0,0.01978698247408312
GSE32646,GSE25055,score,GSM615174,0,0.03597526979104463
GSE32646,GSE25055,score,GSM615175,1,0.060017680084376426
GSE32646,GSE25055,score,GSM615176,0,0.019989653791285575
GSE32646,GSE25055,score,GSM615177,0,0.030406361999545956
GSE32646,GSE25055,score,GSM615178,0,0.03992971096874828
GSE32646,GSE25055,score,GSM615179,0,0.029042609679251506
GSE32646,GSE25055,score,GSM615180,0,0.03423631545523411
GSE32646,GSE25055,score,GSM615181,1,0.04826707847791361
GSE32646,GSE25055,score,GSM615182,0,0.05763706479212033
GSE32646,GSE25055,score,GSM615183,0,0.01725582570472888
GSE32646,GSE25055,score,GSM615184,0,0.09003358276248655
GSE32646,GSE25055,score,GSM615185,0,0.03498329118341696
GSE32646,GSE25055,score,GSM615186,1,0.020352344702845557
GSE32646,GSE25055,score,GSM615187,0,0.03788191146000422
GSE32646,GSE25055,score,GSM615188,0,0.03730808972732806
GSE32646,GSE25055,score,GSM615189,0,0.04165183076414592
GSE32646,GSE25055,score,GSM615190,0,0.050549411885596654
GSE32646,GSE25055,score,GSM615191,1,0.10138779446128225
GSE32646,GSE25055,score,GSM615192,0,0.021844947841434727
GSE32646,GSE25055,score,GSM615193,1,0.0444415318608063
GSE32646,GSE25055,score,GSM615194,1,0.08251563671407403
GSE32646,GSE25055,score,GSM615195,0,0.0854918950015947
GSE32646,GSE25055,score,GSM615196,0,0.053328477900364185
GSE32646,GSE25055,score,GSM615197,0,0.06894140811641014
GSE32646,GSE25055,score,GSM615198,0,0.019041245602699812
GSE32646,GSE25055,score,GSM615199,0,0.030587114191455718
GSE32646,GSE25055,score,GSM615200,0,0.06275423245111107
GSE32646,GSE25055,score,GSM615201,1,0.05355004186884458
GSE32646,GSE25055,score,GSM615202,1,0.0857000043415206
GSE32646,GSE25055,score,GSM615203,0,0.012075196842185113
GSE32646,GSE25055,score,GSM615204,0,0.01689584527148513
GSE32646,GSE25055,score,GSM615205,0,0.02536507081918788
GSE32646,GSE25055,score,GSM615206,0,0.018965984020534263
GSE32646,GSE25055,score,GSM615207,0,0.01676277632515255
GSE32646,GSE25055,score,GSM615208,0,0.02039172849422116
GSE32646,GSE25055,score,GSM615209,1,0.07593076512721564
GSE32646,GSE25055,score,GSM615210,0,0.014187231204939445
GSE32646,GSE25055,score,GSM615211,1,0.08610825332077887
GSE32646,GSE25055,score,GSM615212,1,0.02160324011452676
GSE32646,GSE25055,score,GSM615213,1,0.05424360911067889
GSE32646,GSE25055,score,GSM615214,0,0.011941075250197174
GSE32646,GSE25055,score,GSM615215,1,0.037702916613405545
GSE32646,GSE25055,score,GSM615216,0,0.03910442688287468
GSE32646,GSE25055,score,GSM615217,0,0.025943718213119582
GSE32646,GSE25055,score,GSM615218,0,0.03810591538691238
GSE32646,GSE25055,score,GSM615219,0,0.0316254822557796
GSE32646,GSE25055,score,GSM615220,0,0.009252967487904024
GSE32646,GSE25055,score,GSM615221,0,0.028690130641178573
GSE32646,GSE25055,score,GSM615222,0,0.014789572514838412
GSE32646,GSE25055,score,GSM615223,0,0.022044492785064464
GSE32646,GSE25055,score,GSM615224,0,0.009521891293682774
GSE32646,GSE25055,score,GSM615225,0,0.04104488038511521
GSE32646,GSE25055,score,GSM615226,0,0.013019160537409463
GSE32646,GSE25055,score,GSM615227,0,0.03780338935605881
GSE32646,GSE25055,score,GSM615228,0,0.02926884437324817
GSE32646,GSE25055,score,GSM615229,0,0.011595406749900361
GSE32646,GSE25055,score,GSM615230,0,0.01420921036113938
GSE32646,GSE25055,score,GSM615231,0,0.015737846176715236
GSE32646,GSE25055,score,GSM615232,0,0.014114424533573951
GSE32646,GSE25055,score,GSM615233,0,0.012241378035657663
GSE32646,GSE25055,score,GSM615234,0,0.02046350973418023
GSE32646,GSE25055,score,GSM615235,0,0.06686064500659122
GSE32646,GSE25055,score,GSM615236,0,0.03152954197398029
GSE32646,GSE25055,score,GSM615237,0,0.016953067331620632
GSE32646,GSE25055,score,GSM615238,0,0.012424900120974778
GSE32646,GSE25055,score,GSM615239,0,0.033853933941650705
GSE32646,GSE25055,score,GSM615240,1,0.01676146944249471
GSE32646,GSE25055,score,GSM615241,0,0.029059492532336893
GSE32646,GSE25055,score,GSM615242,1,0.05707245934487958
GSE32646,GSE25055,score,GSM615243,0,0.01618655110251137
GSE32646,GSE25055,score,GSM615244,0,0.020149215685898947
GSE32646,GSE25055,score,GSM615245,0,0.04758944382100511
GSE32646,GSE25055,score,GSM615246,0,0.03455198078437387
GSE32646,GSE25055,score,GSM615247,0,0.030842844629126728
GSE32646,GSE25055,score,GSM615248,0,0.07879010057121928
GSE32646,GSE25055,score,GSM615249,0,0.023226999861845652
GSE32646,GSE25055,score,GSM615250,0,0.07102448673112553
GSE32646,GSE25055,score,GSM615251,0,0.05514752226868901
GSE32646,GSE25055,score,GSM615252,0,0.014567303638018187
GSE32646,GSE25055,score,GSM615253,0,0.029010255662895626
GSE32646,GSE25055,score,GSM615254,0,0.02007521146346619
GSE32646,GSE25055,score,GSM615255,0,0.035949872069778135
GSE32646,GSE25055,score,GSM615256,1,0.04583304658263743
GSE32646,GSE25055,score,GSM615257,0,0.010236492809685445
GSE32646,GSE25055,score,GSM615258,0,0.03522729788891735
GSE32646,GSE25055,score,GSM615259,0,0.017041019343204445
GSE32646,GSE25055,score,GSM615260,0,0.0748143467124313
GSE32646,GSE25055,score,GSM615261,0,0.036023144464382754
GSE32646,GSE25055,score,GSM615262,0,0.014805476186432577
GSE32646,GSE25055,score,GSM615263,1,0.05920758154022552
GSE32646,GSE25055,score,GSM615264,1,0.025239503931594905
GSE32646,GSE25055,score,GSM615265,0,0.024529364375146367
GSE32646,GSE25055,score,GSM615266,0,0.040655957640680175
GSE32646,GSE25055,score,GSM615267,0,0.025732420507808308
GSE32646,GSE25055,score,GSM615268,0,0.0271759723721283
GSE32646,GSE25055,score,GSM615269,0,0.02151244451790983
GSE32646,GSE25055,score,GSM615270,1,0.0756523001575402
GSE32646,GSE25055,score,GSM615271,0,0.0587448240674959
GSE32646,GSE25055,score,GSM615272,0,0.020746348194406992
GSE32646,GSE25055,score,GSM615273,0,0.0390793265829469
GSE32646,GSE25055,score,GSM615274,0,0.07054769921287028
GSE32646,GSE25055,score,GSM615275,0,0.0704944613064149
GSE32646,GSE25055,score,GSM615276,0,0.034875789220057275
GSE32646,GSE25055,score,GSM615277,0,0.02862660683068749
GSE32646,GSE25055,score,GSM615278,0,0.0286131954712098
GSE32646,GSE25055,score,GSM615279,0,0.02357444153727028
GSE32646,GSE25055,score,GSM615280,1,0.05623419486644061
GSE32646,GSE25055,score,GSM615281,0,0.028829959889617684
GSE32646,GSE25055,score,GSM615282,0,0.031310115790399454
GSE32646,GSE25055,score,GSM615283,0,0.03665187198190475
GSE32646,GSE25055,score,GSM615284,1,0.056975014447037224
GSE32646,GSE25055,score,GSM615285,0,0.017646593772567342
GSE32646,GSE25055,score,GSM615286,0,0.06421821519245037
GSE32646,GSE25055,score,GSM615287,0,0.03724971996448552
GSE32646,GSE25055,score,GSM615288,0,0.05925712966477351
GSE32646,GSE25055,score,GSM615289,0,0.061591957802332745
GSE32646,GSE25055,score,GSM615290,0,0.07624016777045253
GSE32646,GSE25055,score,GSM615291,1,0.044307058248265314
GSE32646,GSE25055,score,GSM615292,0,0.027431592920309243
GSE32646,GSE25055,score,GSM615293,1,0.1079986397858171
GSE32646,GSE25055,score,GSM615294,0,0.04390473630464457
GSE32646,GSE25055,score,GSM615295,0,0.022598759736437345
GSE32646,GSE25055,score,GSM615296,0,0.03091739187294532
GSE32646,GSE25055,score,GSM615297,0,0.07875870417698351
GSE32646,GSE25055,score,GSM615298,0,0.025868566795766715
GSE32646,GSE25055,score,GSM615299,0,0.01516286942881568
GSE32646,GSE25055,score,GSM615300,1,0.032824851471140136
GSE32646,GSE25055,score,GSM615301,0,0.04512147195776847
GSE32646,GSE25055,score,GSM615302,0,0.03090447164396066
GSE32646,GSE25055,score,GSM615303,0,0.04705665024858299
GSE32646,GSE25055,score,GSM615304,0,0.017061472000231344
GSE32646,GSE25055,score,GSM615305,0,0.022738522196568262
GSE32646,GSE25055,score,GSM615306,0,0.020397667687899974
GSE32646,GSE25055,score,GSM615307,1,0.12248565390285711
GSE32646,GSE25055,score,GSM615308,0,0.01937199976977888
GSE32646,GSE25055,score,GSM615309,0,0.025080236614885426
GSE32646,GSE25055,score,GSM615310,1,0.1071100015803649
GSE32646,GSE25055,score,GSM615311,0,0.014960693845222743
GSE32646,GSE25055,score,GSM615312,0,0.038259001226880224
GSE32646,GSE25055,score,GSM615313,0,0.014739919280092662
GSE32646,GSE25055,score,GSM615314,0,0.017293777040235662
GSE32646,GSE25055,score,GSM615315,0,0.0700546315839865
GSE32646,GSE25055,score,GSM615316,0,0.011675417207544165
GSE32646,GSE25055,score,GSM615317,0,0.055907226970293974
GSE32646,GSE25055,score,GSM615318,0,0.017904389090992772
GSE32646,GSE25055,score,GSM615319,0,0.030926240275791463
GSE32646,GSE25055,score,GSM615320,0,0.08037718135820394
GSE32646,GSE25055,score,GSM615321,0,0.04912241862014458
GSE32646,GSE25055,score,GSM615322,0,0.07007936261715346
GSE32646,GSE25055,score,GSM615323,0,0.017550903270811026
GSE32646,GSE25055,score,GSM615324,1,0.11171033408034958
GSE32646,GSE25055,score,GSM615325,1,0.07616846351745368
GSE32646,GSE25055,score,GSM615326,0,0.09453318350035464
GSE32646,GSE25055,score,GSM615327,0,0.05177682806717562
GSE32646,GSE25055,score,GSM615328,0,0.018630683244261537
GSE32646,GSE25055,score,GSM615329,0,0.016563761939414917
GSE32646,GSE25055,score,GSM615330,0,0.017939333015067255
GSE32646,GSE25055,score,GSM615331,1,0.022494769822720133
GSE32646,GSE25055,score,GSM615332,0,0.040681975930650205
GSE32646,GSE25055,score,GSM615333,0,0.03705841577931809
GSE32646,GSE25055,score,GSM615334,1,0.1098207303101788
GSE32646,GSE25055,score,GSM615335,0,0.048030175379770786
GSE32646,GSE25055,score,GSM615336,1,0.07459015108004709
GSE32646,GSE25055,score,GSM615337,0,0.024870496870085666
GSE32646,GSE25055,score,GSM615338,1,0.04398435723197721
GSE32646,GSE25055,score,GSM615339,0,0.014469937022216396
GSE32646,GSE25055,score,GSM615340,0,0.021487554131344032
GSE32646,GSE25055,score,GSM615341,0,0.016934907472481324
GSE32646,GSE25055,score,GSM615342,0,0.02326050475330682
GSE32646,GSE25055,score,GSM615343,0,0.038324367330034435
GSE32646,GSE25055,score,GSM615344,0,0.02132803767092342
GSE32646,GSE25055,score,GSM615345,0,0.015039927264110107
GSE32646,GSE25055,score,GSM615346,0,0.060240844298686015
GSE32646,GSE25055,score,GSM615347,0,0.0562233139681224
GSE32646,GSE25055,score,GSM615348,0,0.049207289174528566
GSE32646,GSE25055,score,GSM615349,0,0.02194748248355411
GSE32646,GSE25055,score,GSM615350,0,0.032148723061720355
GSE32646,GSE25055,score,GSM615351,0,0.028138818854239727
GSE32646,GSE25055,score,GSM615352,0,0.011827174660367841
GSE32646,GSE25055,score,GSM615353,1,0.03271972491027426
GSE32646,GSE25055,score,GSM615354,1,0.04700157348461538
GSE32646,GSE25055,score,GSM615355,0,0.03767721300124245
GSE32646,GSE25055,score,GSM615356,0,0.027520532080372726
GSE32646,GSE25055,score,GSM615357,1,0.07303980111725508
GSE32646,GSE25055,score,GSM615358,0,0.019795671644038684
GSE32646,GSE25055,score,GSM615359,1,0.08561456534033003
GSE32646,GSE25055,score,GSM615360,0,0.023315579717032693
GSE32646,GSE25055,score,GSM615361,0,0.0365842212541527
GSE32646,GSE25055,score,GSM615362,0,0.01818873688236589
GSE32646,GSE25055,score,GSM615363,0,0.026367388185546774
GSE32646,GSE25055,score,GSM615364,0,0.060358719800458774
GSE32646,GSE25055,score,GSM615365,0,0.024638504002221066
GSE32646,GSE25055,score,GSM615366,0,0.018229450107046043
GSE32646,GSE25055,score,GSM615367,0,0.027207216111810352
GSE32646,GSE25055,score,GSM615368,0,0.08752858215988922
GSE32646,GSE25055,score,GSM615369,0,0.026945293535283042
GSE32646,GSE25055,score,GSM615370,0,0.03164717277878921
GSE32646,GSE25055,score,GSM615371,1,0.04748491963526326
GSE32646,GSE25055,score,GSM615372,0,0.04787416447134758
GSE32646,GSE25055,score,GSM615373,0,0.03452067319958153
GSE32646,GSE25055,score,GSM615374,0,0.013413215004837753
GSE32646,GSE25055,score,GSM615375,1,0.15746649118075787
GSE32646,GSE25055,score,GSM615376,0,0.02449973857541511
GSE32646,GSE25055,score,GSM615377,0,0.01097734313139417
GSE32646,GSE25055,score,GSM615378,0,0.04202052360293527
GSE32646,GSE25055,score,GSM615379,1,0.030931252143916305
GSE32646,GSE25055,score,GSM615380,0,0.08619236155500407
GSE32646,GSE25055,score,GSM615381,0,0.011073340880909208
GSE32646,GSE25055,score,GSM615382,0,0.02127084052851313
GSE32646,GSE25055,score,GSM615383,1,0.016290449271210535
GSE32646,GSE25055,score,GSM615384,0,0.029858987924695102
GSE32646,GSE25055,score,GSM615385,0,0.01451770208289229
GSE32646,GSE25055,score,GSM615386,0,0.011292714677250393
GSE32646,GSE25055,score,GSM615387,0,0.028573329500546574
GSE32646,GSE25055,score,GSM615388,0,0.020347251711527032
GSE32646,GSE25055,score,GSM615389,0,0.021778986324453815
GSE32646,GSE25055,score,GSM615390,0,0.06297345857187324
GSE32646,GSE25055,score,GSM615391,0,0.019049030875953613
GSE32646,GSE25055,score,GSM615392,0,0.0604620331713054
GSE32646,GSE25055,score,GSM615393,1,0.029289401384910277
GSE32646,GSE25055,score,GSM615394,1,0.03240906088109896
GSE32646,GSE25055,score,GSM615395,0,0.014687006543344946
GSE32646,GSE25055,score,GSM615396,1,0.052156763321175574
GSE32646,GSE25055,score,GSM615397,1,0.05391557068678645
GSE32646,GSE25055,score,GSM615398,0,0.0378472216325365
GSE32646,GSE25055,score,GSM615399,0,0.02404118403287411
GSE32646,GSE25055,score,GSM615400,0,0.02230420344049896
GSE32646,GSE25055,score,GSM615401,0,0.038849311284197094
GSE32646,GSE25055,score,GSM615402,0,0.025611639667520853
GSE32646,GSE25055,score,GSM615403,0,0.05729856419261608
GSE32646,GSE25055,score,GSM615404,0,0.027253848136819015
GSE32646,GSE25055,score,GSM615405,0,0.08456699524542328
GSE32646,GSE25055,combined,GSM615096,0,0.01488000747081026
GSE32646,GSE25055,combined,GSM615097,0,0.018207924552196754
GSE32646,GSE25055,combined,GSM615098,0,0.09178577244749957
GSE32646,GSE25055,combined,GSM615099,1,0.12045396828785071
GSE32646,GSE25055,combined,GSM615100,0,0.026738948528810643
GSE32646,GSE25055,combined,GSM615101,0,0.13255864343074975
GSE32646,GSE25055,combined,GSM615102,0,0.08335264516123439
GSE32646,GSE25055,combined,GSM615104,0,0.08023016868231052
GSE32646,GSE25055,combined,GSM615106,0,0.06980523386727876
GSE32646,GSE25055,combined,GSM615107,0,0.07909197189459483
GSE32646,GSE25055,combined,GSM615108,0,0.032110362430158
GSE32646,GSE25055,combined,GSM615109,0,0.1811401075539826
GSE32646,GSE25055,combined,GSM615111,0,0.07775272672189047
GSE32646,GSE25055,combined,GSM615112,0,0.17756816557032043
GSE32646,GSE25055,combined,GSM615113,0,0.09553385133017417
GSE32646,GSE25055,combined,GSM615114,0,0.024854117388250732
GSE32646,GSE25055,combined,GSM615115,0,0.07485082999196237
GSE32646,GSE25055,combined,GSM615116,0,0.08123595676249908
GSE32646,GSE25055,combined,GSM615117,0,0.03532948549732294
GSE32646,GSE25055,combined,GSM615120,0,0.02141395059070325
GSE32646,GSE25055,combined,GSM615121,0,0.014503169498332432
GSE32646,GSE25055,combined,GSM615122,1,0.010843916455745882
GSE32646,GSE25055,combined,GSM615123,1,0.07212985219734712
GSE32646,GSE25055,combined,GSM615124,0,0.04132752315504372
GSE32646,GSE25055,combined,GSM615125,0,0.01697276700341977
GSE32646,GSE25055,combined,GSM615126,0,0.02702281465742176
GSE32646,GSE25055,combined,GSM615127,0,0.04452761036841424
GSE32646,GSE25055,combined,GSM615128,0,0.022668975847060513
GSE32646,GSE25055,combined,GSM615129,0,0.027762213216122458
GSE32646,GSE25055,combined,GSM615130,0,0.02014182862165433
GSE32646,GSE25055,combined,GSM615131,0,0.04111096531398502
GSE32646,GSE25055,combined,GSM615132,0,0.022477211948921928
GSE32646,GSE25055,combined,GSM615133,0,0.021755754024373828
GSE32646,GSE25055,combined,GSM615134,0,0.015982171445739126
GSE32646,GSE25055,combined,GSM615135,0,0.10815549496380253
GSE32646,GSE25055,combined,GSM615136,0,0.15891596838970645
GSE32646,GSE25055,combined,GSM615137,1,0.02061959353934062
GSE32646,GSE25055,combined,GSM615138,0,0.016653882002515975
GSE32646,GSE25055,combined,GSM615139,1,0.2147203543098602
GSE32646,GSE25055,combined,GSM615140,1,0.0726534366476157
GSE32646,GSE25055,combined,GSM615142,0,0.02745431665170918
GSE32646,GSE25055,combined,GSM615143,1,0.08453219195789216
GSE32646,GSE25055,combined,GSM615144,0,0.03783789247095893
GSE32646,GSE25055,combined,GSM615145,0,0.2323548759176887
GSE32646,GSE25055,combined,GSM615146,1,0.07316708139506078
GSE32646,GSE25055,combined,GSM615147,0,0.03616269643346572
GSE32646,GSE25055,combined,GSM615148,0,0.07790336750817316
GSE32646,GSE25055,combined,GSM615149,0,0.07112953790779251
GSE32646,GSE25055,combined,GSM615150,0,0.01629083901052319
GSE32646,GSE25055,combined,GSM615151,0,0.09435106803774561
GSE32646,GSE25055,combined,GSM615153,0,0.05193711134080443
GSE32646,GSE25055,combined,GSM615154,1,0.06434065931415928
GSE32646,GSE25055,combined,GSM615155,0,0.027884754195589626
GSE32646,GSE25055,combined,GSM615156,0,0.05785989968479086
GSE32646,GSE25055,combined,GSM615157,0,0.01697405072222553
GSE32646,GSE25055,combined,GSM615158,0,0.03279866276957938
GSE32646,GSE25055,combined,GSM615159,0,0.04860195711585208
GSE32646,GSE25055,combined,GSM615160,0,0.06731516520455723
GSE32646,GSE25055,combined,GSM615162,0,0.014756826206810156
GSE32646,GSE25055,combined,GSM615164,1,0.13014350848710038
GSE32646,GSE25055,combined,GSM615165,0,0.020107062093642696
GSE32646,GSE25055,combined,GSM615166,0,0.02853120170262193
GSE32646,GSE25055,combined,GSM615167,1,0.03606652011491231
GSE32646,GSE25055,combined,GSM615168,0,0.020798169150058148
GSE32646,GSE25055,combined,GSM615169,0,0.10054394619894301
GSE32646,GSE25055,combined,GSM615170,0,0.018972087133875465
GSE32646,GSE25055,combined,GSM615171,1,0.06488820917346949
GSE32646,GSE25055,combined,GSM615172,0,0.03096452851717673
GSE32646,GSE25055,combined,GSM615173,0,0.020492626620461123
GSE32646,GSE25055,combined,GSM615174,0,0.027410038816797905
GSE32646,GSE25055,combined,GSM615175,1,0.10142414732959563
GSE32646,GSE25055,combined,GSM615176,0,0.01930140347282667
GSE32646,GSE25055,combined,GSM615177,0,0.030333777849136028
GSE32646,GSE25055,combined,GSM615178,0,0.06749800804530007
GSE32646,GSE25055,combined,GSM615179,0,0.03486826209351833
GSE32646,GSE25055,combined,GSM615180,0,0.030437668993062963
GSE32646,GSE25055,combined,GSM615181,1,0.10319750483000142
GSE32646,GSE25055,combined,GSM615182,0,0.22465005825781573
GSE32646,GSE25055,combined,GSM615183,0,0.01227709156912846
GSE32646,GSE25055,combined,GSM615184,0,0.16909929990608172
GSE32646,GSE25055,combined,GSM615185,0,0.12584633467253492
GSE32646,GSE25055,combined,GSM615186,1,0.02300015368987793
GSE32646,GSE25055,combined,GSM615187,0,0.05674787800412606
GSE32646,GSE25055,combined,GSM615188,0,0.1184375435004129
GSE32646,GSE25055,combined,GSM615189,0,0.14188492803240055
GSE32646,GSE25055,combined,GSM615190,0,0.07689540772760042
GSE32646,GSE25055,combined,GSM615191,1,0.1287541593175086
GSE32646,GSE25055,combined,GSM615192,0,0.024273454954634625
GSE32646,GSE25055,combined,GSM615193,1,0.07596777845719503
GSE32646,GSE25055,combined,GSM615194,1,0.20347885639829158
GSE32646,GSE25055,combined,GSM615195,0,0.09147889987390355
GSE32646,GSE25055,combined,GSM615196,0,0.06372131266730069
GSE32646,GSE25055,combined,GSM615197,0,0.2086649500695658
GSE32646,GSE25055,combined,GSM615198,0,0.02606547316138737
GSE32646,GSE25055,combined,GSM615199,0,0.021452499234205776
GSE32646,GSE25055,combined,GSM615200,0,0.051381610839225746
GSE32646,GSE25055,combined,GSM615201,1,0.03611054715712691
GSE32646,GSE25055,combined,GSM615202,1,0.12971753591129467
GSE32646,GSE25055,combined,GSM615203,0,0.029497251274416197
GSE32646,GSE25055,combined,GSM615204,0,0.01722811459694137
GSE32646,GSE25055,combined,GSM615205,0,0.04450130143916953
GSE32646,GSE25055,combined,GSM615206,0,0.01937921733333748
GSE32646,GSE25055,combined,GSM615207,0,0.015216499436279068
GSE32646,GSE25055,combined,GSM615208,0,0.03889670507065128
GSE32646,GSE25055,combined,GSM615209,1,0.17026961697809764
GSE32646,GSE25055,combined,GSM615210,0,0.03527014913182983
GSE32646,GSE25055,combined,GSM615211,1,0.10816634060183951
GSE32646,GSE25055,combined,GSM615212,1,0.05588588778515918
GSE32646,GSE25055,combined,GSM615213,1,0.12474888153506823
GSE32646,GSE25055,combined,GSM615214,0,0.016749912306919332
GSE32646,GSE25055,combined,GSM615215,1,0.07521217858313022
GSE32646,GSE25055,combined,GSM615216,0,0.046281035921823754
GSE32646,GSE25055,combined,GSM615217,0,0.0284894936540703
GSE32646,GSE25055,combined,GSM615218,0,0.10521183790943868
GSE32646,GSE25055,combined,GSM615219,0,0.02201162122430996
GSE32646,GSE25055,combined,GSM615220,0,0.006966766577606567
GSE32646,GSE25055,combined,GSM615221,0,0.020420335835427576
GSE32646,GSE25055,combined,GSM615222,0,0.016511218376949063
GSE32646,GSE25055,combined,GSM615223,0,0.07303321043191853
GSE32646,GSE25055,combined,GSM615224,0,0.013292427238091598
GSE32646,GSE25055,combined,GSM615225,0,0.12330531567299534
GSE32646,GSE25055,combined,GSM615226,0,0.020122493576615684
GSE32646,GSE25055,combined,GSM615227,0,0.03795718313367801
GSE32646,GSE25055,combined,GSM615228,0,0.023320508122998074
GSE32646,GSE25055,combined,GSM615229,0,0.03524108134153605
GSE32646,GSE25055,combined,GSM615230,0,0.012270313167859063
GSE32646,GSE25055,combined,GSM615231,0,0.017830088666843012
GSE32646,GSE25055,combined,GSM615232,0,0.020171264108428028
GSE32646,GSE25055,combined,GSM615233,0,0.028945369233352704
GSE32646,GSE25055,combined,GSM615234,0,0.019362904582103678
GSE32646,GSE25055,combined,GSM615235,0,0.08918027349618035
GSE32646,GSE25055,combined,GSM615236,0,0.05701374304190715
GSE32646,GSE25055,combined,GSM615237,0,0.01677041654068074
GSE32646,GSE25055,combined,GSM615238,0,0.012844024558990662
GSE32646,GSE25055,combined,GSM615239,0,0.02931062594954854
GSE32646,GSE25055,combined,GSM615240,1,0.04633551592257039
GSE32646,GSE25055,combined,GSM615241,0,0.04269209237683808
GSE32646,GSE25055,combined,GSM615242,1,0.10743278374833291
GSE32646,GSE25055,combined,GSM615243,0,0.016673487040249506
GSE32646,GSE25055,combined,GSM615244,0,0.057801352519328705
GSE32646,GSE25055,combined,GSM615245,0,0.02848871520427911
GSE32646,GSE25055,combined,GSM615246,0,0.016556740656285502
GSE32646,GSE25055,combined,GSM615247,0,0.022895855524207028
GSE32646,GSE25055,combined,GSM615248,0,0.050260371435604884
GSE32646,GSE25055,combined,GSM615249,0,0.040480173479797814
GSE32646,GSE25055,combined,GSM615250,0,0.1933125675833766
GSE32646,GSE25055,combined,GSM615251,0,0.09930090519805686
GSE32646,GSE25055,combined,GSM615252,0,0.019479997753246967
GSE32646,GSE25055,combined,GSM615253,0,0.022492597849704338
GSE32646,GSE25055,combined,GSM615254,0,0.021463569949035227
GSE32646,GSE25055,combined,GSM615255,0,0.06314654510482211
GSE32646,GSE25055,combined,GSM615256,1,0.04272933510400594
GSE32646,GSE25055,combined,GSM615257,0,0.017271569558762103
GSE32646,GSE25055,combined,GSM615258,0,0.03922360446267276
GSE32646,GSE25055,combined,GSM615259,0,0.0277354042152612
GSE32646,GSE25055,combined,GSM615260,0,0.07165487863869455
GSE32646,GSE25055,combined,GSM615261,0,0.04349129327441121
GSE32646,GSE25055,combined,GSM615262,0,0.013838906584870173
GSE32646,GSE25055,combined,GSM615263,1,0.162844342239465
GSE32646,GSE25055,combined,GSM615264,1,0.057573421128431036
GSE32646,GSE25055,combined,GSM615265,0,0.09300947349687769
GSE32646,GSE25055,combined,GSM615266,0,0.050466134702408266
GSE32646,GSE25055,combined,GSM615267,0,0.021126069945284424
GSE32646,GSE25055,combined,GSM615268,0,0.01792943275126731
GSE32646,GSE25055,combined,GSM615269,0,0.01736205226560933
GSE32646,GSE25055,combined,GSM615270,1,0.10649451123894507
GSE32646,GSE25055,combined,GSM615271,0,0.04231138792099169
GSE32646,GSE25055,combined,GSM615272,0,0.03312317256056927
GSE32646,GSE25055,combined,GSM615273,0,0.03467930347909546
GSE32646,GSE25055,combined,GSM615274,0,0.09537773762378259
GSE32646,GSE25055,combined,GSM615275,0,0.17875107242193897
GSE32646,GSE25055,combined,GSM615276,0,0.08859996076140476
GSE32646,GSE25055,combined,GSM615277,0,0.028969070610056054
GSE32646,GSE25055,combined,GSM615278,0,0.026531081312697394
GSE32646,GSE25055,combined,GSM615279,0,0.02498187740540839
GSE32646,GSE25055,combined,GSM615280,1,0.03751090368888415
GSE32646,GSE25055,combined,GSM615281,0,0.0244428999200016
GSE32646,GSE25055,combined,GSM615282,0,0.04142947203893695
GSE32646,GSE25055,combined,GSM615283,0,0.04281777055750773
GSE32646,GSE25055,combined,GSM615284,1,0.11935508774733035
GSE32646,GSE25055,combined,GSM615285,0,0.016788995253015773
GSE32646,GSE25055,combined,GSM615286,0,0.07538921844235813
GSE32646,GSE25055,combined,GSM615287,0,0.0879650216821803
GSE32646,GSE25055,combined,GSM615288,0,0.08891716140309157
GSE32646,GSE25055,combined,GSM615289,0,0.046486421066825406
GSE32646,GSE25055,combined,GSM615290,0,0.09571374634325293
GSE32646,GSE25055,combined,GSM615291,1,0.1266914511245427
GSE32646,GSE25055,combined,GSM615292,0,0.02568899127047419
GSE32646,GSE25055,combined,GSM615293,1,0.11524303982736857
GSE32646,GSE25055,combined,GSM615294,0,0.03476858397413301
GSE32646,GSE25055,combined,GSM615295,0,0.06650341211298488
GSE32646,GSE25055,combined,GSM615296,0,0.027341333789743242
GSE32646,GSE25055,combined,GSM615297,0,0.18340718548173965
GSE32646,GSE25055,combined,GSM615298,0,0.020000505385614705
GSE32646,GSE25055,combined,GSM615299,0,0.01633835566158478
GSE32646,GSE25055,combined,GSM615300,1,0.09720722479573135
GSE32646,GSE25055,combined,GSM615301,0,0.13872394025319565
GSE32646,GSE25055,combined,GSM615302,0,0.035509168963395794
GSE32646,GSE25055,combined,GSM615303,0,0.1662801254267498
GSE32646,GSE25055,combined,GSM615304,0,0.02398446818586038
GSE32646,GSE25055,combined,GSM615305,0,0.01758955497966143
GSE32646,GSE25055,combined,GSM615306,0,0.028273951639839718
GSE32646,GSE25055,combined,GSM615307,1,0.13014571737685854
GSE32646,GSE25055,combined,GSM615308,0,0.022151877756753372
GSE32646,GSE25055,combined,GSM615309,0,0.022622007839748177
GSE32646,GSE25055,combined,GSM615310,1,0.11708069489843606
GSE32646,GSE25055,combined,GSM615311,0,0.011004439144517257
GSE32646,GSE25055,combined,GSM615312,0,0.09216229346511412
GSE32646,GSE25055,combined,GSM615313,0,0.017470140675232934
GSE32646,GSE25055,combined,GSM615314,0,0.03642728467211324
GSE32646,GSE25055,combined,GSM615315,0,0.08545412085746054
GSE32646,GSE25055,combined,GSM615316,0,0.02413579036303779
GSE32646,GSE25055,combined,GSM615317,0,0.1087175817116906
GSE32646,GSE25055,combined,GSM615318,0,0.018546052017065426
GSE32646,GSE25055,combined,GSM615319,0,0.10953284084189749
GSE32646,GSE25055,combined,GSM615320,0,0.11744308112144582
GSE32646,GSE25055,combined,GSM615321,0,0.10735198501620184
GSE32646,GSE25055,combined,GSM615322,0,0.1455650530106485
GSE32646,GSE25055,combined,GSM615323,0,0.030209226788542806
GSE32646,GSE25055,combined,GSM615324,1,0.1870966351052498
GSE32646,GSE25055,combined,GSM615325,1,0.12224319410968545
GSE32646,GSE25055,combined,GSM615326,0,0.08814409957051147
GSE32646,GSE25055,combined,GSM615327,0,0.1644452066832702
GSE32646,GSE25055,combined,GSM615328,0,0.018023427730144814
GSE32646,GSE25055,combined,GSM615329,0,0.0146388442782506
GSE32646,GSE25055,combined,GSM615330,0,0.07861182885518275
GSE32646,GSE25055,combined,GSM615331,1,0.03322234039677188
GSE32646,GSE25055,combined,GSM615332,0,0.059857915120751316
GSE32646,GSE25055,combined,GSM615333,0,0.08295523699059636
GSE32646,GSE25055,combined,GSM615334,1,0.24537624565647023
GSE32646,GSE25055,combined,GSM615335,0,0.1085050963247726
GSE32646,GSE25055,combined,GSM615336,1,0.14081456065201445
GSE32646,GSE25055,combined,GSM615337,0,0.02314617096668491
GSE32646,GSE25055,combined,GSM615338,1,0.11958079384981274
GSE32646,GSE25055,combined,GSM615339,0,0.021799637922622194
GSE32646,GSE25055,combined,GSM615340,0,0.023278157648576735
GSE32646,GSE25055,combined,GSM615341,0,0.01777505420263972
GSE32646,GSE25055,combined,GSM615342,0,0.05120736806906084
GSE32646,GSE25055,combined,GSM615343,0,0.020191127800893258
GSE32646,GSE25055,combined,GSM615344,0,0.07332062721646129
GSE32646,GSE25055,combined,GSM615345,0,0.06734606759208853
GSE32646,GSE25055,combined,GSM615346,0,0.1003362337533192
GSE32646,GSE25055,combined,GSM615347,0,0.20604658654742938
GSE32646,GSE25055,combined,GSM615348,0,0.06742187753861018
GSE32646,GSE25055,combined,GSM615349,0,0.023656845431156846
GSE32646,GSE25055,combined,GSM615350,0,0.101102478804311
GSE32646,GSE25055,combined,GSM615351,0,0.031201803631278703
GSE32646,GSE25055,combined,GSM615352,0,0.02904171069116008
GSE32646,GSE25055,combined,GSM615353,1,0.028554693948185213
GSE32646,GSE25055,combined,GSM615354,1,0.09333847956635292
GSE32646,GSE25055,combined,GSM615355,0,0.0327568592723762
GSE32646,GSE25055,combined,GSM615356,0,0.057997991960893266
GSE32646,GSE25055,combined,GSM615357,1,0.15371146119089787
GSE32646,GSE25055,combined,GSM615358,0,0.0380419526309566
GSE32646,GSE25055,combined,GSM615359,1,0.16326431284634305
GSE32646,GSE25055,combined,GSM615360,0,0.02704371183516313
GSE32646,GSE25055,combined,GSM615361,0,0.052233454352892186
GSE32646,GSE25055,combined,GSM615362,0,0.02174376623224051
GSE32646,GSE25055,combined,GSM615363,0,0.0460318687693461
GSE32646,GSE25055,combined,GSM615364,0,0.0807616878959716
GSE32646,GSE25055,combined,GSM615365,0,0.03770410298424853
GSE32646,GSE25055,combined,GSM615366,0,0.018256507203275093
GSE32646,GSE25055,combined,GSM615367,0,0.02706491207599258
GSE32646,GSE25055,combined,GSM615368,0,0.09062284907629557
GSE32646,GSE25055,combined,GSM615369,0,0.06952200229760679
GSE32646,GSE25055,combined,GSM615370,0,0.020766665123626075
GSE32646,GSE25055,combined,GSM615371,1,0.16314903645816586
GSE32646,GSE25055,combined,GSM615372,0,0.0780662391281798
GSE32646,GSE25055,combined,GSM615373,0,0.028067434169533816
GSE32646,GSE25055,combined,GSM615374,0,0.019406350852134158
GSE32646,GSE25055,combined,GSM615375,1,0.4046501296540108
GSE32646,GSE25055,combined,GSM615376,0,0.06669631732309497
GSE32646,GSE25055,combined,GSM615377,0,0.013552572793037022
GSE32646,GSE25055,combined,GSM615378,0,0.074944192665963
GSE32646,GSE25055,combined,GSM615379,1,0.10665140860818323
GSE32646,GSE25055,combined,GSM615380,0,0.12360686653863744
GSE32646,GSE25055,combined,GSM615381,0,0.02002409607139272
GSE32646,GSE25055,combined,GSM615382,0,0.07524057239237977
GSE32646,GSE25055,combined,GSM615383,1,0.019415605195630934
GSE32646,GSE25055,combined,GSM615384,0,0.09085239214381854
GSE32646,GSE25055,combined,GSM615385,0,0.030294386588259038
GSE32646,GSE25055,combined,GSM615386,0,0.013847999788737046
GSE32646,GSE25055,combined,GSM615387,0,0.051749622498110284
GSE32646,GSE25055,combined,GSM615388,0,0.016636689964931145
GSE32646,GSE25055,combined,GSM615389,0,0.025677562806396523
GSE32646,GSE25055,combined,GSM615390,0,0.11533783169279488
GSE32646,GSE25055,combined,GSM615391,0,0.02684673508569994
GSE32646,GSE25055,combined,GSM615392,0,0.18240690846114693
GSE32646,GSE25055,combined,GSM615393,1,0.06073031214962293
GSE32646,GSE25055,combined,GSM615394,1,0.11020768009147933
GSE32646,GSE25055,combined,GSM615395,0,0.026283344358336597
GSE32646,GSE25055,combined,GSM615396,1,0.06848519407521629
GSE32646,GSE25055,combined,GSM615397,1,0.13787714314825095
GSE32646,GSE25055,combined,GSM615398,0,0.03483313111554667
GSE32646,GSE25055,combined,GSM615399,0,0.026110549336503575
GSE32646,GSE25055,combined,GSM615400,0,0.046655556222283574
GSE32646,GSE25055,combined,GSM615401,0,0.06656987822367727
GSE32646,GSE25055,combined,GSM615402,0,0.02437558558182765
GSE32646,GSE25055,combined,GSM615403,0,0.11983779353893403
GSE32646,GSE25055,combined,GSM615404,0,0.04308817418283406
GSE32646,GSE25055,combined,GSM615405,0,0.1924311439824201
