source,model,feature,coefficient,mean,scale
GSE25055,clinical,intercept,-1.7964985203424333,0.0,1.0
GSE25055,clinical,age10,-0.22002788754672556,5.016345514950166,1.0452502602405993
GSE25055,clinical,er_positive,-0.9787204913292953,0.5714285714285714,0.4948716593053935
GSE25055,score,intercept,-1.7743413467740519,0.0,1.0
GSE25055,score,score,1.0198599009544138,2.2438380547932217,0.2170659468478448
GSE25055,combined,intercept,-1.926869800734491,0.0,1.0
GSE25055,combined,age10,-0.21737631575838642,5.016345514950166,1.0452502602405993
GSE25055,combined,er_positive,-0.6582797915597395,0.5714285714285714,0.4948716593053935
GSE25055,combined,score,0.7392159614301821,2.2438380547932217,0.2170659468478448
GSE32646,clinical,intercept,-1.3744342626317074,0.0,1.0
GSE32646,clinical,age10,0.23883449019671282,5.148695652173913,1.0312816186365477
GSE32646,clinical,er_positive,-0.7892988526300829,0.6173913043478261,0.4860239517385085
GSE32646,score,intercept,-1.3790420713172589,0.0,1.0
GSE32646,score,score,0.913441520784984,2.9654707929362423,0.32820090541802327
GSE32646,combined,intercept,-1.460479737764706,0.0,1.0
GSE32646,combined,age10,0.3095603167293756,5.148695652173913,1.0312816186365477
GSE32646,combined,er_positive,-0.46930305355203117,0.6173913043478261,0.4860239517385085
GSE32646,combined,score,0.6972461103257925,2.9654707929362423,0.32820090541802327
