GSM,ln_ic50,archive_group,score,pathologic response pcr ncr,raw_archive_label
GSM809185,-3.3335061073303223,pCR,3.3335061073303223,pCR,pathologic response pcr ncr: pCR
GSM809192,-3.319840908050537,pCR,3.319840908050537,pCR,pathologic response pcr ncr: pCR
GSM809194,-2.890511035919189,pCR,2.890511035919189,pCR,pathologic response pcr ncr: pCR
GSM809202,-3.6289076805114746,pCR,3.6289076805114746,pCR,pathologic response pcr ncr: pCR
GSM809203,-3.559701919555664,pCR,3.559701919555664,pCR,pathologic response pcr ncr: pCR
GSM809213,-2.8991527557373047,pCR,2.8991527557373047,pCR,pathologic response pcr ncr: pCR
GSM809225,-2.94460391998291,pCR,2.94460391998291,pCR,pathologic response pcr ncr: pCR
GSM809226,-3.190077781677246,pCR,3.190077781677246,pCR,pathologic response pcr ncr: pCR
GSM809229,-3.335719347000122,pCR,3.335719347000122,pCR,pathologic response pcr ncr: pCR
GSM809231,-3.5303332805633545,pCR,3.5303332805633545,pCR,pathologic response pcr ncr: pCR
GSM809232,-2.688146114349365,pCR,2.688146114349365,pCR,pathologic response pcr ncr: pCR
GSM809236,-3.170743465423584,pCR,3.170743465423584,pCR,pathologic response pcr ncr: pCR
GSM809237,-3.567450761795044,pCR,3.567450761795044,pCR,pathologic response pcr ncr: pCR
GSM809238,-3.109903335571289,pCR,3.109903335571289,pCR,pathologic response pcr ncr: pCR
GSM809246,-3.671241760253906,pCR,3.671241760253906,pCR,pathologic response pcr ncr: pCR
GSM809248,-2.6934714317321777,pCR,2.6934714317321777,pCR,pathologic response pcr ncr: pCR
GSM809253,-3.059355974197388,pCR,3.059355974197388,pCR,pathologic response pcr ncr: pCR
GSM809256,-3.2231178283691406,pCR,3.2231178283691406,pCR,pathologic response pcr ncr: pCR
GSM809266,-2.754632472991944,pCR,2.754632472991944,pCR,pathologic response pcr ncr: pCR
GSM809271,-3.0062975883483887,pCR,3.0062975883483887,pCR,pathologic response pcr ncr: pCR
GSM809272,-3.6161465644836426,pCR,3.6161465644836426,pCR,pathologic response pcr ncr: pCR
GSM809274,-3.1376121044158936,pCR,3.1376121044158936,pCR,pathologic response pcr ncr: pCR
GSM809280,-3.072348117828369,pCR,3.072348117828369,pCR,pathologic response pcr ncr: pCR
GSM809289,-3.29358983039856,pCR,3.29358983039856,pCR,pathologic response pcr ncr: pCR
GSM809294,-3.756087064743042,pCR,3.756087064743042,pCR,pathologic response pcr ncr: pCR
GSM809295,-2.987173557281494,pCR,2.987173557281494,pCR,pathologic response pcr ncr: pCR
GSM809298,-2.907364845275879,pCR,2.907364845275879,pCR,pathologic response pcr ncr: pCR
GSM809184,-2.9019017219543457,RD,2.9019017219543457,nCR,pathologic response pcr ncr: nCR
GSM809186,-2.986100196838379,RD,2.986100196838379,nCR,pathologic response pcr ncr: nCR
GSM809187,-3.116796493530273,RD,3.116796493530273,nCR,pathologic response pcr ncr: nCR
GSM809188,-2.915593385696411,RD,2.915593385696411,nCR,pathologic response pcr ncr: nCR
GSM809189,-2.531074523925781,RD,2.531074523925781,nCR,pathologic response pcr ncr: nCR
GSM809190,-2.919494867324829,RD,2.919494867324829,nCR,pathologic response pcr ncr: nCR
GSM809191,-2.956226348876953,RD,2.956226348876953,nCR,pathologic response pcr ncr: nCR
GSM809193,-2.6431915760040283,RD,2.6431915760040283,nCR,pathologic response pcr ncr: nCR
GSM809195,-2.6917595863342285,RD,2.6917595863342285,nCR,pathologic response pcr ncr: nCR
GSM809196,-3.269930362701416,RD,3.269930362701416,nCR,pathologic response pcr ncr: nCR
GSM809197,-2.6319022178649902,RD,2.6319022178649902,nCR,pathologic response pcr ncr: nCR
GSM809198,-3.2593722343444824,RD,3.2593722343444824,nCR,pathologic response pcr ncr: nCR
GSM809199,-3.1189815998077397,RD,3.1189815998077397,nCR,pathologic response pcr ncr: nCR
GSM809200,-3.247028350830078,RD,3.247028350830078,nCR,pathologic response pcr ncr: nCR
GSM809201,-2.60774040222168,RD,2.60774040222168,nCR,pathologic response pcr ncr: nCR
GSM809204,-3.271081924438477,RD,3.271081924438477,nCR,pathologic response pcr ncr: nCR
GSM809205,-2.839763641357422,RD,2.839763641357422,nCR,pathologic response pcr ncr: nCR
GSM809206,-2.772786855697632,RD,2.772786855697632,nCR,pathologic response pcr ncr: nCR
GSM809207,-2.857482671737671,RD,2.857482671737671,nCR,pathologic response pcr ncr: nCR
GSM809208,-2.8361623287200928,RD,2.8361623287200928,nCR,pathologic response pcr ncr: nCR
GSM809209,-3.447304964065552,RD,3.447304964065552,nCR,pathologic response pcr ncr: nCR
GSM809210,-2.595522165298462,RD,2.595522165298462,nCR,pathologic response pcr ncr: nCR
GSM809211,-3.4890575408935547,RD,3.4890575408935547,nCR,pathologic response pcr ncr: nCR
GSM809212,-3.1683754920959477,RD,3.1683754920959477,nCR,pathologic response pcr ncr: nCR
GSM809214,-2.633335828781128,RD,2.633335828781128,nCR,pathologic response pcr ncr: nCR
GSM809215,-3.0664076805114746,RD,3.0664076805114746,nCR,pathologic response pcr ncr: nCR
GSM809216,-2.782153844833374,RD,2.782153844833374,nCR,pathologic response pcr ncr: nCR
GSM809217,-2.7777881622314453,RD,2.7777881622314453,nCR,pathologic response pcr ncr: nCR
GSM809218,-2.435595750808716,RD,2.435595750808716,nCR,pathologic response pcr ncr: nCR
GSM809219,-2.901282548904419,RD,2.901282548904419,nCR,pathologic response pcr ncr: nCR
GSM809220,-3.630959987640381,RD,3.630959987640381,nCR,pathologic response pcr ncr: nCR
GSM809221,-2.9596831798553467,RD,2.9596831798553467,nCR,pathologic response pcr ncr: nCR
GSM809222,-3.0207390785217285,RD,3.0207390785217285,nCR,pathologic response pcr ncr: nCR
GSM809223,-3.102312564849853,RD,3.102312564849853,nCR,pathologic response pcr ncr: nCR
GSM809224,-3.1929469108581543,RD,3.1929469108581543,nCR,pathologic response pcr ncr: nCR
GSM809227,-3.551461696624756,RD,3.551461696624756,nCR,pathologic response pcr ncr: nCR
GSM809228,-3.121675968170166,RD,3.121675968170166,nCR,pathologic response pcr ncr: nCR
GSM809230,-2.700155735015869,RD,2.700155735015869,nCR,pathologic response pcr ncr: nCR
GSM809233,-2.6257126331329346,RD,2.6257126331329346,nCR,pathologic response pcr ncr: nCR
GSM809234,-2.574934959411621,RD,2.574934959411621,nCR,pathologic response pcr ncr: nCR
GSM809235,-2.5972867012023926,RD,2.5972867012023926,nCR,pathologic response pcr ncr: nCR
GSM809239,-3.2021613121032715,RD,3.2021613121032715,nCR,pathologic response pcr ncr: nCR
GSM809240,-2.98384952545166,RD,2.98384952545166,nCR,pathologic response pcr ncr: nCR
GSM809241,-2.7670960426330566,RD,2.7670960426330566,nCR,pathologic response pcr ncr: nCR
GSM809242,-2.579217433929444,RD,2.579217433929444,nCR,pathologic response pcr ncr: nCR
GSM809243,-2.676991701126098,RD,2.676991701126098,nCR,pathologic response pcr ncr: nCR
GSM809244,-2.453801393508911,RD,2.453801393508911,nCR,pathologic response pcr ncr: nCR
GSM809245,-3.161352634429932,RD,3.161352634429932,nCR,pathologic response pcr ncr: nCR
GSM809247,-3.5920002460479736,RD,3.5920002460479736,nCR,pathologic response pcr ncr: nCR
GSM809249,-2.7683892250061035,RD,2.7683892250061035,nCR,pathologic response pcr ncr: nCR
GSM809250,-2.776162385940552,RD,2.776162385940552,nCR,pathologic response pcr ncr: nCR
GSM809251,-2.600618362426758,RD,2.600618362426758,nCR,pathologic response pcr ncr: nCR
GSM809252,-3.169807910919189,RD,3.169807910919189,nCR,pathologic response pcr ncr: nCR
GSM809254,-2.584510087966919,RD,2.584510087966919,nCR,pathologic response pcr ncr: nCR
GSM809255,-2.6936652660369877,RD,2.6936652660369877,nCR,pathologic response pcr ncr: nCR
GSM809257,-2.967954158782959,RD,2.967954158782959,nCR,pathologic response pcr ncr: nCR
GSM809258,-2.6036741733551025,RD,2.6036741733551025,nCR,pathologic response pcr ncr: nCR
GSM809259,-3.080826997756958,RD,3.080826997756958,nCR,pathologic response pcr ncr: nCR
GSM809260,-2.5817906856536865,RD,2.5817906856536865,nCR,pathologic response pcr ncr: nCR
GSM809261,-2.935432910919189,RD,2.935432910919189,nCR,pathologic response pcr ncr: nCR
GSM809262,-2.774078369140625,RD,2.774078369140625,nCR,pathologic response pcr ncr: nCR
GSM809263,-2.6563098430633545,RD,2.6563098430633545,nCR,pathologic response pcr ncr: nCR
GSM809264,-3.0132551193237305,RD,3.0132551193237305,nCR,pathologic response pcr ncr: nCR
GSM809265,-2.427409648895264,RD,2.427409648895264,nCR,pathologic response pcr ncr: nCR
GSM809267,-3.687644243240357,RD,3.687644243240357,nCR,pathologic response pcr ncr: nCR
GSM809268,-2.6071126461029053,RD,2.6071126461029053,nCR,pathologic response pcr ncr: nCR
GSM809269,-3.3682098388671875,RD,3.3682098388671875,nCR,pathologic response pcr ncr: nCR
GSM809270,-2.8545889854431152,RD,2.8545889854431152,nCR,pathologic response pcr ncr: nCR
GSM809273,-2.79439115524292,RD,2.79439115524292,nCR,pathologic response pcr ncr: nCR
GSM809275,-2.384265661239624,RD,2.384265661239624,nCR,pathologic response pcr ncr: nCR
GSM809276,-3.265986680984497,RD,3.265986680984497,nCR,pathologic response pcr ncr: nCR
GSM809277,-3.04828143119812,RD,3.04828143119812,nCR,pathologic response pcr ncr: nCR
GSM809278,-3.3735244274139404,RD,3.3735244274139404,nCR,pathologic response pcr ncr: nCR
GSM809279,-2.8794825077056885,RD,2.8794825077056885,nCR,pathologic response pcr ncr: nCR
GSM809281,-2.633270740509033,RD,2.633270740509033,nCR,pathologic response pcr ncr: nCR
GSM809282,-3.240604877471924,RD,3.240604877471924,nCR,pathologic response pcr ncr: nCR
GSM809283,-2.631075382232666,RD,2.631075382232666,nCR,pathologic response pcr ncr: nCR
GSM809284,-2.935655117034912,RD,2.935655117034912,nCR,pathologic response pcr ncr: nCR
GSM809285,-2.7287700176239014,RD,2.7287700176239014,nCR,pathologic response pcr ncr: nCR
GSM809286,-2.8501784801483154,RD,2.8501784801483154,nCR,pathologic response pcr ncr: nCR
GSM809287,-2.9132981300354004,RD,2.9132981300354004,nCR,pathologic response pcr ncr: nCR
GSM809288,-2.5574967861175537,RD,2.5574967861175537,nCR,pathologic response pcr ncr: nCR
GSM809290,-2.654457330703736,RD,2.654457330703736,nCR,pathologic response pcr ncr: nCR
GSM809291,-2.641726016998291,RD,2.641726016998291,nCR,pathologic response pcr ncr: nCR
GSM809292,-2.71063232421875,RD,2.71063232421875,nCR,pathologic response pcr ncr: nCR
GSM809293,-2.5271925926208496,RD,2.5271925926208496,nCR,pathologic response pcr ncr: nCR
GSM809296,-2.589372396469116,RD,2.589372396469116,nCR,pathologic response pcr ncr: nCR
GSM809297,-3.0054657459259038,RD,3.0054657459259038,nCR,pathologic response pcr ncr: nCR
