patient_key,source_patient_id,array_count,observed_pcr,score,linked_GSE25055,GSE25055_GSM,GSMs,maqc_status
MDACC:M106,106,1,0,2.342639923095703,True,GSM615179,GSM505366,MAQC_T
MDACC:M107,107,1,0,2.3490653038024902,True,GSM615180,GSM505464,MAQC_T
MDACC:M108,108,1,0,2.3891429901123047,False,,GSM505367,MAQC_T
MDACC:M111,111,1,1,2.3781769275665283,True,GSM615181,GSM505351,MAQC_T
MDACC:M113,113,1,0,2.540102243423462,True,GSM615182,GSM505331,MAQC_T
MDACC:M116,116,1,1,2.6912081241607666,False,,GSM505349,MAQC_T
MDACC:M117,117,1,0,2.019855499267578,True,GSM615183,GSM505365,MAQC_T
MDACC:M120,120,1,0,2.6481900215148926,True,GSM615184,GSM505460,MAQC_T
MDACC:M121,121,1,0,2.293297290802002,True,GSM615185,GSM505345,MAQC_T
MDACC:M123,123,1,1,2.118001937866211,True,GSM615186,GSM505368,MAQC_T
MDACC:M126,126,1,0,2.321648120880127,False,,GSM505369,MAQC_T
MDACC:M128,128,1,0,2.382624387741089,True,GSM615187,GSM505347,MAQC_T
MDACC:M129,129,1,0,2.3432390689849854,True,GSM615188,GSM505476,MAQC_T
MDACC:M130,130,1,0,2.400089263916016,True,GSM615189,GSM505343,MAQC_T
MDACC:M133,133,1,0,2.423306703567505,True,GSM615190,GSM505372,MAQC_T
MDACC:M135,135,1,0,2.234195709228516,False,,GSM505362,MAQC_T
MDACC:M136,136,1,1,2.708395481109619,True,GSM615191,GSM505358,MAQC_T
MDACC:M139,139,1,0,2.197908878326416,True,GSM615192,GSM505364,MAQC_T
MDACC:M141,141,1,1,2.642353057861328,False,,GSM505463,MAQC_T
MDACC:M145,145,1,0,2.6796200275421143,False,,GSM505482,MAQC_T
MDACC:M146,146,1,1,2.40576434135437,True,GSM615193,GSM505478,MAQC_T
MDACC:M153,153,1,1,2.58704686164856,True,GSM615194,GSM505336,MAQC_T
MDACC:M154,154,1,0,2.6253528594970703,True,GSM615195,GSM505333,MAQC_T
MDACC:M155,155,1,0,2.463097095489502,True,GSM615196,GSM505346,MAQC_T
MDACC:M156,156,1,0,2.613074541091919,True,GSM615197,GSM505350,MAQC_T
MDACC:M157,157,1,0,2.0891613960266118,True,GSM615198,GSM505327,MAQC_T
MDACC:M158,158,1,0,2.2815041542053223,True,GSM615199,GSM505354,MAQC_T
MDACC:M159,159,1,1,2.4232802391052246,False,,GSM505342,MAQC_T
MDACC:M161,161,1,1,2.3981776237487797,False,,GSM505341,MAQC_T
MDACC:M165,165,1,0,2.588451147079468,True,GSM615200,GSM505334,MAQC_T
MDACC:M176,176,1,0,2.2442121505737305,False,,GSM505329,MAQC_T
MDACC:M177,177,1,1,2.562058687210083,True,GSM615201,GSM505339,MAQC_T
MDACC:M179,179,1,1,2.641237497329712,False,,GSM505373,MAQC_T
MDACC:M180,180,1,1,2.6582555770874023,True,GSM615202,GSM505344,MAQC_T
MDACC:M181,181,1,0,1.912105917930603,True,GSM615203,GSM505375,MAQC_T
MDACC:M182,182,1,0,2.0503082275390625,True,GSM615204,GSM505371,MAQC_T
MDACC:M186,186,1,0,2.183427095413208,False,,GSM505340,MAQC_T
MDACC:M188,188,1,0,2.247554302215576,True,GSM615205,GSM505353,MAQC_T
MDACC:M189,189,1,0,2.1530919075012207,True,GSM615206,GSM505374,MAQC_T
MDACC:M195,195,1,0,2.0866923332214355,True,GSM615207,GSM505506,MAQC_V
MDACC:M196,196,1,0,2.152583360671997,True,GSM615208,GSM505328,MAQC_T
MDACC:M199,199,1,1,2.578181505203247,True,GSM615209,GSM505356,MAQC_T
MDACC:M201,201,1,0,2.006739377975464,True,GSM615210,GSM505352,MAQC_T
MDACC:M205,205,1,1,2.616719484329224,True,GSM615211,GSM505370,MAQC_T
MDACC:M206,206,1,1,2.0998759269714355,True,GSM615212,GSM505359,MAQC_T
MDACC:M211,211,1,1,2.474137783050537,True,GSM615213,GSM505360,MAQC_T
MDACC:M212,212,1,1,2.671713352203369,False,,GSM505335,MAQC_T
MDACC:M214,214,1,0,1.9398483037948608,True,GSM615214,GSM505330,MAQC_T
MDACC:M215,215,1,1,2.400131225585937,True,GSM615215,GSM505357,MAQC_T
MDACC:M216,216,1,0,2.3837332725524902,True,GSM615216,GSM505363,MAQC_T
MDACC:M217,217,1,0,2.209254741668701,True,GSM615217,GSM505361,MAQC_T
MDACC:M220,220,1,0,2.2591285705566406,True,GSM615219,GSM505337,MAQC_T
MDACC:M226,226,1,0,1.8200054168701167,True,GSM615220,GSM505355,MAQC_T
MDACC:M227,227,1,0,2.310516834259033,True,GSM615221,GSM505348,MAQC_T
MDACC:M228,228,1,0,1.9352004528045652,True,GSM615222,GSM505338,MAQC_T
MDACC:M230,230,2,0,2.6217318773269653,False,,GSM505376;GSM505377,MAQC_T;MDA_R
MDACC:M231,231,2,0,1.9104648232460024,True,GSM615224,GSM505402;GSM505403,MAQC_T;MDA_R
MDACC:M232,232,1,1,2.0719308853149414,False,,GSM505507,MAQC_V
MDACC:M233,233,2,0,2.3104225397109985,True,GSM615225,GSM505421;GSM505503,MAQC_T;MDA_R
MDACC:M234,234,1,0,1.9155118465423584,True,GSM615226,GSM505412,MAQC_T
MDACC:M235,235,2,0,3.099065661430359,False,,GSM505400;GSM505401,MAQC_T;MDA_R
MDACC:M236,236,2,0,2.399173140525818,True,GSM615227,GSM505378;GSM505379,MAQC_T;MDA_R
MDACC:M237,237,2,0,2.5032533407211304,False,,GSM505384;GSM505385,MAQC_T;MDA_R
MDACC:M238,238,2,1,2.2866573333740234,False,,GSM505390;GSM505391,MAQC_T;MDA_R
MDACC:M239,239,2,1,2.459540367126465,False,,GSM505386;GSM505387,MAQC_T;MDA_R
MDACC:M245,245,2,0,2.079769492149353,False,,GSM505394;GSM505395,MAQC_T;MDA_R
MDACC:M246,246,2,0,2.132280111312866,True,GSM615228,GSM505382;GSM505383,MAQC_T;MDA_R
MDACC:M247,247,2,0,1.7414575815200806,False,,GSM505396;GSM505397,MAQC_Q;MAQC_Q
MDACC:M251,251,1,0,2.313007354736328,False,,GSM505414,MAQC_T
MDACC:M255,255,1,0,1.8655757904052732,True,GSM615229,GSM505416,MAQC_T
MDACC:M256,256,2,0,2.0932631492614746,False,,GSM505406;GSM505407,MAQC_T;MDA_R
MDACC:M257,257,2,0,2.162035822868347,False,,GSM505404;GSM505405,MAQC_T;MDA_R
MDACC:M258,258,2,0,2.4517223834991455,False,,GSM505380;GSM505381,MAQC_T;MDA_R
MDACC:M259,259,1,0,1.9814453125,True,GSM615230,GSM505410,MAQC_T
MDACC:M260,260,1,0,1.9965282678604128,True,GSM615231,GSM505415,MAQC_T
MDACC:M261,261,1,0,1.989276647567749,True,GSM615232,GSM505426,MAQC_T
MDACC:M263,263,1,0,1.889402747154236,True,GSM615233,GSM505508,MAQC_V
MDACC:M264,264,2,0,2.7782062292099,False,,GSM505388;GSM505389,MAQC_T;MDA_R
MDACC:M266,266,2,0,2.2957862615585327,True,GSM615234,GSM505398;GSM505399,MAQC_T;MDA_R
MDACC:M270,270,2,0,2.5305241346359253,True,GSM615235,GSM505408;GSM505409,MAQC_T;MDA_R
MDACC:M280,280,2,0,2.388300657272339,True,GSM615236,GSM505392;GSM505393,MAQC_T;MDA_R
MDACC:M281,281,1,0,2.0647401809692383,True,GSM615237,GSM505509,MAQC_V
MDACC:M282,282,1,0,1.9153321981430051,True,GSM615238,GSM505424,MAQC_T
MDACC:M283,283,1,0,2.2649037837982178,True,GSM615239,GSM505510,MAQC_V
MDACC:M286,286,2,0,3.0816526412963867,False,,GSM505417;GSM505504,MAQC_T;MDA_R
MDACC:M287,287,1,0,2.208139419555664,False,,GSM505418,MAQC_T
MDACC:M294,294,1,1,2.403381824493408,False,,GSM505511,MAQC_V
MDACC:M295,295,1,1,2.007644891738892,True,GSM615240,GSM505423,MAQC_T
MDACC:M297,297,1,0,2.309534072875977,True,GSM615241,GSM505422,MAQC_T
MDACC:M301,301,1,1,2.4588656425476074,True,GSM615242,GSM505411,MAQC_T
MDACC:M302,302,2,0,2.4746495485305786,False,,GSM505425;GSM505505,MAQC_T;MDA_R
MDACC:M304,304,1,0,2.0584373474121094,True,GSM615243,GSM505420,MAQC_T
MDACC:M309,309,1,1,2.2178874015808105,False,,GSM505419,MAQC_T
MDACC:M310,310,1,0,2.0831782817840576,True,GSM615244,GSM505413,MAQC_T
MDACC:M314,314,1,0,2.263755321502685,False,,GSM505500,MAQC_Q
MDACC:M315,315,1,0,2.416132926940918,True,GSM615245,GSM505452,MAQC_T
MDACC:M316,316,2,1,2.392061948776245,False,,GSM505434;GSM505445,MAQC_T;MDA_R
MDACC:M319,319,1,0,2.3651511669158936,True,GSM615246,GSM505512,MAQC_V
MDACC:M322,322,2,0,2.3013213872909546,False,,GSM505431;GSM505441,MAQC_T;MDA_R
MDACC:M323,323,1,0,2.261496067047119,True,GSM615247,GSM505448,MAQC_T
MDACC:M330,330,2,0,2.138940453529358,False,,GSM505433;GSM505446,MAQC_T;MDA_R
MDACC:M331,331,2,1,2.2888901233673096,False,,GSM505435;GSM505439,MAQC_T;MDA_R
MDACC:M332,332,1,0,2.5644867420196533,True,GSM615248,GSM505513,MAQC_V
MDACC:M333,333,2,0,2.093009114265442,True,GSM615249,GSM505427;GSM505442,MAQC_T;MDA_R
MDACC:M334,334,1,0,2.600435972213745,True,GSM615250,GSM505487,MAQC_T
MDACC:M339,339,1,0,2.433070659637451,True,GSM615251,GSM505514,MAQC_V
MDACC:M340,340,1,0,2.009273052215576,True,GSM615252,GSM505515,MAQC_V
MDACC:M341,341,1,0,2.2763192653656006,True,GSM615253,GSM505485,MAQC_T
MDACC:M343,343,1,0,2.11199688911438,True,GSM615254,GSM505465,MAQC_T
MDACC:M345,345,1,0,2.2588937282562256,True,GSM615255,GSM505516,MAQC_V
MDACC:M353,353,1,1,2.458888053894043,True,GSM615256,GSM505455,MAQC_T
MDACC:M355,355,1,0,1.8357433080673216,True,GSM615257,GSM505517,MAQC_V
MDACC:M356,356,1,0,2.295848608016968,True,GSM615258,GSM505458,MAQC_T
MDACC:M357,357,1,0,2.040977954864502,True,GSM615259,GSM505469,MAQC_T
MDACC:M360,360,1,0,2.594712734222412,True,GSM615260,GSM505518,MAQC_V
MDACC:M363,363,1,0,2.3316545486450195,True,GSM615261,GSM505519,MAQC_V
MDACC:M365,365,1,0,1.9896667003631592,True,GSM615262,GSM505520,MAQC_V
MDACC:M367,367,1,1,2.51056170463562,True,GSM615263,GSM505459,MAQC_T
MDACC:M371,371,2,1,2.414309859275818,False,,GSM505437;GSM505447,MAQC_T;MDA_R
MDACC:M373,373,1,1,2.142578601837158,True,GSM615264,GSM505467,MAQC_T
MDACC:M375,375,2,0,2.2804510593414307,True,GSM615265,GSM505432;GSM505440,MAQC_T;MDA_R
MDACC:M382,382,1,1,2.8344879150390625,False,,GSM505521,MAQC_V
MDACC:M384,384,1,0,2.3613533973693848,True,GSM615266,GSM505472,MAQC_T
MDACC:M385,385,1,0,2.1113784313201904,False,,GSM505522,MAQC_V
MDACC:M386,386,2,0,2.2453655004501343,True,GSM615267,GSM505430;GSM505444,MAQC_T;MDA_R
MDACC:M387,387,2,0,2.2932775020599365,False,,GSM505429;GSM505443,MAQC_T;MDA_R
MDACC:M396,396,1,0,2.204158306121826,True,GSM615268,GSM505523,MAQC_V
MDACC:M399,399,1,0,2.058260679244995,True,GSM615269,GSM505453,MAQC_T
MDACC:M402,402,2,1,2.4016149044036865,True,GSM615270,GSM505428;GSM505438,MAQC_T;MDA_R
MDACC:M411,411,1,0,2.553119659423828,True,GSM615271,GSM505524,MAQC_V
MDACC:M417,417,1,0,2.0904629230499268,True,GSM615272,GSM505525,MAQC_V
MDACC:M421,421,1,0,2.3574657440185547,True,GSM615273,GSM505477,MAQC_T
MDACC:M423,423,1,0,2.6427223682403564,True,GSM615274,GSM505526,MAQC_V
MDACC:M425,425,1,0,2.573364734649658,True,GSM615275,GSM505527,MAQC_V
MDACC:M430,430,1,0,2.28396987915039,True,GSM615276,GSM505528,MAQC_V
MDACC:M431,431,1,0,2.2346949577331543,True,GSM615277,GSM505529,MAQC_V
MDACC:M433,433,1,0,2.2596116065979004,True,GSM615278,GSM505530,MAQC_V
MDACC:M434,434,1,0,2.2005820274353027,True,GSM615279,GSM505486,MAQC_T
MDACC:M442,442,1,1,2.515214681625366,True,GSM615280,GSM505449,MAQC_T
MDACC:M443,443,1,1,2.438584566116333,False,,GSM505531,MAQC_V
MDACC:M447,447,1,0,2.296096086502075,True,GSM615281,GSM505457,MAQC_T
MDACC:M463,463,1,0,2.2819008827209477,True,GSM615282,GSM505468,MAQC_T
MDACC:M469,469,1,0,2.3510830402374268,True,GSM615283,GSM505483,MAQC_T
MDACC:M482,482,1,0,2.6598904132843018,False,,GSM505461,MAQC_T
MDACC:M484,484,1,0,2.326659679412842,False,,GSM505484,MAQC_T
MDACC:M485,485,1,1,2.494995594024658,True,GSM615284,GSM505466,MAQC_T
MDACC:M486,486,1,0,2.1177468299865723,True,GSM615285,GSM505532,MAQC_V
MDACC:M497,497,1,0,2.525115966796875,True,GSM615286,GSM505473,MAQC_T
MDACC:M502,502,1,0,2.313688278198242,True,GSM615287,GSM505533,MAQC_V
MDACC:M503,503,1,0,2.4747323989868164,True,GSM615288,GSM505475,MAQC_T
MDACC:M506,506,1,0,2.64754581451416,True,GSM615289,GSM505479,MAQC_T
MDACC:M507,507,1,0,2.6152632236480717,True,GSM615290,GSM505534,MAQC_V
MDACC:M513,513,1,1,2.386834621429444,True,GSM615291,GSM505535,MAQC_V
MDACC:M523,523,1,0,2.231475591659546,True,GSM615292,GSM505451,MAQC_T
MDACC:M524,524,1,1,2.716209650039673,True,GSM615293,GSM505454,MAQC_T
MDACC:M525,525,1,0,2.4096367359161377,True,GSM615294,GSM505481,MAQC_T
MDACC:M531,531,1,0,2.140838146209717,True,GSM615295,GSM505536,MAQC_V
MDACC:M534,534,1,0,2.3118896484375,True,GSM615296,GSM505456,MAQC_T
MDACC:M545,545,1,0,2.619293689727783,True,GSM615297,GSM505537,MAQC_V
MDACC:M549,549,1,0,2.191003799438477,True,GSM615298,GSM505538,MAQC_V
MDACC:M556,556,1,0,2.004749059677124,True,GSM615299,GSM505539,MAQC_V
MDACC:M557,557,1,1,2.29240083694458,True,GSM615300,GSM505540,MAQC_V
MDACC:M558,558,1,0,2.405055046081543,True,GSM615301,GSM505541,MAQC_V
MDACC:M559,559,1,0,2.2944023609161377,True,GSM615302,GSM505542,MAQC_V
MDACC:M564,564,1,0,2.4006447792053223,True,GSM615303,GSM505543,MAQC_V
MDACC:M566,566,1,0,2.138908863067627,True,GSM615305,GSM505544,MAQC_V
MDACC:M571,571,1,1,2.768343448638916,True,GSM615307,GSM505545,MAQC_V
MDACC:M576,576,1,0,2.330350399017334,False,,GSM505546,MAQC_V
MDACC:M578,578,1,0,2.207120656967163,True,GSM615309,GSM505547,MAQC_V
MDACC:M583,583,1,0,2.3473598957061768,True,GSM615312,GSM505548,MAQC_V
MDACC:M599,599,1,0,1.9819380044937132,True,GSM615313,GSM505549,MAQC_V
MDACC:M607,607,1,0,1.882250189781189,True,GSM615316,GSM505550,MAQC_V
MDACC:M610,610,1,0,2.036827802658081,True,GSM615318,GSM505551,MAQC_V
MDACC:M612,612,1,0,2.605787515640259,True,GSM615320,GSM505552,MAQC_V
MDACC:M617,617,1,0,2.4175193309783936,True,GSM615321,GSM505553,MAQC_V
MDACC:M619,619,1,0,2.565656900405884,True,GSM615322,GSM505554,MAQC_V
MDACC:M626,626,1,0,2.414095640182495,False,,GSM505555,MAQC_V
MDACC:M642,642,1,0,2.0947132110595703,True,GSM615328,GSM505556,MAQC_V
MDACC:M643,643,1,0,2.028160810470581,True,GSM615329,GSM505557,MAQC_V
MDACC:M647,647,1,0,2.0536704063415527,True,GSM615330,GSM505558,MAQC_V
MDACC:M651,651,1,1,2.151493549346924,True,GSM615331,GSM505559,MAQC_V
MDACC:M652,652,1,0,2.3552069664001465,True,GSM615332,GSM505560,MAQC_V
MDACC:M657,657,1,0,2.3012583255767822,True,GSM615333,GSM505561,MAQC_V
MDACC:M658,658,1,1,2.718777894973755,True,GSM615334,GSM505562,MAQC_V
MDACC:M659,659,1,0,2.4017577171325684,True,GSM615335,GSM505563,MAQC_V
MDACC:M661,661,1,1,2.5675625801086426,True,GSM615336,GSM505564,MAQC_V
MDACC:M662,662,1,0,2.2089011669158936,True,GSM615337,GSM505565,MAQC_V
MDACC:M665,665,1,1,2.344390392303467,True,GSM615338,GSM505566,MAQC_V
MDACC:M666,666,1,0,1.9894412755966189,True,GSM615339,GSM505567,MAQC_V
MDACC:M668,668,1,0,2.109100818634033,True,GSM615340,GSM505568,MAQC_V
MDACC:M669,669,1,0,2.0774731636047363,True,GSM615341,GSM505569,MAQC_V
MDACC:M670,670,1,0,2.1279845237731934,True,GSM615342,GSM505570,MAQC_V
MDACC:M671,671,1,0,2.3157238960266118,True,GSM615343,GSM505571,MAQC_V
MDACC:M673,673,1,0,2.096765279769897,True,GSM615344,GSM505572,MAQC_V
MDACC:M675,675,1,0,2.0052132606506348,True,GSM615345,GSM505573,MAQC_V
MDACC:M679,679,1,0,2.450955867767334,True,GSM615347,GSM505574,MAQC_V
MDACC:M681,681,1,0,2.4343600273132324,True,GSM615348,GSM505575,MAQC_V
MDACC:M682,682,1,0,2.185088634490967,True,GSM615349,GSM505576,MAQC_V
MDACC:M683,683,1,0,2.311107635498047,True,GSM615350,GSM505577,MAQC_V
MDACC:M685,685,1,0,2.2928783893585205,True,GSM615351,GSM505578,MAQC_V
MDACC:M690,690,1,0,1.9168297052383425,True,GSM615352,GSM505579,MAQC_V
MDACC:M692,692,1,1,2.416271686553955,True,GSM615354,GSM505580,MAQC_V
MDACC:M693,693,1,0,2.3535919189453125,True,GSM615355,GSM505581,MAQC_V
MDACC:M695,695,1,0,2.2486202716827397,True,GSM615356,GSM505582,MAQC_V
MDACC:M696,696,1,1,2.6041502952575684,True,GSM615357,GSM505583,MAQC_V
MDACC:M709,709,1,1,2.662196397781372,True,GSM615359,GSM505584,MAQC_V
MDACC:M710,710,1,0,2.1383731365203857,True,GSM615360,GSM505585,MAQC_V
MDACC:M713,713,1,0,2.245926141738892,False,,GSM505491,MAQC_Q
MDACC:M714,714,1,0,2.332150936126709,True,GSM615361,GSM505586,MAQC_V
MDACC:M717,717,1,0,2.1087582111358643,True,GSM615362,GSM505587,MAQC_V
MDACC:M718,718,1,0,2.167840480804444,True,GSM615363,GSM505588,MAQC_V
MDACC:M723,723,1,0,2.22627067565918,True,GSM615365,GSM505589,MAQC_V
MDACC:M725,725,1,0,2.119762897491455,True,GSM615366,GSM505590,MAQC_V
MDACC:M728,728,1,0,2.259070873260498,True,GSM615367,GSM505591,MAQC_V
MDACC:M732,732,1,0,2.191447734832764,True,GSM615369,GSM505592,MAQC_V
MDACC:M734,734,1,0,2.2992072105407715,True,GSM615370,GSM505593,MAQC_V
MDACC:M744,744,1,0,2.255232572555542,True,GSM615373,GSM505594,MAQC_V
MDACC:M746,746,1,0,1.957613706588745,True,GSM615374,GSM505595,MAQC_V
MDACC:M753,753,1,0,1.8916606903076167,True,GSM615377,GSM505596,MAQC_V
MDACC:M765,765,1,0,1.8526363372802732,True,GSM615381,GSM505597,MAQC_V
MDACC:M767,767,1,1,2.04862642288208,True,GSM615383,GSM505598,MAQC_V
MDACC:M774,774,1,0,1.8481231927871704,True,GSM615386,GSM505599,MAQC_V
MDACC:M781,781,1,0,2.1096527576446533,True,GSM615388,GSM505600,MAQC_V
MDACC:M782,782,1,0,2.107383251190185,True,GSM615389,GSM505601,MAQC_V
MDACC:M784,784,1,0,2.087088108062744,True,GSM615391,GSM505602,MAQC_V
MDACC:M795,795,1,0,1.980891466140747,True,GSM615395,GSM505603,MAQC_V
MDACC:M801,801,1,0,1.948910117149353,False,,GSM505604,MAQC_V
MDACC:M806,806,1,0,2.3149871826171875,True,GSM615398,GSM505605,MAQC_V
MDACC:ML20,L20,1,1,2.484076976776123,False,,GSM505436,MAQC_Q
MDACC:PERU01,PERU-1,1,0,2.2051570415496826,True,GSM615400,GSM505488,MAQC_T
MDACC:PERU07,PERU-7,1,0,2.4113311767578125,True,GSM615401,GSM505474,MAQC_T
MDACC:PERU08,PERU08,1,0,1.9757888317108157,False,,GSM505470,MAQC_Q
MDACC:PERU09,PERU-9,1,0,2.2429473400115967,True,GSM615402,GSM505480,MAQC_T
MDACC:PERU11,PERU-11,1,0,2.451437473297119,True,GSM615403,GSM505462,MAQC_Q
MDACC:PERU12_14,PERU-12-14,1,0,2.2855772972106934,True,GSM615404,GSM505471,MAQC_T
MDACC:PERU14_16,PERU-14-16,1,0,2.6867899894714355,True,GSM615405,GSM505450,MAQC_T
MDACC:PERU53,PERU53,1,0,2.047980785369873,False,,GSM505489,MAQC_Q
MDACC:PERU55,PERU55,1,0,2.40161657333374,False,,GSM505490,MAQC_Q
MDACC:US002,US002,1,0,1.917749047279358,False,,GSM505499,MAQC_Q
MDACC:US031,US031,1,0,2.1160829067230225,False,,GSM505495,MAQC_Q
MDACC:US092,US092,1,0,2.138306140899658,False,,GSM505501,MAQC_Q
MDACC:US097,US097,1,0,2.0356557369232178,False,,GSM505502,MAQC_Q
MDACC:US120,US120,1,0,2.3514740467071533,False,,GSM505492,MAQC_Q
MDACC:US123,US123,1,0,2.062814235687256,False,,GSM505493,MAQC_Q
MDACC:US125,US125,1,0,1.8962557315826416,False,,GSM505497,MAQC_Q
MDACC:US129,US129,1,1,2.296518564224243,False,,GSM505496,MAQC_Q
MDACC:US134,US134,1,0,2.497039556503296,False,,GSM505494,MAQC_Q
MDACC:US147,US147,1,0,2.145902633666992,False,,GSM505498,MAQC_Q
