patient_key,GSM_20194,GSM_25055,source_patient_id,sample_alias_20194,sample_alias_25055,maqc_status,raw_basename_20194,raw_basename_25055,same_raw_basename,pcr_vs_rd,pathologic_response_pcr_rd,response_equal,age,age_years,age_difference,er_status,er_status_ihc,er_ihc_equal,supplementary_file_20194,supplementary_file_25055
MDACC:M157,GSM505327,GSM615198,157,M157,M157,MAQC_T,19893_AB01778470_17038.CEL.gz,19893_AB01778470_17038.CEL.gz,True,RD,RD,True,57,57.0,0.0,P,P,True,ftp://ftp.ncbi.nlm.nih.gov/geo/samples/GSM505nnn/GSM505327/suppl/GSM505327_19893_AB01778470_17038.CEL.gz,ftp://ftp.ncbi.nlm.nih.gov/geo/samples/GSM615nnn/GSM615198/suppl/GSM615198_19893_AB01778470_17038.CEL.gz
MDACC:M196,GSM505328,GSM615208,196,M196,M196,MAQC_T,19893_AB01778504_17045.CEL.gz,19893_AB01778504_17045.CEL.gz,True,RD,RD,True,69,69.0,0.0,P,P,True,ftp://ftp.ncbi.nlm.nih.gov/geo/samples/GSM505nnn/GSM505328/suppl/GSM505328_19893_AB01778504_17045.CEL.gz,ftp://ftp.ncbi.nlm.nih.gov/geo/samples/GSM615nnn/GSM615208/suppl/GSM615208_19893_AB01778504_17045.CEL.gz
MDACC:M214,GSM505330,GSM615214,214,M214,M214,MAQC_T,19893_AB01779182_17047.CEL.gz,19893_AB01779182_17047.CEL.gz,True,RD,RD,True,54,54.0,0.0,P,P,True,ftp://ftp.ncbi.nlm.nih.gov/geo/samples/GSM505nnn/GSM505330/suppl/GSM505330_19893_AB01779182_17047.CEL.gz,ftp://ftp.ncbi.nlm.nih.gov/geo/samples/GSM615nnn/GSM615214/suppl/GSM615214_19893_AB01779182_17047.CEL.gz
MDACC:M113,GSM505331,GSM615182,113,M113,M113,MAQC_T,19893_AB01779189_17018.CEL.gz,19893_AB01779189_17018.CEL.gz,True,RD,RD,True,75,75.0,0.0,N,N,True,ftp://ftp.ncbi.nlm.nih.gov/geo/samples/GSM505nnn/GSM505331/suppl/GSM505331_19893_AB01779189_17018.CEL.gz,ftp://ftp.ncbi.nlm.nih.gov/geo/samples/GSM615nnn/GSM615182/suppl/GSM615182_19893_AB01779189_17018.CEL.gz
MDACC:M154,GSM505333,GSM615195,154,M154,M154,MAQC_T,19893_AB01860198_17037.CEL.gz,19893_AB01860198_17037.CEL.gz,True,RD,RD,True,29,29.0,0.0,N,N,True,ftp://ftp.ncbi.nlm.nih.gov/geo/samples/GSM505nnn/GSM505333/suppl/GSM505333_19893_AB01860198_17037.CEL.gz,ftp://ftp.ncbi.nlm.nih.gov/geo/samples/GSM615nnn/GSM615195/suppl/GSM615195_19893_AB01860198_17037.CEL.gz
MDACC:M165,GSM505334,GSM615200,165,M165,M165,MAQC_T,19893_AB01860313_17041.CEL.gz,19893_AB01860313_17041.CEL.gz,True,RD,RD,True,50,49.0,1.0,P,P,True,ftp://ftp.ncbi.nlm.nih.gov/geo/samples/GSM505nnn/GSM505334/suppl/GSM505334_19893_AB01860313_17041.CEL.gz,ftp://ftp.ncbi.nlm.nih.gov/geo/samples/GSM615nnn/GSM615200/suppl/GSM615200_19893_AB01860313_17041.CEL.gz
MDACC:M153,GSM505336,GSM615194,153,M153,M153,MAQC_T,19893_AB01913261_17092.CEL.gz,19893_AB01913261_17092.CEL.gz,True,pCR,pCR,True,61,61.0,0.0,N,N,True,ftp://ftp.ncbi.nlm.nih.gov/geo/samples/GSM505nnn/GSM505336/suppl/GSM505336_19893_AB01913261_17092.CEL.gz,ftp://ftp.ncbi.nlm.nih.gov/geo/samples/GSM615nnn/GSM615194/suppl/GSM615194_19893_AB01913261_17092.CEL.gz
MDACC:M220,GSM505337,GSM615219,220,M220,M220,MAQC_T,19893_AB01913300_16991.CEL.gz,19893_AB01913300_16991.CEL.gz,True,RD,RD,True,38,38.0,0.0,P,P,True,ftp://ftp.ncbi.nlm.nih.gov/geo/samples/GSM505nnn/GSM505337/suppl/GSM505337_19893_AB01913300_16991.CEL.gz,ftp://ftp.ncbi.nlm.nih.gov/geo/samples/GSM615nnn/GSM615219/suppl/GSM615219_19893_AB01913300_16991.CEL.gz
MDACC:M228,GSM505338,GSM615222,228,M228,M228,MAQC_T,19893_AB01923090_16992.CEL.gz,19893_AB01923090_16992.CEL.gz,True,RD,RD,True,53,48.0,5.0,P,P,True,ftp://ftp.ncbi.nlm.nih.gov/geo/samples/GSM505nnn/GSM505338/suppl/GSM505338_19893_AB01923090_16992.CEL.gz,ftp://ftp.ncbi.nlm.nih.gov/geo/samples/GSM615nnn/GSM615222/suppl/GSM615222_19893_AB01923090_16992.CEL.gz
MDACC:M177,GSM505339,GSM615201,177,M177,M177,MAQC_T,19893_AB01943851_17042.CEL.gz,19893_AB01943851_17042.CEL.gz,True,pCR,pCR,True,42,41.0,1.0,P,P,True,ftp://ftp.ncbi.nlm.nih.gov/geo/samples/GSM505nnn/GSM505339/suppl/GSM505339_19893_AB01943851_17042.CEL.gz,ftp://ftp.ncbi.nlm.nih.gov/geo/samples/GSM615nnn/GSM615201/suppl/GSM615201_19893_AB01943851_17042.CEL.gz
MDACC:M130,GSM505343,GSM615189,130,M130,M130,MAQC_T,19893_AB01983478_17035.CEL.gz,19893_AB01983478_17035.CEL.gz,True,RD,RD,True,66,65.0,1.0,N,N,True,ftp://ftp.ncbi.nlm.nih.gov/geo/samples/GSM505nnn/GSM505343/suppl/GSM505343_19893_AB01983478_17035.CEL.gz,ftp://ftp.ncbi.nlm.nih.gov/geo/samples/GSM615nnn/GSM615189/suppl/GSM615189_19893_AB01983478_17035.CEL.gz
MDACC:M180,GSM505344,GSM615202,180,M180,M180,MAQC_T,19893_AB01983865_17043.CEL.gz,19893_AB01983865_17043.CEL.gz,True,pCR,pCR,True,44,42.0,2.0,N,N,True,ftp://ftp.ncbi.nlm.nih.gov/geo/samples/GSM505nnn/GSM505344/suppl/GSM505344_19893_AB01983865_17043.CEL.gz,ftp://ftp.ncbi.nlm.nih.gov/geo/samples/GSM615nnn/GSM615202/suppl/GSM615202_19893_AB01983865_17043.CEL.gz
MDACC:M121,GSM505345,GSM615185,121,M121,M121,MAQC_T,19893_AB01983888_17050.CEL.gz,19893_AB01983888_17050.CEL.gz,True,RD,RD,True,65,65.0,0.0,N,N,True,ftp://ftp.ncbi.nlm.nih.gov/geo/samples/GSM505nnn/GSM505345/suppl/GSM505345_19893_AB01983888_17050.CEL.gz,ftp://ftp.ncbi.nlm.nih.gov/geo/samples/GSM615nnn/GSM615185/suppl/GSM615185_19893_AB01983888_17050.CEL.gz
MDACC:M155,GSM505346,GSM615196,155,M155,M155,MAQC_T,19893_AB01983892_17029.CEL.gz,19893_AB01983892_17029.CEL.gz,True,RD,RD,True,62,61.0,1.0,P,P,True,ftp://ftp.ncbi.nlm.nih.gov/geo/samples/GSM505nnn/GSM505346/suppl/GSM505346_19893_AB01983892_17029.CEL.gz,ftp://ftp.ncbi.nlm.nih.gov/geo/samples/GSM615nnn/GSM615196/suppl/GSM615196_19893_AB01983892_17029.CEL.gz
MDACC:M128,GSM505347,GSM615187,128,M128,M128,MAQC_T,19893_AB01983905_17019.CEL.gz,19893_AB01983905_17019.CEL.gz,True,RD,RD,True,67,66.0,1.0,P,P,True,ftp://ftp.ncbi.nlm.nih.gov/geo/samples/GSM505nnn/GSM505347/suppl/GSM505347_19893_AB01983905_17019.CEL.gz,ftp://ftp.ncbi.nlm.nih.gov/geo/samples/GSM615nnn/GSM615187/suppl/GSM615187_19893_AB01983905_17019.CEL.gz
MDACC:M227,GSM505348,GSM615221,227,M227,M227,MAQC_T,19893_AB01988136_17034.CEL.gz,19893_AB01988136_17034.CEL.gz,True,RD,RD,True,38,38.0,0.0,P,P,True,ftp://ftp.ncbi.nlm.nih.gov/geo/samples/GSM505nnn/GSM505348/suppl/GSM505348_19893_AB01988136_17034.CEL.gz,ftp://ftp.ncbi.nlm.nih.gov/geo/samples/GSM615nnn/GSM615221/suppl/GSM615221_19893_AB01988136_17034.CEL.gz
MDACC:M156,GSM505350,GSM615197,156,M156,M156,MAQC_T,19893_AB01988622_17021.CEL.gz,19893_AB01988622_17021.CEL.gz,True,RD,RD,True,67,67.0,0.0,N,N,True,ftp://ftp.ncbi.nlm.nih.gov/geo/samples/GSM505nnn/GSM505350/suppl/GSM505350_19893_AB01988622_17021.CEL.gz,ftp://ftp.ncbi.nlm.nih.gov/geo/samples/GSM615nnn/GSM615197/suppl/GSM615197_19893_AB01988622_17021.CEL.gz
MDACC:M111,GSM505351,GSM615181,111,M111,M111,MAQC_T,19893_AB01988634_17017.CEL.gz,19893_AB01988634_17017.CEL.gz,True,pCR,pCR,True,50,49.0,1.0,N,N,True,ftp://ftp.ncbi.nlm.nih.gov/geo/samples/GSM505nnn/GSM505351/suppl/GSM505351_19893_AB01988634_17017.CEL.gz,ftp://ftp.ncbi.nlm.nih.gov/geo/samples/GSM615nnn/GSM615181/suppl/GSM615181_19893_AB01988634_17017.CEL.gz
MDACC:M201,GSM505352,GSM615210,201,M201,M201,MAQC_T,19893_AB01988641_17024.CEL.gz,19893_AB01988641_17024.CEL.gz,True,RD,RD,True,75,75.0,0.0,P,P,True,ftp://ftp.ncbi.nlm.nih.gov/geo/samples/GSM505nnn/GSM505352/suppl/GSM505352_19893_AB01988641_17024.CEL.gz,ftp://ftp.ncbi.nlm.nih.gov/geo/samples/GSM615nnn/GSM615210/suppl/GSM615210_19893_AB01988641_17024.CEL.gz
MDACC:M188,GSM505353,GSM615205,188,M188,M188,MAQC_T,19893_AB01988665_17044.CEL.gz,19893_AB01988665_17044.CEL.gz,True,RD,RD,True,68,68.0,0.0,P,P,True,ftp://ftp.ncbi.nlm.nih.gov/geo/samples/GSM505nnn/GSM505353/suppl/GSM505353_19893_AB01988665_17044.CEL.gz,ftp://ftp.ncbi.nlm.nih.gov/geo/samples/GSM615nnn/GSM615205/suppl/GSM615205_19893_AB01988665_17044.CEL.gz
MDACC:M158,GSM505354,GSM615199,158,M158,M158,MAQC_T,19893_AB01988706_17039.CEL.gz,19893_AB01988706_17039.CEL.gz,True,RD,RD,True,38,38.0,0.0,P,P,True,ftp://ftp.ncbi.nlm.nih.gov/geo/samples/GSM505nnn/GSM505354/suppl/GSM505354_19893_AB01988706_17039.CEL.gz,ftp://ftp.ncbi.nlm.nih.gov/geo/samples/GSM615nnn/GSM615199/suppl/GSM615199_19893_AB01988706_17039.CEL.gz
MDACC:M226,GSM505355,GSM615220,226,M226,M226,MAQC_T,19893_AB01988709_17027.CEL.gz,19893_AB01988709_17027.CEL.gz,True,RD,RD,True,31,31.0,0.0,P,P,True,ftp://ftp.ncbi.nlm.nih.gov/geo/samples/GSM505nnn/GSM505355/suppl/GSM505355_19893_AB01988709_17027.CEL.gz,ftp://ftp.ncbi.nlm.nih.gov/geo/samples/GSM615nnn/GSM615220/suppl/GSM615220_19893_AB01988709_17027.CEL.gz
MDACC:M199,GSM505356,GSM615209,199,M199,M199,MAQC_T,19893_AB01988711_17032.CEL.gz,19893_AB01988711_17032.CEL.gz,True,pCR,pCR,True,46,56.0,-10.0,N,N,True,ftp://ftp.ncbi.nlm.nih.gov/geo/samples/GSM505nnn/GSM505356/suppl/GSM505356_19893_AB01988711_17032.CEL.gz,ftp://ftp.ncbi.nlm.nih.gov/geo/samples/GSM615nnn/GSM615209/suppl/GSM615209_19893_AB01988711_17032.CEL.gz
MDACC:M215,GSM505357,GSM615215,215,M215,M215,MAQC_T,19893_AB01988712_17033.CEL.gz,19893_AB01988712_17033.CEL.gz,True,pCR,pCR,True,44,44.0,0.0,N,N,True,ftp://ftp.ncbi.nlm.nih.gov/geo/samples/GSM505nnn/GSM505357/suppl/GSM505357_19893_AB01988712_17033.CEL.gz,ftp://ftp.ncbi.nlm.nih.gov/geo/samples/GSM615nnn/GSM615215/suppl/GSM615215_19893_AB01988712_17033.CEL.gz
MDACC:M136,GSM505358,GSM615191,136,M136,M136,MAQC_T,19893_AB01988722_17036.CEL.gz,19893_AB01988722_17036.CEL.gz,True,pCR,pCR,True,38,37.0,1.0,N,N,True,ftp://ftp.ncbi.nlm.nih.gov/geo/samples/GSM505nnn/GSM505358/suppl/GSM505358_19893_AB01988722_17036.CEL.gz,ftp://ftp.ncbi.nlm.nih.gov/geo/samples/GSM615nnn/GSM615191/suppl/GSM615191_19893_AB01988722_17036.CEL.gz
MDACC:M206,GSM505359,GSM615212,206,M206,M206,MAQC_T,19893_AB01988742_17046.CEL.gz,19893_AB01988742_17046.CEL.gz,True,pCR,pCR,True,48,48.0,0.0,N,N,True,ftp://ftp.ncbi.nlm.nih.gov/geo/samples/GSM505nnn/GSM505359/suppl/GSM505359_19893_AB01988742_17046.CEL.gz,ftp://ftp.ncbi.nlm.nih.gov/geo/samples/GSM615nnn/GSM615212/suppl/GSM615212_19893_AB01988742_17046.CEL.gz
MDACC:M211,GSM505360,GSM615213,211,M211,M211,MAQC_T,19893_AB01988743_17025.CEL.gz,19893_AB01988743_17025.CEL.gz,True,pCR,pCR,True,52,53.0,-1.0,N,N,True,ftp://ftp.ncbi.nlm.nih.gov/geo/samples/GSM505nnn/GSM505360/suppl/GSM505360_19893_AB01988743_17025.CEL.gz,ftp://ftp.ncbi.nlm.nih.gov/geo/samples/GSM615nnn/GSM615213/suppl/GSM615213_19893_AB01988743_17025.CEL.gz
MDACC:M217,GSM505361,GSM615217,217,M217,M217,MAQC_T,19893_AB01988746_17026.CEL.gz,19893_AB01988746_17026.CEL.gz,True,RD,RD,True,52,52.0,0.0,P,P,True,ftp://ftp.ncbi.nlm.nih.gov/geo/samples/GSM505nnn/GSM505361/suppl/GSM505361_19893_AB01988746_17026.CEL.gz,ftp://ftp.ncbi.nlm.nih.gov/geo/samples/GSM615nnn/GSM615217/suppl/GSM615217_19893_AB01988746_17026.CEL.gz
MDACC:M216,GSM505363,GSM615216,216,M216,M216,MAQC_T,19893_AB02014530_17059.CEL.gz,19893_AB02014530_17059.CEL.gz,True,RD,RD,True,59,58.0,1.0,P,P,True,ftp://ftp.ncbi.nlm.nih.gov/geo/samples/GSM505nnn/GSM505363/suppl/GSM505363_19893_AB02014530_17059.CEL.gz,ftp://ftp.ncbi.nlm.nih.gov/geo/samples/GSM615nnn/GSM615216/suppl/GSM615216_19893_AB02014530_17059.CEL.gz
MDACC:M139,GSM505364,GSM615192,139,M139,M139,MAQC_T,19893_AB02014587_17020.CEL.gz,19893_AB02014587_17020.CEL.gz,True,RD,RD,True,51,51.0,0.0,P,P,True,ftp://ftp.ncbi.nlm.nih.gov/geo/samples/GSM505nnn/GSM505364/suppl/GSM505364_19893_AB02014587_17020.CEL.gz,ftp://ftp.ncbi.nlm.nih.gov/geo/samples/GSM615nnn/GSM615192/suppl/GSM615192_19893_AB02014587_17020.CEL.gz
MDACC:M117,GSM505365,GSM615183,117,M117,M117,MAQC_T,20537_AB01913201_17055.CEL.gz,20537_AB01913201_17055.CEL.gz,True,RD,RD,True,34,34.0,0.0,P,P,True,ftp://ftp.ncbi.nlm.nih.gov/geo/samples/GSM505nnn/GSM505365/suppl/GSM505365_20537_AB01913201_17055.CEL.gz,ftp://ftp.ncbi.nlm.nih.gov/geo/samples/GSM615nnn/GSM615183/suppl/GSM615183_20537_AB01913201_17055.CEL.gz
MDACC:M106,GSM505366,GSM615179,106,M106,M106,MAQC_T,20537_AB01913244_17054.CEL.gz,20537_AB01913244_17054.CEL.gz,True,RD,RD,True,57,56.0,1.0,P,P,True,ftp://ftp.ncbi.nlm.nih.gov/geo/samples/GSM505nnn/GSM505366/suppl/GSM505366_20537_AB01913244_17054.CEL.gz,ftp://ftp.ncbi.nlm.nih.gov/geo/samples/GSM615nnn/GSM615179/suppl/GSM615179_20537_AB01913244_17054.CEL.gz
MDACC:M123,GSM505368,GSM615186,123,M123,M123,MAQC_T,20558_AB01711719_17202.CEL.gz,20558_AB01711719_17202.CEL.gz,True,pCR,pCR,True,52,51.0,1.0,P,P,True,ftp://ftp.ncbi.nlm.nih.gov/geo/samples/GSM505nnn/GSM505368/suppl/GSM505368_20558_AB01711719_17202.CEL.gz,ftp://ftp.ncbi.nlm.nih.gov/geo/samples/GSM615nnn/GSM615186/suppl/GSM615186_20558_AB01711719_17202.CEL.gz
MDACC:M205,GSM505370,GSM615211,205,M205,M205,MAQC_T,20558_AB01724707_17204.CEL.gz,20558_AB01724707_17204.CEL.gz,True,pCR,pCR,True,35,35.0,0.0,N,N,True,ftp://ftp.ncbi.nlm.nih.gov/geo/samples/GSM505nnn/GSM505370/suppl/GSM505370_20558_AB01724707_17204.CEL.gz,ftp://ftp.ncbi.nlm.nih.gov/geo/samples/GSM615nnn/GSM615211/suppl/GSM615211_20558_AB01724707_17204.CEL.gz
MDACC:M182,GSM505371,GSM615204,182,M182,M182,MAQC_T,20979_AB01913192_16985.CEL.gz,20979_AB01913192_16985.CEL.gz,True,RD,RD,True,46,46.0,0.0,P,P,True,ftp://ftp.ncbi.nlm.nih.gov/geo/samples/GSM505nnn/GSM505371/suppl/GSM505371_20979_AB01913192_16985.CEL.gz,ftp://ftp.ncbi.nlm.nih.gov/geo/samples/GSM615nnn/GSM615204/suppl/GSM615204_20979_AB01913192_16985.CEL.gz
MDACC:M133,GSM505372,GSM615190,133,M133,M133,MAQC_T,20979_AB01913684_16983.CEL.gz,20979_AB01913684_16983.CEL.gz,True,RD,RD,True,38,37.0,1.0,N,N,True,ftp://ftp.ncbi.nlm.nih.gov/geo/samples/GSM505nnn/GSM505372/suppl/GSM505372_20979_AB01913684_16983.CEL.gz,ftp://ftp.ncbi.nlm.nih.gov/geo/samples/GSM615nnn/GSM615190/suppl/GSM615190_20979_AB01913684_16983.CEL.gz
MDACC:M189,GSM505374,GSM615206,189,M189,M189,MAQC_T,20979_AB01988666_16986.CEL.gz,20979_AB01988666_16986.CEL.gz,True,RD,RD,True,47,47.0,0.0,P,P,True,ftp://ftp.ncbi.nlm.nih.gov/geo/samples/GSM505nnn/GSM505374/suppl/GSM505374_20979_AB01988666_16986.CEL.gz,ftp://ftp.ncbi.nlm.nih.gov/geo/samples/GSM615nnn/GSM615206/suppl/GSM615206_20979_AB01988666_16986.CEL.gz
MDACC:M181,GSM505375,GSM615203,181,M181,M181,MAQC_T,20979_AB01988749_16984.CEL.gz,20979_AB01988749_16984.CEL.gz,True,RD,RD,True,75,73.0,2.0,P,P,True,ftp://ftp.ncbi.nlm.nih.gov/geo/samples/GSM505nnn/GSM505375/suppl/GSM505375_20979_AB01988749_16984.CEL.gz,ftp://ftp.ncbi.nlm.nih.gov/geo/samples/GSM615nnn/GSM615203/suppl/GSM615203_20979_AB01988749_16984.CEL.gz
MDACC:M236,GSM505378,GSM615227,236,M236,M236,MAQC_T,23678_AB01233040_24639.CEL.gz,23678_AB01233040_24639.CEL.gz,True,RD,RD,True,53,52.0,1.0,P,P,True,ftp://ftp.ncbi.nlm.nih.gov/geo/samples/GSM505nnn/GSM505378/suppl/GSM505378_23678_AB01233040_24639.CEL.gz,ftp://ftp.ncbi.nlm.nih.gov/geo/samples/GSM615nnn/GSM615227/suppl/GSM615227_23678_AB01233040_24639.CEL.gz
MDACC:M236,GSM505379,GSM615227,236,M236R1,M236,MDA_R,23678_AB01233040_26137.CEL.gz,23678_AB01233040_24639.CEL.gz,False,RD,RD,True,53,52.0,1.0,P,P,True,ftp://ftp.ncbi.nlm.nih.gov/geo/samples/GSM505nnn/GSM505379/suppl/GSM505379_23678_AB01233040_26137.CEL.gz,ftp://ftp.ncbi.nlm.nih.gov/geo/samples/GSM615nnn/GSM615227/suppl/GSM615227_23678_AB01233040_24639.CEL.gz
MDACC:M246,GSM505382,GSM615228,246,M246,M246,MAQC_T,23678_AB01299779_24642.CEL.gz,23678_AB01299779_24642.CEL.gz,True,RD,RD,True,42,42.0,0.0,P,P,True,ftp://ftp.ncbi.nlm.nih.gov/geo/samples/GSM505nnn/GSM505382/suppl/GSM505382_23678_AB01299779_24642.CEL.gz,ftp://ftp.ncbi.nlm.nih.gov/geo/samples/GSM615nnn/GSM615228/suppl/GSM615228_23678_AB01299779_24642.CEL.gz
MDACC:M246,GSM505383,GSM615228,246,M246R1,M246,MDA_R,23678_AB01299779_26140.CEL.gz,23678_AB01299779_24642.CEL.gz,False,RD,RD,True,42,42.0,0.0,P,P,True,ftp://ftp.ncbi.nlm.nih.gov/geo/samples/GSM505nnn/GSM505383/suppl/GSM505383_23678_AB01299779_26140.CEL.gz,ftp://ftp.ncbi.nlm.nih.gov/geo/samples/GSM615nnn/GSM615228/suppl/GSM615228_23678_AB01299779_24642.CEL.gz
MDACC:M280,GSM505392,GSM615236,280,M280,M280,MAQC_T,23678_AB01542230_24645.CEL.gz,23678_AB01542230_24645.CEL.gz,True,RD,RD,True,71,71.0,0.0,P,P,True,ftp://ftp.ncbi.nlm.nih.gov/geo/samples/GSM505nnn/GSM505392/suppl/GSM505392_23678_AB01542230_24645.CEL.gz,ftp://ftp.ncbi.nlm.nih.gov/geo/samples/GSM615nnn/GSM615236/suppl/GSM615236_23678_AB01542230_24645.CEL.gz
MDACC:M280,GSM505393,GSM615236,280,M280R1,M280,MDA_R,23678_AB01542230_26143.CEL.gz,23678_AB01542230_24645.CEL.gz,False,RD,RD,True,71,71.0,0.0,P,P,True,ftp://ftp.ncbi.nlm.nih.gov/geo/samples/GSM505nnn/GSM505393/suppl/GSM505393_23678_AB01542230_26143.CEL.gz,ftp://ftp.ncbi.nlm.nih.gov/geo/samples/GSM615nnn/GSM615236/suppl/GSM615236_23678_AB01542230_24645.CEL.gz
MDACC:M266,GSM505398,GSM615234,266,M266,M266,MAQC_T,23678_AB01562113_24644.CEL.gz,23678_AB01562113_24644.CEL.gz,True,RD,RD,True,45,45.0,0.0,P,P,True,ftp://ftp.ncbi.nlm.nih.gov/geo/samples/GSM505nnn/GSM505398/suppl/GSM505398_23678_AB01562113_24644.CEL.gz,ftp://ftp.ncbi.nlm.nih.gov/geo/samples/GSM615nnn/GSM615234/suppl/GSM615234_23678_AB01562113_24644.CEL.gz
MDACC:M266,GSM505399,GSM615234,266,M266R1,M266,MDA_R,23678_AB01562113_26142.CEL.gz,23678_AB01562113_24644.CEL.gz,False,RD,RD,True,45,45.0,0.0,P,P,True,ftp://ftp.ncbi.nlm.nih.gov/geo/samples/GSM505nnn/GSM505399/suppl/GSM505399_23678_AB01562113_26142.CEL.gz,ftp://ftp.ncbi.nlm.nih.gov/geo/samples/GSM615nnn/GSM615234/suppl/GSM615234_23678_AB01562113_24644.CEL.gz
MDACC:M231,GSM505402,GSM615224,231,M231,M231,MAQC_T,23678_AB01562130_24648.CEL.gz,23678_AB01562130_24648.CEL.gz,True,RD,RD,True,52,52.0,0.0,P,P,True,ftp://ftp.ncbi.nlm.nih.gov/geo/samples/GSM505nnn/GSM505402/suppl/GSM505402_23678_AB01562130_24648.CEL.gz,ftp://ftp.ncbi.nlm.nih.gov/geo/samples/GSM615nnn/GSM615224/suppl/GSM615224_23678_AB01562130_24648.CEL.gz
MDACC:M231,GSM505403,GSM615224,231,M231R1,M231,MDA_R,23678_AB01562130_26146.CEL.gz,23678_AB01562130_24648.CEL.gz,False,RD,RD,True,52,52.0,0.0,P,P,True,ftp://ftp.ncbi.nlm.nih.gov/geo/samples/GSM505nnn/GSM505403/suppl/GSM505403_23678_AB01562130_26146.CEL.gz,ftp://ftp.ncbi.nlm.nih.gov/geo/samples/GSM615nnn/GSM615224/suppl/GSM615224_23678_AB01562130_24648.CEL.gz
MDACC:M270,GSM505408,GSM615235,270,M270,M270,MAQC_T,23678_AB01562218_24640.CEL.gz,23678_AB01562218_24640.CEL.gz,True,RD,RD,True,67,67.0,0.0,P,P,True,ftp://ftp.ncbi.nlm.nih.gov/geo/samples/GSM505nnn/GSM505408/suppl/GSM505408_23678_AB01562218_24640.CEL.gz,ftp://ftp.ncbi.nlm.nih.gov/geo/samples/GSM615nnn/GSM615235/suppl/GSM615235_23678_AB01562218_24640.CEL.gz
MDACC:M270,GSM505409,GSM615235,270,M270R1,M270,MDA_R,23678_AB01562218_26138.CEL.gz,23678_AB01562218_24640.CEL.gz,False,RD,RD,True,67,67.0,0.0,P,P,True,ftp://ftp.ncbi.nlm.nih.gov/geo/samples/GSM505nnn/GSM505409/suppl/GSM505409_23678_AB01562218_26138.CEL.gz,ftp://ftp.ncbi.nlm.nih.gov/geo/samples/GSM615nnn/GSM615235/suppl/GSM615235_23678_AB01562218_24640.CEL.gz
MDACC:M259,GSM505410,GSM615230,259,M259,M259,MAQC_T,24817_AB02260707_26166.CEL.gz,24817_AB02260707_26166.CEL.gz,True,RD,RD,True,39,39.0,0.0,P,P,True,ftp://ftp.ncbi.nlm.nih.gov/geo/samples/GSM505nnn/GSM505410/suppl/GSM505410_24817_AB02260707_26166.CEL.gz,ftp://ftp.ncbi.nlm.nih.gov/geo/samples/GSM615nnn/GSM615230/suppl/GSM615230_24817_AB02260707_26166.CEL.gz
MDACC:M301,GSM505411,GSM615242,301,M301,M301,MAQC_T,24817_AB02260970_26172.CEL.gz,24817_AB02260970_26172.CEL.gz,True,pCR,pCR,True,46,46.0,0.0,N,N,True,ftp://ftp.ncbi.nlm.nih.gov/geo/samples/GSM505nnn/GSM505411/suppl/GSM505411_24817_AB02260970_26172.CEL.gz,ftp://ftp.ncbi.nlm.nih.gov/geo/samples/GSM615nnn/GSM615242/suppl/GSM615242_24817_AB02260970_26172.CEL.gz
MDACC:M234,GSM505412,GSM615226,234,M234,M234,MAQC_T,24817_AB02261485_26161.CEL.gz,24817_AB02261485_26161.CEL.gz,True,RD,RD,True,58,58.0,0.0,P,P,True,ftp://ftp.ncbi.nlm.nih.gov/geo/samples/GSM505nnn/GSM505412/suppl/GSM505412_24817_AB02261485_26161.CEL.gz,ftp://ftp.ncbi.nlm.nih.gov/geo/samples/GSM615nnn/GSM615226/suppl/GSM615226_24817_AB02261485_26161.CEL.gz
MDACC:M310,GSM505413,GSM615244,310,M310,M310,MAQC_T,24817_AB02261505_26168.CEL.gz,24817_AB02261505_26168.CEL.gz,True,RD,RD,True,51,51.0,0.0,N,N,True,ftp://ftp.ncbi.nlm.nih.gov/geo/samples/GSM505nnn/GSM505413/suppl/GSM505413_24817_AB02261505_26168.CEL.gz,ftp://ftp.ncbi.nlm.nih.gov/geo/samples/GSM615nnn/GSM615244/suppl/GSM615244_24817_AB02261505_26168.CEL.gz
MDACC:M260,GSM505415,GSM615231,260,M260,M260,MAQC_T,24817_AB02261512_26160.CEL.gz,24817_AB02261512_26160.CEL.gz,True,RD,RD,True,50,49.0,1.0,P,P,True,ftp://ftp.ncbi.nlm.nih.gov/geo/samples/GSM505nnn/GSM505415/suppl/GSM505415_24817_AB02261512_26160.CEL.gz,ftp://ftp.ncbi.nlm.nih.gov/geo/samples/GSM615nnn/GSM615231/suppl/GSM615231_24817_AB02261512_26160.CEL.gz
MDACC:M255,GSM505416,GSM615229,255,M255,M255,MAQC_T,24817_AB02262603_26162.CEL.gz,24817_AB02262603_26162.CEL.gz,True,RD,RD,True,48,48.0,0.0,N,N,True,ftp://ftp.ncbi.nlm.nih.gov/geo/samples/GSM505nnn/GSM505416/suppl/GSM505416_24817_AB02262603_26162.CEL.gz,ftp://ftp.ncbi.nlm.nih.gov/geo/samples/GSM615nnn/GSM615229/suppl/GSM615229_24817_AB02262603_26162.CEL.gz
MDACC:M304,GSM505420,GSM615243,304,M304,M304,MAQC_T,24817_AB02263375_26169.CEL.gz,24817_AB02263375_26169.CEL.gz,True,RD,RD,True,46,46.0,0.0,P,P,True,ftp://ftp.ncbi.nlm.nih.gov/geo/samples/GSM505nnn/GSM505420/suppl/GSM505420_24817_AB02263375_26169.CEL.gz,ftp://ftp.ncbi.nlm.nih.gov/geo/samples/GSM615nnn/GSM615243/suppl/GSM615243_24817_AB02263375_26169.CEL.gz
MDACC:M233,GSM505421,GSM615225,233,M233,M233,MAQC_T,24817_AB02263389_26164.CEL.gz,24817_AB02263389_26164.CEL.gz,True,RD,RD,True,60,60.0,0.0,N,N,True,ftp://ftp.ncbi.nlm.nih.gov/geo/samples/GSM505nnn/GSM505421/suppl/GSM505421_24817_AB02263389_26164.CEL.gz,ftp://ftp.ncbi.nlm.nih.gov/geo/samples/GSM615nnn/GSM615225/suppl/GSM615225_24817_AB02263389_26164.CEL.gz
MDACC:M297,GSM505422,GSM615241,297,M297,M297,MAQC_T,24817_AB02263395_26170.CEL.gz,24817_AB02263395_26170.CEL.gz,True,RD,RD,True,65,63.0,2.0,P,P,True,ftp://ftp.ncbi.nlm.nih.gov/geo/samples/GSM505nnn/GSM505422/suppl/GSM505422_24817_AB02263395_26170.CEL.gz,ftp://ftp.ncbi.nlm.nih.gov/geo/samples/GSM615nnn/GSM615241/suppl/GSM615241_24817_AB02263395_26170.CEL.gz
MDACC:M295,GSM505423,GSM615240,295,M295,M295,MAQC_T,24817_AB02263399_26158.CEL.gz,24817_AB02263399_26158.CEL.gz,True,pCR,pCR,True,48,48.0,0.0,N,N,True,ftp://ftp.ncbi.nlm.nih.gov/geo/samples/GSM505nnn/GSM505423/suppl/GSM505423_24817_AB02263399_26158.CEL.gz,ftp://ftp.ncbi.nlm.nih.gov/geo/samples/GSM615nnn/GSM615240/suppl/GSM615240_24817_AB02263399_26158.CEL.gz
MDACC:M282,GSM505424,GSM615238,282,M282,M282,MAQC_T,24817_AB02263400_26163.CEL.gz,24817_AB02263400_26163.CEL.gz,True,RD,RD,True,44,44.0,0.0,P,P,True,ftp://ftp.ncbi.nlm.nih.gov/geo/samples/GSM505nnn/GSM505424/suppl/GSM505424_24817_AB02263400_26163.CEL.gz,ftp://ftp.ncbi.nlm.nih.gov/geo/samples/GSM615nnn/GSM615238/suppl/GSM615238_24817_AB02263400_26163.CEL.gz
MDACC:M261,GSM505426,GSM615232,261,M261,M261,MAQC_T,24817_AB02263410_26165.CEL.gz,24817_AB02263410_26165.CEL.gz,True,RD,RD,True,56,56.0,0.0,P,P,True,ftp://ftp.ncbi.nlm.nih.gov/geo/samples/GSM505nnn/GSM505426/suppl/GSM505426_24817_AB02263410_26165.CEL.gz,ftp://ftp.ncbi.nlm.nih.gov/geo/samples/GSM615nnn/GSM615232/suppl/GSM615232_24817_AB02263410_26165.CEL.gz
MDACC:M333,GSM505427,GSM615249,333,M333,M333,MAQC_T,28998_AB02077268_34965.CEL.gz,28998_AB02077268_34965.CEL.gz,True,RD,RD,True,67,67.0,0.0,P,P,True,ftp://ftp.ncbi.nlm.nih.gov/geo/samples/GSM505nnn/GSM505427/suppl/GSM505427_28998_AB02077268_34965.CEL.gz,ftp://ftp.ncbi.nlm.nih.gov/geo/samples/GSM615nnn/GSM615249/suppl/GSM615249_28998_AB02077268_34965.CEL.gz
MDACC:M402,GSM505428,GSM615270,402,M402,M402,MAQC_T,28998_AB02086473_34898.CEL.gz,28998_AB02086473_34898.CEL.gz,True,pCR,pCR,True,38,38.0,0.0,N,N,True,ftp://ftp.ncbi.nlm.nih.gov/geo/samples/GSM505nnn/GSM505428/suppl/GSM505428_28998_AB02086473_34898.CEL.gz,ftp://ftp.ncbi.nlm.nih.gov/geo/samples/GSM615nnn/GSM615270/suppl/GSM615270_28998_AB02086473_34898.CEL.gz
MDACC:M386,GSM505430,GSM615267,386,M386,M386,MAQC_T,28998_AB02086509_34967.CEL.gz,28998_AB02086509_34967.CEL.gz,True,RD,RD,True,42,42.0,0.0,P,P,True,ftp://ftp.ncbi.nlm.nih.gov/geo/samples/GSM505nnn/GSM505430/suppl/GSM505430_28998_AB02086509_34967.CEL.gz,ftp://ftp.ncbi.nlm.nih.gov/geo/samples/GSM615nnn/GSM615267/suppl/GSM615267_28998_AB02086509_34967.CEL.gz
MDACC:M375,GSM505432,GSM615265,375,M375,M375,MAQC_T,28998_AB02090183_34891.CEL.gz,28998_AB02090183_34891.CEL.gz,True,RD,RD,True,64,63.0,1.0,N,N,True,ftp://ftp.ncbi.nlm.nih.gov/geo/samples/GSM505nnn/GSM505432/suppl/GSM505432_28998_AB02090183_34891.CEL.gz,ftp://ftp.ncbi.nlm.nih.gov/geo/samples/GSM615nnn/GSM615265/suppl/GSM615265_28998_AB02090183_34891.CEL.gz
MDACC:M402,GSM505438,GSM615270,402,M402R1,M402,MDA_R,28999_AB01468529_33679.CEL.gz,28998_AB02086473_34898.CEL.gz,False,pCR,pCR,True,38,38.0,0.0,N,N,True,ftp://ftp.ncbi.nlm.nih.gov/geo/samples/GSM505nnn/GSM505438/suppl/GSM505438_28999_AB01468529_33679.CEL.gz,ftp://ftp.ncbi.nlm.nih.gov/geo/samples/GSM615nnn/GSM615270/suppl/GSM615270_28998_AB02086473_34898.CEL.gz
MDACC:M375,GSM505440,GSM615265,375,M375R1,M375,MDA_R,28999_AB01469507_34970.CEL.gz,28998_AB02090183_34891.CEL.gz,False,RD,RD,True,64,63.0,1.0,N,N,True,ftp://ftp.ncbi.nlm.nih.gov/geo/samples/GSM505nnn/GSM505440/suppl/GSM505440_28999_AB01469507_34970.CEL.gz,ftp://ftp.ncbi.nlm.nih.gov/geo/samples/GSM615nnn/GSM615265/suppl/GSM615265_28998_AB02090183_34891.CEL.gz
MDACC:M333,GSM505442,GSM615249,333,M333R1,M333,MDA_R,28999_AB01469644_31430.CEL.gz,28998_AB02077268_34965.CEL.gz,False,RD,RD,True,67,67.0,0.0,P,P,True,ftp://ftp.ncbi.nlm.nih.gov/geo/samples/GSM505nnn/GSM505442/suppl/GSM505442_28999_AB01469644_31430.CEL.gz,ftp://ftp.ncbi.nlm.nih.gov/geo/samples/GSM615nnn/GSM615249/suppl/GSM615249_28998_AB02077268_34965.CEL.gz
MDACC:M386,GSM505444,GSM615267,386,M386R1,M386,MDA_R,28999_AB01469842_34742.CEL.gz,28998_AB02086509_34967.CEL.gz,False,RD,RD,True,42,42.0,0.0,P,P,True,ftp://ftp.ncbi.nlm.nih.gov/geo/samples/GSM505nnn/GSM505444/suppl/GSM505444_28999_AB01469842_34742.CEL.gz,ftp://ftp.ncbi.nlm.nih.gov/geo/samples/GSM615nnn/GSM615267/suppl/GSM615267_28998_AB02086509_34967.CEL.gz
MDACC:M323,GSM505448,GSM615247,323,M323,M323,MAQC_T,29539_AB01723009_35679.CEL.gz,29539_AB01723009_35679.CEL.gz,True,RD,RD,True,40,40.0,0.0,P,P,True,ftp://ftp.ncbi.nlm.nih.gov/geo/samples/GSM505nnn/GSM505448/suppl/GSM505448_29539_AB01723009_35679.CEL.gz,ftp://ftp.ncbi.nlm.nih.gov/geo/samples/GSM615nnn/GSM615247/suppl/GSM615247_29539_AB01723009_35679.CEL.gz
MDACC:M442,GSM505449,GSM615280,442,M442,M442,MAQC_T,29539_AB01723028_35692.CEL.gz,29539_AB01723028_35692.CEL.gz,True,pCR,pCR,True,41,41.0,0.0,P,P,True,ftp://ftp.ncbi.nlm.nih.gov/geo/samples/GSM505nnn/GSM505449/suppl/GSM505449_29539_AB01723028_35692.CEL.gz,ftp://ftp.ncbi.nlm.nih.gov/geo/samples/GSM615nnn/GSM615280/suppl/GSM615280_29539_AB01723028_35692.CEL.gz
MDACC:PERU14_16,GSM505450,GSM615405,PERU-14-16,PERU14_16,PERU14_16,MAQC_T,29539_AB01723030_35657.CEL.gz,29539_AB01723030_35657.CEL.gz,True,RD,RD,True,58,58.0,0.0,N,N,True,ftp://ftp.ncbi.nlm.nih.gov/geo/samples/GSM505nnn/GSM505450/suppl/GSM505450_29539_AB01723030_35657.CEL.gz,ftp://ftp.ncbi.nlm.nih.gov/geo/samples/GSM615nnn/GSM615405/suppl/GSM615405_29539_AB01723030_35657.CEL.gz
MDACC:M523,GSM505451,GSM615292,523,M523,M523,MAQC_T,29539_AB01723031_35678.CEL.gz,29539_AB01723031_35678.CEL.gz,True,RD,RD,True,47,47.0,0.0,P,P,True,ftp://ftp.ncbi.nlm.nih.gov/geo/samples/GSM505nnn/GSM505451/suppl/GSM505451_29539_AB01723031_35678.CEL.gz,ftp://ftp.ncbi.nlm.nih.gov/geo/samples/GSM615nnn/GSM615292/suppl/GSM615292_29539_AB01723031_35678.CEL.gz
MDACC:M315,GSM505452,GSM615245,315,M315,M315,MAQC_T,29539_AB01723032_35694.CEL.gz,29539_AB01723032_35694.CEL.gz,True,RD,RD,True,36,36.0,0.0,P,P,True,ftp://ftp.ncbi.nlm.nih.gov/geo/samples/GSM505nnn/GSM505452/suppl/GSM505452_29539_AB01723032_35694.CEL.gz,ftp://ftp.ncbi.nlm.nih.gov/geo/samples/GSM615nnn/GSM615245/suppl/GSM615245_29539_AB01723032_35694.CEL.gz
MDACC:M399,GSM505453,GSM615269,399,M399,M399,MAQC_T,29539_AB01723039_35684.CEL.gz,29539_AB01723039_35684.CEL.gz,True,RD,RD,True,40,40.0,0.0,P,P,True,ftp://ftp.ncbi.nlm.nih.gov/geo/samples/GSM505nnn/GSM505453/suppl/GSM505453_29539_AB01723039_35684.CEL.gz,ftp://ftp.ncbi.nlm.nih.gov/geo/samples/GSM615nnn/GSM615269/suppl/GSM615269_29539_AB01723039_35684.CEL.gz
MDACC:M524,GSM505454,GSM615293,524,M524,M524,MAQC_T,29539_AB01723040_35686.CEL.gz,29539_AB01723040_35686.CEL.gz,True,pCR,pCR,True,31,31.0,0.0,N,N,True,ftp://ftp.ncbi.nlm.nih.gov/geo/samples/GSM505nnn/GSM505454/suppl/GSM505454_29539_AB01723040_35686.CEL.gz,ftp://ftp.ncbi.nlm.nih.gov/geo/samples/GSM615nnn/GSM615293/suppl/GSM615293_29539_AB01723040_35686.CEL.gz
MDACC:M353,GSM505455,GSM615256,353,M353,M353,MAQC_T,29539_AB01723041_35689.CEL.gz,29539_AB01723041_35689.CEL.gz,True,pCR,pCR,True,51,51.0,0.0,P,P,True,ftp://ftp.ncbi.nlm.nih.gov/geo/samples/GSM505nnn/GSM505455/suppl/GSM505455_29539_AB01723041_35689.CEL.gz,ftp://ftp.ncbi.nlm.nih.gov/geo/samples/GSM615nnn/GSM615256/suppl/GSM615256_29539_AB01723041_35689.CEL.gz
MDACC:M534,GSM505456,GSM615296,534,M534,M534,MAQC_T,29539_AB01723043_35685.CEL.gz,29539_AB01723043_35685.CEL.gz,True,RD,RD,True,46,46.0,0.0,P,P,True,ftp://ftp.ncbi.nlm.nih.gov/geo/samples/GSM505nnn/GSM505456/suppl/GSM505456_29539_AB01723043_35685.CEL.gz,ftp://ftp.ncbi.nlm.nih.gov/geo/samples/GSM615nnn/GSM615296/suppl/GSM615296_29539_AB01723043_35685.CEL.gz
MDACC:M447,GSM505457,GSM615281,447,M447,M447,MAQC_T,29539_AB01723044_35687.CEL.gz,29539_AB01723044_35687.CEL.gz,True,RD,RD,True,44,44.0,0.0,P,P,True,ftp://ftp.ncbi.nlm.nih.gov/geo/samples/GSM505nnn/GSM505457/suppl/GSM505457_29539_AB01723044_35687.CEL.gz,ftp://ftp.ncbi.nlm.nih.gov/geo/samples/GSM615nnn/GSM615281/suppl/GSM615281_29539_AB01723044_35687.CEL.gz
MDACC:M356,GSM505458,GSM615258,356,M356,M356,MAQC_T,29539_AB01723056_35693.CEL.gz,29539_AB01723056_35693.CEL.gz,True,RD,RD,True,55,55.0,0.0,P,P,True,ftp://ftp.ncbi.nlm.nih.gov/geo/samples/GSM505nnn/GSM505458/suppl/GSM505458_29539_AB01723056_35693.CEL.gz,ftp://ftp.ncbi.nlm.nih.gov/geo/samples/GSM615nnn/GSM615258/suppl/GSM615258_29539_AB01723056_35693.CEL.gz
MDACC:M367,GSM505459,GSM615263,367,M367,M367,MAQC_T,29539_AB01833495_35688.CEL.gz,FL748-367.CEL.gz,False,pCR,pCR,True,62,61.0,1.0,N,N,True,ftp://ftp.ncbi.nlm.nih.gov/geo/samples/GSM505nnn/GSM505459/suppl/GSM505459_29539_AB01833495_35688.CEL.gz,ftp://ftp.ncbi.nlm.nih.gov/geo/samples/GSM615nnn/GSM615263/suppl/GSM615263_FL748-367.CEL.gz
MDACC:M120,GSM505460,GSM615184,120,M120,M120,MAQC_T,29539_AB01833504_35681.CEL.gz,29539_AB01833504_35681.CEL.gz,True,RD,RD,True,52,51.0,1.0,N,N,True,ftp://ftp.ncbi.nlm.nih.gov/geo/samples/GSM505nnn/GSM505460/suppl/GSM505460_29539_AB01833504_35681.CEL.gz,ftp://ftp.ncbi.nlm.nih.gov/geo/samples/GSM615nnn/GSM615184/suppl/GSM615184_29539_AB01833504_35681.CEL.gz
MDACC:PERU11,GSM505462,GSM615403,PERU-11,PERU11,PERU11,MAQC_Q,29539_AB01833522_35706.CEL.gz,29539_AB01833522_35706.CEL.gz,True,RD,RD,True,50,50.0,0.0,N,N,True,ftp://ftp.ncbi.nlm.nih.gov/geo/samples/GSM505nnn/GSM505462/suppl/GSM505462_29539_AB01833522_35706.CEL.gz,ftp://ftp.ncbi.nlm.nih.gov/geo/samples/GSM615nnn/GSM615403/suppl/GSM615403_29539_AB01833522_35706.CEL.gz
MDACC:M107,GSM505464,GSM615180,107,M107,M107,MAQC_T,29539_AB01833535_35695.CEL.gz,29539_AB01833535_35695.CEL.gz,True,RD,RD,True,47,47.0,0.0,P,P,True,ftp://ftp.ncbi.nlm.nih.gov/geo/samples/GSM505nnn/GSM505464/suppl/GSM505464_29539_AB01833535_35695.CEL.gz,ftp://ftp.ncbi.nlm.nih.gov/geo/samples/GSM615nnn/GSM615180/suppl/GSM615180_29539_AB01833535_35695.CEL.gz
MDACC:M343,GSM505465,GSM615254,343,M343,M343,MAQC_T,29539_AB01833542_35683.CEL.gz,29539_AB01833542_35683.CEL.gz,True,RD,RD,True,50,49.0,1.0,P,P,True,ftp://ftp.ncbi.nlm.nih.gov/geo/samples/GSM505nnn/GSM505465/suppl/GSM505465_29539_AB01833542_35683.CEL.gz,ftp://ftp.ncbi.nlm.nih.gov/geo/samples/GSM615nnn/GSM615254/suppl/GSM615254_29539_AB01833542_35683.CEL.gz
MDACC:M485,GSM505466,GSM615284,485,M485,M485,MAQC_T,29539_AB01833699_35605.CEL.gz,29539_AB01833699_35605.CEL.gz,True,pCR,pCR,True,50,50.0,0.0,N,N,True,ftp://ftp.ncbi.nlm.nih.gov/geo/samples/GSM505nnn/GSM505466/suppl/GSM505466_29539_AB01833699_35605.CEL.gz,ftp://ftp.ncbi.nlm.nih.gov/geo/samples/GSM615nnn/GSM615284/suppl/GSM615284_29539_AB01833699_35605.CEL.gz
MDACC:M373,GSM505467,GSM615264,373,M373,M373,MAQC_T,29539_AB01833716_35658.CEL.gz,29539_AB01833716_35658.CEL.gz,True,pCR,pCR,True,46,45.0,1.0,N,N,True,ftp://ftp.ncbi.nlm.nih.gov/geo/samples/GSM505nnn/GSM505467/suppl/GSM505467_29539_AB01833716_35658.CEL.gz,ftp://ftp.ncbi.nlm.nih.gov/geo/samples/GSM615nnn/GSM615264/suppl/GSM615264_29539_AB01833716_35658.CEL.gz
MDACC:M463,GSM505468,GSM615282,463,M463,M463,MAQC_T,29539_AB01833728_35659.CEL.gz,29539_AB01833728_35659.CEL.gz,True,RD,RD,True,60,60.0,0.0,P,P,True,ftp://ftp.ncbi.nlm.nih.gov/geo/samples/GSM505nnn/GSM505468/suppl/GSM505468_29539_AB01833728_35659.CEL.gz,ftp://ftp.ncbi.nlm.nih.gov/geo/samples/GSM615nnn/GSM615282/suppl/GSM615282_29539_AB01833728_35659.CEL.gz
MDACC:M357,GSM505469,GSM615259,357,M357,M357,MAQC_T,29539_AB01833732_35677.CEL.gz,29539_AB01833732_35677.CEL.gz,True,RD,RD,True,52,62.0,-10.0,P,P,True,ftp://ftp.ncbi.nlm.nih.gov/geo/samples/GSM505nnn/GSM505469/suppl/GSM505469_29539_AB01833732_35677.CEL.gz,ftp://ftp.ncbi.nlm.nih.gov/geo/samples/GSM615nnn/GSM615259/suppl/GSM615259_29539_AB01833732_35677.CEL.gz
MDACC:PERU12_14,GSM505471,GSM615404,PERU-12-14,PERU12_14,PERU12_14,MAQC_T,29539_AB01833741_35650.CEL.gz,29539_AB01833741_35650.CEL.gz,True,RD,RD,True,65,65.0,0.0,P,P,True,ftp://ftp.ncbi.nlm.nih.gov/geo/samples/GSM505nnn/GSM505471/suppl/GSM505471_29539_AB01833741_35650.CEL.gz,ftp://ftp.ncbi.nlm.nih.gov/geo/samples/GSM615nnn/GSM615404/suppl/GSM615404_29539_AB01833741_35650.CEL.gz
MDACC:M384,GSM505472,GSM615266,384,M384,M384,MAQC_T,29539_AB01833747_35697.CEL.gz,29539_AB01833747_35697.CEL.gz,True,RD,RD,True,60,60.0,0.0,P,P,True,ftp://ftp.ncbi.nlm.nih.gov/geo/samples/GSM505nnn/GSM505472/suppl/GSM505472_29539_AB01833747_35697.CEL.gz,ftp://ftp.ncbi.nlm.nih.gov/geo/samples/GSM615nnn/GSM615266/suppl/GSM615266_29539_AB01833747_35697.CEL.gz
MDACC:M497,GSM505473,GSM615286,497,M497,M497,MAQC_T,29539_AB01833749_35607.CEL.gz,29539_AB01833749_35607.CEL.gz,True,RD,RD,True,62,62.0,0.0,P,P,True,ftp://ftp.ncbi.nlm.nih.gov/geo/samples/GSM505nnn/GSM505473/suppl/GSM505473_29539_AB01833749_35607.CEL.gz,ftp://ftp.ncbi.nlm.nih.gov/geo/samples/GSM615nnn/GSM615286/suppl/GSM615286_29539_AB01833749_35607.CEL.gz
MDACC:PERU07,GSM505474,GSM615401,PERU-7,PERU07,PERU07,MAQC_T,29539_AB01833754_35654.CEL.gz,29539_AB01833754_35654.CEL.gz,True,RD,RD,True,71,71.0,0.0,P,P,True,ftp://ftp.ncbi.nlm.nih.gov/geo/samples/GSM505nnn/GSM505474/suppl/GSM505474_29539_AB01833754_35654.CEL.gz,ftp://ftp.ncbi.nlm.nih.gov/geo/samples/GSM615nnn/GSM615401/suppl/GSM615401_29539_AB01833754_35654.CEL.gz
MDACC:M503,GSM505475,GSM615288,503,M503,M503,MAQC_T,29539_AB01833756_35615.CEL.gz,29539_AB01833756_35615.CEL.gz,True,RD,RD,True,38,38.0,0.0,N,N,True,ftp://ftp.ncbi.nlm.nih.gov/geo/samples/GSM505nnn/GSM505475/suppl/GSM505475_29539_AB01833756_35615.CEL.gz,ftp://ftp.ncbi.nlm.nih.gov/geo/samples/GSM615nnn/GSM615288/suppl/GSM615288_29539_AB01833756_35615.CEL.gz
MDACC:M129,GSM505476,GSM615188,129,M129,M129,MAQC_T,29539_AB01833758_35698.CEL.gz,29539_AB01833758_35698.CEL.gz,True,RD,RD,True,61,61.0,0.0,N,N,True,ftp://ftp.ncbi.nlm.nih.gov/geo/samples/GSM505nnn/GSM505476/suppl/GSM505476_29539_AB01833758_35698.CEL.gz,ftp://ftp.ncbi.nlm.nih.gov/geo/samples/GSM615nnn/GSM615188/suppl/GSM615188_29539_AB01833758_35698.CEL.gz
MDACC:M421,GSM505477,GSM615273,421,M421,M421,MAQC_T,29539_AB01833759_35699.CEL.gz,29539_AB01833759_35699.CEL.gz,True,RD,RD,True,48,48.0,0.0,P,P,True,ftp://ftp.ncbi.nlm.nih.gov/geo/samples/GSM505nnn/GSM505477/suppl/GSM505477_29539_AB01833759_35699.CEL.gz,ftp://ftp.ncbi.nlm.nih.gov/geo/samples/GSM615nnn/GSM615273/suppl/GSM615273_29539_AB01833759_35699.CEL.gz
MDACC:M146,GSM505478,GSM615193,146,M146,M146,MAQC_T,29539_AB01833769_35700.CEL.gz,29539_AB01833769_35700.CEL.gz,True,pCR,pCR,True,40,40.0,0.0,N,N,True,ftp://ftp.ncbi.nlm.nih.gov/geo/samples/GSM505nnn/GSM505478/suppl/GSM505478_29539_AB01833769_35700.CEL.gz,ftp://ftp.ncbi.nlm.nih.gov/geo/samples/GSM615nnn/GSM615193/suppl/GSM615193_29539_AB01833769_35700.CEL.gz
MDACC:M506,GSM505479,GSM615289,506,M506,M506,MAQC_T,29539_AB01833780_35612.CEL.gz,29539_AB01833780_35612.CEL.gz,True,RD,RD,True,46,46.0,0.0,P,P,True,ftp://ftp.ncbi.nlm.nih.gov/geo/samples/GSM505nnn/GSM505479/suppl/GSM505479_29539_AB01833780_35612.CEL.gz,ftp://ftp.ncbi.nlm.nih.gov/geo/samples/GSM615nnn/GSM615289/suppl/GSM615289_29539_AB01833780_35612.CEL.gz
MDACC:PERU09,GSM505480,GSM615402,PERU-9,PERU09,PERU09,MAQC_T,29539_AB01833820_35655.CEL.gz,29539_AB01833820_35655.CEL.gz,True,RD,RD,True,47,47.0,0.0,P,P,True,ftp://ftp.ncbi.nlm.nih.gov/geo/samples/GSM505nnn/GSM505480/suppl/GSM505480_29539_AB01833820_35655.CEL.gz,ftp://ftp.ncbi.nlm.nih.gov/geo/samples/GSM615nnn/GSM615402/suppl/GSM615402_29539_AB01833820_35655.CEL.gz
MDACC:M525,GSM505481,GSM615294,525,M525,M525,MAQC_T,29539_AB01833821_35682.CEL.gz,29539_AB01833821_35682.CEL.gz,True,RD,RD,True,46,45.0,1.0,P,P,True,ftp://ftp.ncbi.nlm.nih.gov/geo/samples/GSM505nnn/GSM505481/suppl/GSM505481_29539_AB01833821_35682.CEL.gz,ftp://ftp.ncbi.nlm.nih.gov/geo/samples/GSM615nnn/GSM615294/suppl/GSM615294_29539_AB01833821_35682.CEL.gz
MDACC:M469,GSM505483,GSM615283,469,M469,M469,MAQC_T,29539_AB01833832_35608.CEL.gz,29539_AB01833832_35608.CEL.gz,True,RD,RD,True,57,57.0,0.0,P,P,True,ftp://ftp.ncbi.nlm.nih.gov/geo/samples/GSM505nnn/GSM505483/suppl/GSM505483_29539_AB01833832_35608.CEL.gz,ftp://ftp.ncbi.nlm.nih.gov/geo/samples/GSM615nnn/GSM615283/suppl/GSM615283_29539_AB01833832_35608.CEL.gz
MDACC:M341,GSM505485,GSM615253,341,M341,M341,MAQC_T,29539_AB01833841_35702.CEL.gz,29539_AB01833841_35702.CEL.gz,True,RD,RD,True,41,41.0,0.0,P,P,True,ftp://ftp.ncbi.nlm.nih.gov/geo/samples/GSM505nnn/GSM505485/suppl/GSM505485_29539_AB01833841_35702.CEL.gz,ftp://ftp.ncbi.nlm.nih.gov/geo/samples/GSM615nnn/GSM615253/suppl/GSM615253_29539_AB01833841_35702.CEL.gz
MDACC:M434,GSM505486,GSM615279,434,M434,M434,MAQC_T,29539_AB01833876_35613.CEL.gz,29539_AB01833876_35613.CEL.gz,True,RD,RD,True,50,50.0,0.0,P,P,True,ftp://ftp.ncbi.nlm.nih.gov/geo/samples/GSM505nnn/GSM505486/suppl/GSM505486_29539_AB01833876_35613.CEL.gz,ftp://ftp.ncbi.nlm.nih.gov/geo/samples/GSM615nnn/GSM615279/suppl/GSM615279_29539_AB01833876_35613.CEL.gz
MDACC:M334,GSM505487,GSM615250,334,M334,M334,MAQC_T,29539_AB01833931_35690.CEL.gz,29539_AB01833931_35690.CEL.gz,True,RD,RD,True,63,63.0,0.0,N,N,True,ftp://ftp.ncbi.nlm.nih.gov/geo/samples/GSM505nnn/GSM505487/suppl/GSM505487_29539_AB01833931_35690.CEL.gz,ftp://ftp.ncbi.nlm.nih.gov/geo/samples/GSM615nnn/GSM615250/suppl/GSM615250_29539_AB01833931_35690.CEL.gz
MDACC:PERU01,GSM505488,GSM615400,PERU-1,PERU01,PERU01,MAQC_T,29539_AB01833935_35648.CEL.gz,29539_AB01833935_35648.CEL.gz,True,RD,RD,True,73,73.0,0.0,P,P,True,ftp://ftp.ncbi.nlm.nih.gov/geo/samples/GSM505nnn/GSM505488/suppl/GSM505488_29539_AB01833935_35648.CEL.gz,ftp://ftp.ncbi.nlm.nih.gov/geo/samples/GSM615nnn/GSM615400/suppl/GSM615400_29539_AB01833935_35648.CEL.gz
MDACC:M233,GSM505503,GSM615225,233,M233R1,M233,MDA_R,U133A_ROM233_06_04_04.CEL.gz,24817_AB02263389_26164.CEL.gz,False,RD,RD,True,60,60.0,0.0,N,N,True,ftp://ftp.ncbi.nlm.nih.gov/geo/samples/GSM505nnn/GSM505503/suppl/GSM505503_U133A_ROM233_06_04_04.CEL.gz,ftp://ftp.ncbi.nlm.nih.gov/geo/samples/GSM615nnn/GSM615225/suppl/GSM615225_24817_AB02263389_26164.CEL.gz
MDACC:M195,GSM505506,GSM615207,195,M195,M195,MAQC_V,FL824-195.CEL.gz,FL824-195.CEL.gz,True,RD,RD,True,42,42.0,0.0,P,P,True,ftp://ftp.ncbi.nlm.nih.gov/geo/samples/GSM505nnn/GSM505506/suppl/GSM505506_FL824-195.CEL.gz,ftp://ftp.ncbi.nlm.nih.gov/geo/samples/GSM615nnn/GSM615207/suppl/GSM615207_FL824-195.CEL.gz
MDACC:M263,GSM505508,GSM615233,263,M263,M263,MAQC_V,FL644-263.CEL.gz,FL644-263.CEL.gz,True,RD,RD,True,72,72.0,0.0,P,P,True,ftp://ftp.ncbi.nlm.nih.gov/geo/samples/GSM505nnn/GSM505508/suppl/GSM505508_FL644-263.CEL.gz,ftp://ftp.ncbi.nlm.nih.gov/geo/samples/GSM615nnn/GSM615233/suppl/GSM615233_FL644-263.CEL.gz
MDACC:M281,GSM505509,GSM615237,281,M281,M281,MAQC_V,FL747-281.CEL.gz,FL747-281.CEL.gz,True,RD,RD,True,45,45.0,0.0,P,P,True,ftp://ftp.ncbi.nlm.nih.gov/geo/samples/GSM505nnn/GSM505509/suppl/GSM505509_FL747-281.CEL.gz,ftp://ftp.ncbi.nlm.nih.gov/geo/samples/GSM615nnn/GSM615237/suppl/GSM615237_FL747-281.CEL.gz
MDACC:M283,GSM505510,GSM615239,283,M283,M283,MAQC_V,FL826-283.CEL.gz,FL826-283.CEL.gz,True,RD,RD,True,46,46.0,0.0,P,P,True,ftp://ftp.ncbi.nlm.nih.gov/geo/samples/GSM505nnn/GSM505510/suppl/GSM505510_FL826-283.CEL.gz,ftp://ftp.ncbi.nlm.nih.gov/geo/samples/GSM615nnn/GSM615239/suppl/GSM615239_FL826-283.CEL.gz
MDACC:M319,GSM505512,GSM615246,319,M319,M319,MAQC_V,FL645-319.CEL.gz,FL645-319.CEL.gz,True,RD,RD,True,26,26.0,0.0,P,P,True,ftp://ftp.ncbi.nlm.nih.gov/geo/samples/GSM505nnn/GSM505512/suppl/GSM505512_FL645-319.CEL.gz,ftp://ftp.ncbi.nlm.nih.gov/geo/samples/GSM615nnn/GSM615246/suppl/GSM615246_FL645-319.CEL.gz
MDACC:M332,GSM505513,GSM615248,332,M332,M332,MAQC_V,28998_AB02090243_34890.CEL.gz,28998_AB02090243_34890.CEL.gz,True,RD,RD,True,42,42.0,0.0,P,P,True,ftp://ftp.ncbi.nlm.nih.gov/geo/samples/GSM505nnn/GSM505513/suppl/GSM505513_28998_AB02090243_34890.CEL.gz,ftp://ftp.ncbi.nlm.nih.gov/geo/samples/GSM615nnn/GSM615248/suppl/GSM615248_28998_AB02090243_34890.CEL.gz
MDACC:M339,GSM505514,GSM615251,339,M339,M339,MAQC_V,FL494-339.CEL.gz,FL494-339.CEL.gz,True,RD,RD,True,44,44.0,0.0,N,N,True,ftp://ftp.ncbi.nlm.nih.gov/geo/samples/GSM505nnn/GSM505514/suppl/GSM505514_FL494-339.CEL.gz,ftp://ftp.ncbi.nlm.nih.gov/geo/samples/GSM615nnn/GSM615251/suppl/GSM615251_FL494-339.CEL.gz
MDACC:M340,GSM505515,GSM615252,340,M340,M340,MAQC_V,FL489-340.CEL.gz,FL489-340.CEL.gz,True,RD,RD,True,54,54.0,0.0,P,P,True,ftp://ftp.ncbi.nlm.nih.gov/geo/samples/GSM505nnn/GSM505515/suppl/GSM505515_FL489-340.CEL.gz,ftp://ftp.ncbi.nlm.nih.gov/geo/samples/GSM615nnn/GSM615252/suppl/GSM615252_FL489-340.CEL.gz
MDACC:M345,GSM505516,GSM615255,345,M345,M345,MAQC_V,FL490-345.CEL.gz,FL490-345.CEL.gz,True,RD,RD,True,39,39.0,0.0,N,N,True,ftp://ftp.ncbi.nlm.nih.gov/geo/samples/GSM505nnn/GSM505516/suppl/GSM505516_FL490-345.CEL.gz,ftp://ftp.ncbi.nlm.nih.gov/geo/samples/GSM615nnn/GSM615255/suppl/GSM615255_FL490-345.CEL.gz
MDACC:M355,GSM505517,GSM615257,355,M355,M355,MAQC_V,FL495-355.CEL.gz,FL495-355.CEL.gz,True,RD,RD,True,59,59.0,0.0,P,P,True,ftp://ftp.ncbi.nlm.nih.gov/geo/samples/GSM505nnn/GSM505517/suppl/GSM505517_FL495-355.CEL.gz,ftp://ftp.ncbi.nlm.nih.gov/geo/samples/GSM615nnn/GSM615257/suppl/GSM615257_FL495-355.CEL.gz
MDACC:M360,GSM505518,GSM615260,360,M360,M360,MAQC_V,FL745-360.CEL.gz,FL745-360.CEL.gz,True,RD,RD,True,56,56.0,0.0,P,P,True,ftp://ftp.ncbi.nlm.nih.gov/geo/samples/GSM505nnn/GSM505518/suppl/GSM505518_FL745-360.CEL.gz,ftp://ftp.ncbi.nlm.nih.gov/geo/samples/GSM615nnn/GSM615260/suppl/GSM615260_FL745-360.CEL.gz
MDACC:M363,GSM505519,GSM615261,363,M363,M363,MAQC_V,FL746-363.CEL.gz,FL746-363.CEL.gz,True,RD,RD,True,58,58.0,0.0,P,P,True,ftp://ftp.ncbi.nlm.nih.gov/geo/samples/GSM505nnn/GSM505519/suppl/GSM505519_FL746-363.CEL.gz,ftp://ftp.ncbi.nlm.nih.gov/geo/samples/GSM615nnn/GSM615261/suppl/GSM615261_FL746-363.CEL.gz
MDACC:M365,GSM505520,GSM615262,365,M365,M365,MAQC_V,U133A_80_FL_080_FL256-365_04_18_06.CEL.gz,U133A_80_FL_080_FL256-365_04_18_06.CEL.gz,True,RD,RD,True,42,42.0,0.0,P,P,True,ftp://ftp.ncbi.nlm.nih.gov/geo/samples/GSM505nnn/GSM505520/suppl/GSM505520_U133A_80_FL_080_FL256-365_04_18_06.CEL.gz,ftp://ftp.ncbi.nlm.nih.gov/geo/samples/GSM615nnn/GSM615262/suppl/GSM615262_U133A_80_FL_080_FL256-365_04_18_06.CEL.gz
MDACC:M396,GSM505523,GSM615268,396,M396,M396,MAQC_V,FL556-396.CEL.gz,FL556-396.CEL.gz,True,RD,RD,True,35,35.0,0.0,P,P,True,ftp://ftp.ncbi.nlm.nih.gov/geo/samples/GSM505nnn/GSM505523/suppl/GSM505523_FL556-396.CEL.gz,ftp://ftp.ncbi.nlm.nih.gov/geo/samples/GSM615nnn/GSM615268/suppl/GSM615268_FL556-396.CEL.gz
MDACC:M411,GSM505524,GSM615271,411,M411,M411,MAQC_V,FL498-411.CEL.gz,FL498-411.CEL.gz,True,RD,RD,True,44,44.0,0.0,P,P,True,ftp://ftp.ncbi.nlm.nih.gov/geo/samples/GSM505nnn/GSM505524/suppl/GSM505524_FL498-411.CEL.gz,ftp://ftp.ncbi.nlm.nih.gov/geo/samples/GSM615nnn/GSM615271/suppl/GSM615271_FL498-411.CEL.gz
MDACC:M417,GSM505525,GSM615272,417,M417,M417,MAQC_V,FL574-417.CEL.gz,FL574-417.CEL.gz,True,RD,RD,True,63,63.0,0.0,P,P,True,ftp://ftp.ncbi.nlm.nih.gov/geo/samples/GSM505nnn/GSM505525/suppl/GSM505525_FL574-417.CEL.gz,ftp://ftp.ncbi.nlm.nih.gov/geo/samples/GSM615nnn/GSM615272/suppl/GSM615272_FL574-417.CEL.gz
MDACC:M423,GSM505526,GSM615274,423,M423,M423,MAQC_V,U133A_80_FL_082_FL258-423_04_18_06.CEL.gz,U133A_80_FL_082_FL258-423_04_18_06.CEL.gz,True,RD,RD,True,68,68.0,0.0,P,P,True,ftp://ftp.ncbi.nlm.nih.gov/geo/samples/GSM505nnn/GSM505526/suppl/GSM505526_U133A_80_FL_082_FL258-423_04_18_06.CEL.gz,ftp://ftp.ncbi.nlm.nih.gov/geo/samples/GSM615nnn/GSM615274/suppl/GSM615274_U133A_80_FL_082_FL258-423_04_18_06.CEL.gz
MDACC:M425,GSM505527,GSM615275,425,M425,M425,MAQC_V,FL749-425.CEL.gz,FL749-425.CEL.gz,True,RD,RD,True,60,60.0,0.0,N,N,True,ftp://ftp.ncbi.nlm.nih.gov/geo/samples/GSM505nnn/GSM505527/suppl/GSM505527_FL749-425.CEL.gz,ftp://ftp.ncbi.nlm.nih.gov/geo/samples/GSM615nnn/GSM615275/suppl/GSM615275_FL749-425.CEL.gz
MDACC:M430,GSM505528,GSM615276,430,M430,M430,MAQC_V,FL499-430.CEL.gz,FL499-430.CEL.gz,True,RD,RD,True,52,52.0,0.0,N,N,True,ftp://ftp.ncbi.nlm.nih.gov/geo/samples/GSM505nnn/GSM505528/suppl/GSM505528_FL499-430.CEL.gz,ftp://ftp.ncbi.nlm.nih.gov/geo/samples/GSM615nnn/GSM615276/suppl/GSM615276_FL499-430.CEL.gz
MDACC:M431,GSM505529,GSM615277,431,M431,M431,MAQC_V,FL557-431.CEL.gz,FL557-431.CEL.gz,True,RD,RD,True,50,50.0,0.0,P,P,True,ftp://ftp.ncbi.nlm.nih.gov/geo/samples/GSM505nnn/GSM505529/suppl/GSM505529_FL557-431.CEL.gz,ftp://ftp.ncbi.nlm.nih.gov/geo/samples/GSM615nnn/GSM615277/suppl/GSM615277_FL557-431.CEL.gz
MDACC:M433,GSM505530,GSM615278,433,M433,M433,MAQC_V,FL575-433.CEL.gz,FL575-433.CEL.gz,True,RD,RD,True,47,47.0,0.0,P,P,True,ftp://ftp.ncbi.nlm.nih.gov/geo/samples/GSM505nnn/GSM505530/suppl/GSM505530_FL575-433.CEL.gz,ftp://ftp.ncbi.nlm.nih.gov/geo/samples/GSM615nnn/GSM615278/suppl/GSM615278_FL575-433.CEL.gz
MDACC:M486,GSM505532,GSM615285,486,M486,M486,MAQC_V,FL750-486.CEL.gz,FL750-486.CEL.gz,True,RD,RD,True,44,44.0,0.0,P,P,True,ftp://ftp.ncbi.nlm.nih.gov/geo/samples/GSM505nnn/GSM505532/suppl/GSM505532_FL750-486.CEL.gz,ftp://ftp.ncbi.nlm.nih.gov/geo/samples/GSM615nnn/GSM615285/suppl/GSM615285_FL750-486.CEL.gz
MDACC:M502,GSM505533,GSM615287,502,M502,M502,MAQC_V,FL686-502.CEL.gz,FL686-502.CEL.gz,True,RD,RD,True,50,50.0,0.0,N,N,True,ftp://ftp.ncbi.nlm.nih.gov/geo/samples/GSM505nnn/GSM505533/suppl/GSM505533_FL686-502.CEL.gz,ftp://ftp.ncbi.nlm.nih.gov/geo/samples/GSM615nnn/GSM615287/suppl/GSM615287_FL686-502.CEL.gz
MDACC:M507,GSM505534,GSM615290,507,M507,M507,MAQC_V,FL646-507.CEL.gz,FL646-507.CEL.gz,True,RD,RD,True,66,66.0,0.0,P,P,True,ftp://ftp.ncbi.nlm.nih.gov/geo/samples/GSM505nnn/GSM505534/suppl/GSM505534_FL646-507.CEL.gz,ftp://ftp.ncbi.nlm.nih.gov/geo/samples/GSM615nnn/GSM615290/suppl/GSM615290_FL646-507.CEL.gz
MDACC:M513,GSM505535,GSM615291,513,M513,M513,MAQC_V,FL491-513.CEL.gz,FL491-513.CEL.gz,True,pCR,pCR,True,59,59.0,0.0,N,N,True,ftp://ftp.ncbi.nlm.nih.gov/geo/samples/GSM505nnn/GSM505535/suppl/GSM505535_FL491-513.CEL.gz,ftp://ftp.ncbi.nlm.nih.gov/geo/samples/GSM615nnn/GSM615291/suppl/GSM615291_FL491-513.CEL.gz
MDACC:M531,GSM505536,GSM615295,531,M531,M531,MAQC_V,FL500-531.CEL.gz,FL500-531.CEL.gz,True,RD,RD,True,53,53.0,0.0,N,N,True,ftp://ftp.ncbi.nlm.nih.gov/geo/samples/GSM505nnn/GSM505536/suppl/GSM505536_FL500-531.CEL.gz,ftp://ftp.ncbi.nlm.nih.gov/geo/samples/GSM615nnn/GSM615295/suppl/GSM615295_FL500-531.CEL.gz
MDACC:M545,GSM505537,GSM615297,545,M545,M545,MAQC_V,FL501-545.CEL.gz,FL501-545.CEL.gz,True,RD,RD,True,58,58.0,0.0,N,N,True,ftp://ftp.ncbi.nlm.nih.gov/geo/samples/GSM505nnn/GSM505537/suppl/GSM505537_FL501-545.CEL.gz,ftp://ftp.ncbi.nlm.nih.gov/geo/samples/GSM615nnn/GSM615297/suppl/GSM615297_FL501-545.CEL.gz
MDACC:M549,GSM505538,GSM615298,549,M549,M549,MAQC_V,FL796-549.CEL.gz,FL796-549.CEL.gz,True,RD,RD,True,40,40.0,0.0,P,P,True,ftp://ftp.ncbi.nlm.nih.gov/geo/samples/GSM505nnn/GSM505538/suppl/GSM505538_FL796-549.CEL.gz,ftp://ftp.ncbi.nlm.nih.gov/geo/samples/GSM615nnn/GSM615298/suppl/GSM615298_FL796-549.CEL.gz
MDACC:M556,GSM505539,GSM615299,556,M556,M556,MAQC_V,FL457-556.CEL.gz,FL457-556.CEL.gz,True,RD,RD,True,47,47.0,0.0,P,P,True,ftp://ftp.ncbi.nlm.nih.gov/geo/samples/GSM505nnn/GSM505539/suppl/GSM505539_FL457-556.CEL.gz,ftp://ftp.ncbi.nlm.nih.gov/geo/samples/GSM615nnn/GSM615299/suppl/GSM615299_FL457-556.CEL.gz
MDACC:M557,GSM505540,GSM615300,557,M557,M557,MAQC_V,FL597-557.CEL.gz,FL597-557.CEL.gz,True,pCR,pCR,True,57,57.0,0.0,N,N,True,ftp://ftp.ncbi.nlm.nih.gov/geo/samples/GSM505nnn/GSM505540/suppl/GSM505540_FL597-557.CEL.gz,ftp://ftp.ncbi.nlm.nih.gov/geo/samples/GSM615nnn/GSM615300/suppl/GSM615300_FL597-557.CEL.gz
MDACC:M558,GSM505541,GSM615301,558,M558,M558,MAQC_V,FL752-558.CEL.gz,FL752-558.CEL.gz,True,RD,RD,True,62,62.0,0.0,N,N,True,ftp://ftp.ncbi.nlm.nih.gov/geo/samples/GSM505nnn/GSM505541/suppl/GSM505541_FL752-558.CEL.gz,ftp://ftp.ncbi.nlm.nih.gov/geo/samples/GSM615nnn/GSM615301/suppl/GSM615301_FL752-558.CEL.gz
MDACC:M559,GSM505542,GSM615302,559,M559,M559,MAQC_V,FL598-559.CEL.gz,FL598-559.CEL.gz,True,RD,RD,True,55,55.0,0.0,P,P,True,ftp://ftp.ncbi.nlm.nih.gov/geo/samples/GSM505nnn/GSM505542/suppl/GSM505542_FL598-559.CEL.gz,ftp://ftp.ncbi.nlm.nih.gov/geo/samples/GSM615nnn/GSM615302/suppl/GSM615302_FL598-559.CEL.gz
MDACC:M564,GSM505543,GSM615303,564,M564,M564,MAQC_V,FL599-564.CEL.gz,FL599-564.CEL.gz,True,RD,RD,True,68,68.0,0.0,N,N,True,ftp://ftp.ncbi.nlm.nih.gov/geo/samples/GSM505nnn/GSM505543/suppl/GSM505543_FL599-564.CEL.gz,ftp://ftp.ncbi.nlm.nih.gov/geo/samples/GSM615nnn/GSM615303/suppl/GSM615303_FL599-564.CEL.gz
MDACC:M566,GSM505544,GSM615305,566,M566,M566,MAQC_V,FL600-566.CEL.gz,FL600-566.CEL.gz,True,RD,RD,True,39,39.0,0.0,P,P,True,ftp://ftp.ncbi.nlm.nih.gov/geo/samples/GSM505nnn/GSM505544/suppl/GSM505544_FL600-566.CEL.gz,ftp://ftp.ncbi.nlm.nih.gov/geo/samples/GSM615nnn/GSM615305/suppl/GSM615305_FL600-566.CEL.gz
MDACC:M571,GSM505545,GSM615307,571,M571,M571,MAQC_V,U133A_80-FL-206-FL370-571_08_25_06.CEL.gz,U133A_80-FL-206-FL370-571_08_25_06.CEL.gz,True,pCR,pCR,True,32,32.0,0.0,N,N,True,ftp://ftp.ncbi.nlm.nih.gov/geo/samples/GSM505nnn/GSM505545/suppl/GSM505545_U133A_80-FL-206-FL370-571_08_25_06.CEL.gz,ftp://ftp.ncbi.nlm.nih.gov/geo/samples/GSM615nnn/GSM615307/suppl/GSM615307_U133A_80-FL-206-FL370-571_08_25_06.CEL.gz
MDACC:M578,GSM505547,GSM615309,578,M578,M578,MAQC_V,FL502-578.CEL.gz,FL502-578.CEL.gz,True,RD,RD,True,45,45.0,0.0,P,P,True,ftp://ftp.ncbi.nlm.nih.gov/geo/samples/GSM505nnn/GSM505547/suppl/GSM505547_FL502-578.CEL.gz,ftp://ftp.ncbi.nlm.nih.gov/geo/samples/GSM615nnn/GSM615309/suppl/GSM615309_FL502-578.CEL.gz
MDACC:M583,GSM505548,GSM615312,583,M583,M583,MAQC_V,FL503-583.CEL.gz,FL503-583.CEL.gz,True,RD,RD,True,51,51.0,0.0,N,N,True,ftp://ftp.ncbi.nlm.nih.gov/geo/samples/GSM505nnn/GSM505548/suppl/GSM505548_FL503-583.CEL.gz,ftp://ftp.ncbi.nlm.nih.gov/geo/samples/GSM615nnn/GSM615312/suppl/GSM615312_FL503-583.CEL.gz
MDACC:M599,GSM505549,GSM615313,599,M599,M599,MAQC_V,FL557-599.CEL.gz,FL557-599.CEL.gz,True,RD,RD,True,50,50.0,0.0,P,P,True,ftp://ftp.ncbi.nlm.nih.gov/geo/samples/GSM505nnn/GSM505549/suppl/GSM505549_FL557-599.CEL.gz,ftp://ftp.ncbi.nlm.nih.gov/geo/samples/GSM615nnn/GSM615313/suppl/GSM615313_FL557-599.CEL.gz
MDACC:M607,GSM505550,GSM615316,607,M607,M607,MAQC_V,FL647-607-2.CEL.gz,FL647-607-2.CEL.gz,True,RD,RD,True,67,67.0,0.0,P,P,True,ftp://ftp.ncbi.nlm.nih.gov/geo/samples/GSM505nnn/GSM505550/suppl/GSM505550_FL647-607-2.CEL.gz,ftp://ftp.ncbi.nlm.nih.gov/geo/samples/GSM615nnn/GSM615316/suppl/GSM615316_FL647-607-2.CEL.gz
MDACC:M610,GSM505551,GSM615318,610,M610,M610,MAQC_V,FL602-610.CEL.gz,FL602-610.CEL.gz,True,RD,RD,True,47,47.0,0.0,P,P,True,ftp://ftp.ncbi.nlm.nih.gov/geo/samples/GSM505nnn/GSM505551/suppl/GSM505551_FL602-610.CEL.gz,ftp://ftp.ncbi.nlm.nih.gov/geo/samples/GSM615nnn/GSM615318/suppl/GSM615318_FL602-610.CEL.gz
MDACC:M612,GSM505552,GSM615320,612,M612,M612,MAQC_V,FL690-612.CEL.gz,FL690-612.CEL.gz,True,RD,RD,True,40,40.0,0.0,N,N,True,ftp://ftp.ncbi.nlm.nih.gov/geo/samples/GSM505nnn/GSM505552/suppl/GSM505552_FL690-612.CEL.gz,ftp://ftp.ncbi.nlm.nih.gov/geo/samples/GSM615nnn/GSM615320/suppl/GSM615320_FL690-612.CEL.gz
MDACC:M617,GSM505553,GSM615321,617,M617,M617,MAQC_V,U133A_80-FL-131-FL299-617_06_09_06.CEL.gz,U133A_80-FL-131-FL299-617_06_09_06.CEL.gz,True,RD,RD,True,50,50.0,0.0,N,N,True,ftp://ftp.ncbi.nlm.nih.gov/geo/samples/GSM505nnn/GSM505553/suppl/GSM505553_U133A_80-FL-131-FL299-617_06_09_06.CEL.gz,ftp://ftp.ncbi.nlm.nih.gov/geo/samples/GSM615nnn/GSM615321/suppl/GSM615321_U133A_80-FL-131-FL299-617_06_09_06.CEL.gz
MDACC:M619,GSM505554,GSM615322,619,M619,M619,MAQC_V,FL678-619.CEL.gz,FL678-619.CEL.gz,True,RD,RD,True,52,52.0,0.0,N,N,True,ftp://ftp.ncbi.nlm.nih.gov/geo/samples/GSM505nnn/GSM505554/suppl/GSM505554_FL678-619.CEL.gz,ftp://ftp.ncbi.nlm.nih.gov/geo/samples/GSM615nnn/GSM615322/suppl/GSM615322_FL678-619.CEL.gz
MDACC:M642,GSM505556,GSM615328,642,M642,M642,MAQC_V,FL786_642.CEL.gz,FL786_642.CEL.gz,True,RD,RD,True,45,45.0,0.0,P,P,True,ftp://ftp.ncbi.nlm.nih.gov/geo/samples/GSM505nnn/GSM505556/suppl/GSM505556_FL786_642.CEL.gz,ftp://ftp.ncbi.nlm.nih.gov/geo/samples/GSM615nnn/GSM615328/suppl/GSM615328_FL786_642.CEL.gz
MDACC:M643,GSM505557,GSM615329,643,M643,M643,MAQC_V,FL797-643.CEL.gz,FL797-643.CEL.gz,True,RD,RD,True,41,41.0,0.0,P,P,True,ftp://ftp.ncbi.nlm.nih.gov/geo/samples/GSM505nnn/GSM505557/suppl/GSM505557_FL797-643.CEL.gz,ftp://ftp.ncbi.nlm.nih.gov/geo/samples/GSM615nnn/GSM615329/suppl/GSM615329_FL797-643.CEL.gz
MDACC:M647,GSM505558,GSM615330,647,M647,M647,MAQC_V,FL688-647.CEL.gz,FL688-647.CEL.gz,True,RD,RD,True,65,65.0,0.0,N,N,True,ftp://ftp.ncbi.nlm.nih.gov/geo/samples/GSM505nnn/GSM505558/suppl/GSM505558_FL688-647.CEL.gz,ftp://ftp.ncbi.nlm.nih.gov/geo/samples/GSM615nnn/GSM615330/suppl/GSM615330_FL688-647.CEL.gz
MDACC:M651,GSM505559,GSM615331,651,M651,M651,MAQC_V,FL604-651.CEL.gz,FL604-651.CEL.gz,True,pCR,pCR,True,61,61.0,0.0,P,P,True,ftp://ftp.ncbi.nlm.nih.gov/geo/samples/GSM505nnn/GSM505559/suppl/GSM505559_FL604-651.CEL.gz,ftp://ftp.ncbi.nlm.nih.gov/geo/samples/GSM615nnn/GSM615331/suppl/GSM615331_FL604-651.CEL.gz
MDACC:M652,GSM505560,GSM615332,652,M652,M652,MAQC_V,FL605-652.CEL.gz,FL605-652.CEL.gz,True,RD,RD,True,66,66.0,0.0,P,P,True,ftp://ftp.ncbi.nlm.nih.gov/geo/samples/GSM505nnn/GSM505560/suppl/GSM505560_FL605-652.CEL.gz,ftp://ftp.ncbi.nlm.nih.gov/geo/samples/GSM615nnn/GSM615332/suppl/GSM615332_FL605-652.CEL.gz
MDACC:M657,GSM505561,GSM615333,657,M657,M657,MAQC_V,FL756-657.CEL.gz,FL756-657.CEL.gz,True,RD,RD,True,48,48.0,0.0,N,N,True,ftp://ftp.ncbi.nlm.nih.gov/geo/samples/GSM505nnn/GSM505561/suppl/GSM505561_FL756-657.CEL.gz,ftp://ftp.ncbi.nlm.nih.gov/geo/samples/GSM615nnn/GSM615333/suppl/GSM615333_FL756-657.CEL.gz
MDACC:M658,GSM505562,GSM615334,658,M658,M658,MAQC_V,FL606-658.CEL.gz,FL606-658.CEL.gz,True,pCR,pCR,True,61,61.0,0.0,N,N,True,ftp://ftp.ncbi.nlm.nih.gov/geo/samples/GSM505nnn/GSM505562/suppl/GSM505562_FL606-658.CEL.gz,ftp://ftp.ncbi.nlm.nih.gov/geo/samples/GSM615nnn/GSM615334/suppl/GSM615334_FL606-658.CEL.gz
MDACC:M659,GSM505563,GSM615335,659,M659,M659,MAQC_V,FL827-659.CEL.gz,FL827-659.CEL.gz,True,RD,RD,True,51,51.0,0.0,N,N,True,ftp://ftp.ncbi.nlm.nih.gov/geo/samples/GSM505nnn/GSM505563/suppl/GSM505563_FL827-659.CEL.gz,ftp://ftp.ncbi.nlm.nih.gov/geo/samples/GSM615nnn/GSM615335/suppl/GSM615335_FL827-659.CEL.gz
MDACC:M661,GSM505564,GSM615336,661,M661,M661,MAQC_V,FL679-661.CEL.gz,FL679-661.CEL.gz,True,pCR,pCR,True,49,49.0,0.0,N,N,True,ftp://ftp.ncbi.nlm.nih.gov/geo/samples/GSM505nnn/GSM505564/suppl/GSM505564_FL679-661.CEL.gz,ftp://ftp.ncbi.nlm.nih.gov/geo/samples/GSM615nnn/GSM615336/suppl/GSM615336_FL679-661.CEL.gz
MDACC:M662,GSM505565,GSM615337,662,M662,M662,MAQC_V,FL577-662.CEL.gz,FL577-662.CEL.gz,True,RD,RD,True,46,46.0,0.0,P,P,True,ftp://ftp.ncbi.nlm.nih.gov/geo/samples/GSM505nnn/GSM505565/suppl/GSM505565_FL577-662.CEL.gz,ftp://ftp.ncbi.nlm.nih.gov/geo/samples/GSM615nnn/GSM615337/suppl/GSM615337_FL577-662.CEL.gz
MDACC:M665,GSM505566,GSM615338,665,M665,M665,MAQC_V,FL780-665.CEL.gz,FL780-665.CEL.gz,True,pCR,pCR,True,57,57.0,0.0,N,N,True,ftp://ftp.ncbi.nlm.nih.gov/geo/samples/GSM505nnn/GSM505566/suppl/GSM505566_FL780-665.CEL.gz,ftp://ftp.ncbi.nlm.nih.gov/geo/samples/GSM615nnn/GSM615338/suppl/GSM615338_FL780-665.CEL.gz
MDACC:M666,GSM505567,GSM615339,666,M666,M666,MAQC_V,FL559-666.CEL.gz,FL559-666.CEL.gz,True,RD,RD,True,58,58.0,0.0,P,P,True,ftp://ftp.ncbi.nlm.nih.gov/geo/samples/GSM505nnn/GSM505567/suppl/GSM505567_FL559-666.CEL.gz,ftp://ftp.ncbi.nlm.nih.gov/geo/samples/GSM615nnn/GSM615339/suppl/GSM615339_FL559-666.CEL.gz
MDACC:M668,GSM505568,GSM615340,668,M668,M668,MAQC_V,FL680-668.CEL.gz,FL680-668.CEL.gz,True,RD,RD,True,50,50.0,0.0,P,P,True,ftp://ftp.ncbi.nlm.nih.gov/geo/samples/GSM505nnn/GSM505568/suppl/GSM505568_FL680-668.CEL.gz,ftp://ftp.ncbi.nlm.nih.gov/geo/samples/GSM615nnn/GSM615340/suppl/GSM615340_FL680-668.CEL.gz
MDACC:M669,GSM505569,GSM615341,669,M669,M669,MAQC_V,FL578-669.CEL.gz,FL578-669.CEL.gz,True,RD,RD,True,47,47.0,0.0,P,P,True,ftp://ftp.ncbi.nlm.nih.gov/geo/samples/GSM505nnn/GSM505569/suppl/GSM505569_FL578-669.CEL.gz,ftp://ftp.ncbi.nlm.nih.gov/geo/samples/GSM615nnn/GSM615341/suppl/GSM615341_FL578-669.CEL.gz
MDACC:M670,GSM505570,GSM615342,670,M670,M670,MAQC_V,FL781-670.CEL.gz,FL781-670.CEL.gz,True,RD,RD,True,43,43.0,0.0,N,N,True,ftp://ftp.ncbi.nlm.nih.gov/geo/samples/GSM505nnn/GSM505570/suppl/GSM505570_FL781-670.CEL.gz,ftp://ftp.ncbi.nlm.nih.gov/geo/samples/GSM615nnn/GSM615342/suppl/GSM615342_FL781-670.CEL.gz
MDACC:M671,GSM505571,GSM615343,671,M671,M671,MAQC_V,FL560-671.CEL.gz,FL560-671.CEL.gz,True,RD,RD,True,30,30.0,0.0,P,P,True,ftp://ftp.ncbi.nlm.nih.gov/geo/samples/GSM505nnn/GSM505571/suppl/GSM505571_FL560-671.CEL.gz,ftp://ftp.ncbi.nlm.nih.gov/geo/samples/GSM615nnn/GSM615343/suppl/GSM615343_FL560-671.CEL.gz
MDACC:M673,GSM505572,GSM615344,673,M673,M673,MAQC_V,FL689-673.CEL.gz,FL689-673.CEL.gz,True,RD,RD,True,58,58.0,0.0,N,N,True,ftp://ftp.ncbi.nlm.nih.gov/geo/samples/GSM505nnn/GSM505572/suppl/GSM505572_FL689-673.CEL.gz,ftp://ftp.ncbi.nlm.nih.gov/geo/samples/GSM615nnn/GSM615344/suppl/GSM615344_FL689-673.CEL.gz
MDACC:M675,GSM505573,GSM615345,675,M675,M675,MAQC_V,FL579-675.CEL.gz,FL579-675.CEL.gz,True,RD,RD,True,64,64.0,0.0,N,N,True,ftp://ftp.ncbi.nlm.nih.gov/geo/samples/GSM505nnn/GSM505573/suppl/GSM505573_FL579-675.CEL.gz,ftp://ftp.ncbi.nlm.nih.gov/geo/samples/GSM615nnn/GSM615345/suppl/GSM615345_FL579-675.CEL.gz
MDACC:M679,GSM505574,GSM615347,679,M679,M679,MAQC_V,FL580-679.CEL.gz,FL580-679.CEL.gz,True,RD,RD,True,72,72.0,0.0,N,N,True,ftp://ftp.ncbi.nlm.nih.gov/geo/samples/GSM505nnn/GSM505574/suppl/GSM505574_FL580-679.CEL.gz,ftp://ftp.ncbi.nlm.nih.gov/geo/samples/GSM615nnn/GSM615347/suppl/GSM615347_FL580-679.CEL.gz
MDACC:M681,GSM505575,GSM615348,681,M681,M681,MAQC_V,FL783-681.CEL.gz,FL783-681.CEL.gz,True,RD,RD,True,33,33.0,0.0,N,N,True,ftp://ftp.ncbi.nlm.nih.gov/geo/samples/GSM505nnn/GSM505575/suppl/GSM505575_FL783-681.CEL.gz,ftp://ftp.ncbi.nlm.nih.gov/geo/samples/GSM615nnn/GSM615348/suppl/GSM615348_FL783-681.CEL.gz
MDACC:M682,GSM505576,GSM615349,682,M682,M682,MAQC_V,FL761-682.CEL.gz,FL761-682.CEL.gz,True,RD,RD,True,50,50.0,0.0,P,P,True,ftp://ftp.ncbi.nlm.nih.gov/geo/samples/GSM505nnn/GSM505576/suppl/GSM505576_FL761-682.CEL.gz,ftp://ftp.ncbi.nlm.nih.gov/geo/samples/GSM615nnn/GSM615349/suppl/GSM615349_FL761-682.CEL.gz
MDACC:M683,GSM505577,GSM615350,683,M683,M683,MAQC_V,FL581-683.CEL.gz,FL581-683.CEL.gz,True,RD,RD,True,59,59.0,0.0,N,N,True,ftp://ftp.ncbi.nlm.nih.gov/geo/samples/GSM505nnn/GSM505577/suppl/GSM505577_FL581-683.CEL.gz,ftp://ftp.ncbi.nlm.nih.gov/geo/samples/GSM615nnn/GSM615350/suppl/GSM615350_FL581-683.CEL.gz
MDACC:M685,GSM505578,GSM615351,685,M685,M685,MAQC_V,FL787-685.CEL.gz,FL787-685.CEL.gz,True,RD,RD,True,53,53.0,0.0,P,P,True,ftp://ftp.ncbi.nlm.nih.gov/geo/samples/GSM505nnn/GSM505578/suppl/GSM505578_FL787-685.CEL.gz,ftp://ftp.ncbi.nlm.nih.gov/geo/samples/GSM615nnn/GSM615351/suppl/GSM615351_FL787-685.CEL.gz
MDACC:M690,GSM505579,GSM615352,690,M690,M690,MAQC_V,FL561-690.CEL.gz,FL561-690.CEL.gz,True,RD,RD,True,73,73.0,0.0,P,P,True,ftp://ftp.ncbi.nlm.nih.gov/geo/samples/GSM505nnn/GSM505579/suppl/GSM505579_FL561-690.CEL.gz,ftp://ftp.ncbi.nlm.nih.gov/geo/samples/GSM615nnn/GSM615352/suppl/GSM615352_FL561-690.CEL.gz
MDACC:M692,GSM505580,GSM615354,692,M692,M692,MAQC_V,FL582-692.CEL.gz,FL582-692.CEL.gz,True,pCR,pCR,True,46,46.0,0.0,N,N,True,ftp://ftp.ncbi.nlm.nih.gov/geo/samples/GSM505nnn/GSM505580/suppl/GSM505580_FL582-692.CEL.gz,ftp://ftp.ncbi.nlm.nih.gov/geo/samples/GSM615nnn/GSM615354/suppl/GSM615354_FL582-692.CEL.gz
MDACC:M693,GSM505581,GSM615355,693,M693,M693,MAQC_V,FL562-693.CEL.gz,FL562-693.CEL.gz,True,RD,RD,True,47,47.0,0.0,P,P,True,ftp://ftp.ncbi.nlm.nih.gov/geo/samples/GSM505nnn/GSM505581/suppl/GSM505581_FL562-693.CEL.gz,ftp://ftp.ncbi.nlm.nih.gov/geo/samples/GSM615nnn/GSM615355/suppl/GSM615355_FL562-693.CEL.gz
MDACC:M695,GSM505582,GSM615356,695,M695,M695,MAQC_V,FL648-695.CEL.gz,FL648-695.CEL.gz,True,RD,RD,True,43,43.0,0.0,P,N,False,ftp://ftp.ncbi.nlm.nih.gov/geo/samples/GSM505nnn/GSM505582/suppl/GSM505582_FL648-695.CEL.gz,ftp://ftp.ncbi.nlm.nih.gov/geo/samples/GSM615nnn/GSM615356/suppl/GSM615356_FL648-695.CEL.gz
MDACC:M696,GSM505583,GSM615357,696,M696,M696,MAQC_V,FL607-696.CEL.gz,FL607-696.CEL.gz,True,pCR,pCR,True,53,53.0,0.0,N,N,True,ftp://ftp.ncbi.nlm.nih.gov/geo/samples/GSM505nnn/GSM505583/suppl/GSM505583_FL607-696.CEL.gz,ftp://ftp.ncbi.nlm.nih.gov/geo/samples/GSM615nnn/GSM615357/suppl/GSM615357_FL607-696.CEL.gz
MDACC:M709,GSM505584,GSM615359,709,M709,M709,MAQC_V,FL608-709.CEL.gz,FL608-709.CEL.gz,True,pCR,pCR,True,51,51.0,0.0,N,N,True,ftp://ftp.ncbi.nlm.nih.gov/geo/samples/GSM505nnn/GSM505584/suppl/GSM505584_FL608-709.CEL.gz,ftp://ftp.ncbi.nlm.nih.gov/geo/samples/GSM615nnn/GSM615359/suppl/GSM615359_FL608-709.CEL.gz
MDACC:M710,GSM505585,GSM615360,710,M710,M710,MAQC_V,FL682-710.CEL.gz,FL682-710.CEL.gz,True,RD,RD,True,53,53.0,0.0,P,P,True,ftp://ftp.ncbi.nlm.nih.gov/geo/samples/GSM505nnn/GSM505585/suppl/GSM505585_FL682-710.CEL.gz,ftp://ftp.ncbi.nlm.nih.gov/geo/samples/GSM615nnn/GSM615360/suppl/GSM615360_FL682-710.CEL.gz
MDACC:M714,GSM505586,GSM615361,714,M714,M714,MAQC_V,FL788-714.CEL.gz,FL788-714.CEL.gz,True,RD,RD,True,64,64.0,0.0,P,P,True,ftp://ftp.ncbi.nlm.nih.gov/geo/samples/GSM505nnn/GSM505586/suppl/GSM505586_FL788-714.CEL.gz,ftp://ftp.ncbi.nlm.nih.gov/geo/samples/GSM615nnn/GSM615361/suppl/GSM615361_FL788-714.CEL.gz
MDACC:M717,GSM505587,GSM615362,717,M717,M717,MAQC_V,FL609-717.CEL.gz,FL609-717.CEL.gz,True,RD,RD,True,52,52.0,0.0,P,P,True,ftp://ftp.ncbi.nlm.nih.gov/geo/samples/GSM505nnn/GSM505587/suppl/GSM505587_FL609-717.CEL.gz,ftp://ftp.ncbi.nlm.nih.gov/geo/samples/GSM615nnn/GSM615362/suppl/GSM615362_FL609-717.CEL.gz
MDACC:M718,GSM505588,GSM615363,718,M718,M718,MAQC_V,FL610-718.CEL.gz,FL610-718.CEL.gz,True,RD,RD,True,36,36.0,0.0,N,N,True,ftp://ftp.ncbi.nlm.nih.gov/geo/samples/GSM505nnn/GSM505588/suppl/GSM505588_FL610-718.CEL.gz,ftp://ftp.ncbi.nlm.nih.gov/geo/samples/GSM615nnn/GSM615363/suppl/GSM615363_FL610-718.CEL.gz
MDACC:M723,GSM505589,GSM615365,723,M723,M723,MAQC_V,FL564-723.CEL.gz,FL564-723.CEL.gz,True,RD,RD,True,63,63.0,0.0,P,P,True,ftp://ftp.ncbi.nlm.nih.gov/geo/samples/GSM505nnn/GSM505589/suppl/GSM505589_FL564-723.CEL.gz,ftp://ftp.ncbi.nlm.nih.gov/geo/samples/GSM615nnn/GSM615365/suppl/GSM615365_FL564-723.CEL.gz
MDACC:M725,GSM505590,GSM615366,725,M725,M725,MAQC_V,FL683-725.CEL.gz,FL683-725.CEL.gz,True,RD,RD,True,46,46.0,0.0,P,P,True,ftp://ftp.ncbi.nlm.nih.gov/geo/samples/GSM505nnn/GSM505590/suppl/GSM505590_FL683-725.CEL.gz,ftp://ftp.ncbi.nlm.nih.gov/geo/samples/GSM615nnn/GSM615366/suppl/GSM615366_FL683-725.CEL.gz
MDACC:M728,GSM505591,GSM615367,728,M728,M728,MAQC_V,FL611-728.CEL.gz,FL611-728.CEL.gz,True,RD,RD,True,49,49.0,0.0,P,P,True,ftp://ftp.ncbi.nlm.nih.gov/geo/samples/GSM505nnn/GSM505591/suppl/GSM505591_FL611-728.CEL.gz,ftp://ftp.ncbi.nlm.nih.gov/geo/samples/GSM615nnn/GSM615367/suppl/GSM615367_FL611-728.CEL.gz
MDACC:M732,GSM505592,GSM615369,732,M732,M732,MAQC_V,FL612-732.CEL.gz,FL612-732.CEL.gz,True,RD,RD,True,50,50.0,0.0,N,N,True,ftp://ftp.ncbi.nlm.nih.gov/geo/samples/GSM505nnn/GSM505592/suppl/GSM505592_FL612-732.CEL.gz,ftp://ftp.ncbi.nlm.nih.gov/geo/samples/GSM615nnn/GSM615369/suppl/GSM615369_FL612-732.CEL.gz
MDACC:M734,GSM505593,GSM615370,734,M734,M734,MAQC_V,FL789-734.CEL.gz,FL789-734.CEL.gz,True,RD,RD,True,36,36.0,0.0,P,P,True,ftp://ftp.ncbi.nlm.nih.gov/geo/samples/GSM505nnn/GSM505593/suppl/GSM505593_FL789-734.CEL.gz,ftp://ftp.ncbi.nlm.nih.gov/geo/samples/GSM615nnn/GSM615370/suppl/GSM615370_FL789-734.CEL.gz
MDACC:M744,GSM505594,GSM615373,744,M744,M744,MAQC_V,FL614-744.CEL.gz,FL614-744.CEL.gz,True,RD,RD,True,44,44.0,0.0,P,P,True,ftp://ftp.ncbi.nlm.nih.gov/geo/samples/GSM505nnn/GSM505594/suppl/GSM505594_FL614-744.CEL.gz,ftp://ftp.ncbi.nlm.nih.gov/geo/samples/GSM615nnn/GSM615373/suppl/GSM615373_FL614-744.CEL.gz
MDACC:M746,GSM505595,GSM615374,746,M746,M746,MAQC_V,FL685-746.CEL.gz,FL685-746.CEL.gz,True,RD,RD,True,56,56.0,0.0,P,P,True,ftp://ftp.ncbi.nlm.nih.gov/geo/samples/GSM505nnn/GSM505595/suppl/GSM505595_FL685-746.CEL.gz,ftp://ftp.ncbi.nlm.nih.gov/geo/samples/GSM615nnn/GSM615374/suppl/GSM615374_FL685-746.CEL.gz
MDACC:M753,GSM505596,GSM615377,753,M753,M753,MAQC_V,FL701-753.CEL.gz,FL701-753.CEL.gz,True,RD,RD,True,49,49.0,0.0,P,P,True,ftp://ftp.ncbi.nlm.nih.gov/geo/samples/GSM505nnn/GSM505596/suppl/GSM505596_FL701-753.CEL.gz,ftp://ftp.ncbi.nlm.nih.gov/geo/samples/GSM615nnn/GSM615377/suppl/GSM615377_FL701-753.CEL.gz
MDACC:M765,GSM505597,GSM615381,765,M765,M765,MAQC_V,FL681-765.CEL.gz,FL681-765.CEL.gz,True,RD,RD,True,62,62.0,0.0,P,P,True,ftp://ftp.ncbi.nlm.nih.gov/geo/samples/GSM505nnn/GSM505597/suppl/GSM505597_FL681-765.CEL.gz,ftp://ftp.ncbi.nlm.nih.gov/geo/samples/GSM615nnn/GSM615381/suppl/GSM615381_FL681-765.CEL.gz
MDACC:M767,GSM505598,GSM615383,767,M767,M767,MAQC_V,FL670-767.CEL.gz,FL670-767.CEL.gz,True,pCR,pCR,True,51,51.0,0.0,P,P,True,ftp://ftp.ncbi.nlm.nih.gov/geo/samples/GSM505nnn/GSM505598/suppl/GSM505598_FL670-767.CEL.gz,ftp://ftp.ncbi.nlm.nih.gov/geo/samples/GSM615nnn/GSM615383/suppl/GSM615383_FL670-767.CEL.gz
MDACC:M774,GSM505599,GSM615386,774,M774,M774,MAQC_V,FL658-774.CEL.gz,FL658-774.CEL.gz,True,RD,RD,True,49,49.0,0.0,P,P,True,ftp://ftp.ncbi.nlm.nih.gov/geo/samples/GSM505nnn/GSM505599/suppl/GSM505599_FL658-774.CEL.gz,ftp://ftp.ncbi.nlm.nih.gov/geo/samples/GSM615nnn/GSM615386/suppl/GSM615386_FL658-774.CEL.gz
MDACC:M781,GSM505600,GSM615388,781,M781,M781,MAQC_V,FL660-781.CEL.gz,FL660-781.CEL.gz,True,RD,RD,True,40,40.0,0.0,P,P,True,ftp://ftp.ncbi.nlm.nih.gov/geo/samples/GSM505nnn/GSM505600/suppl/GSM505600_FL660-781.CEL.gz,ftp://ftp.ncbi.nlm.nih.gov/geo/samples/GSM615nnn/GSM615388/suppl/GSM615388_FL660-781.CEL.gz
MDACC:M782,GSM505601,GSM615389,782,M782,M782,MAQC_V,FL703-782.CEL.gz,FL703-782.CEL.gz,True,RD,RD,True,53,53.0,0.0,P,P,True,ftp://ftp.ncbi.nlm.nih.gov/geo/samples/GSM505nnn/GSM505601/suppl/GSM505601_FL703-782.CEL.gz,ftp://ftp.ncbi.nlm.nih.gov/geo/samples/GSM615nnn/GSM615389/suppl/GSM615389_FL703-782.CEL.gz
MDACC:M784,GSM505602,GSM615391,784,M784,M784,MAQC_V,FL704-784.CEL.gz,FL704-784.CEL.gz,True,RD,RD,True,58,58.0,0.0,P,P,True,ftp://ftp.ncbi.nlm.nih.gov/geo/samples/GSM505nnn/GSM505602/suppl/GSM505602_FL704-784.CEL.gz,ftp://ftp.ncbi.nlm.nih.gov/geo/samples/GSM615nnn/GSM615391/suppl/GSM615391_FL704-784.CEL.gz
MDACC:M795,GSM505603,GSM615395,795,M795,M795,MAQC_V,FL799-795.CEL.gz,FL799-795.CEL.gz,True,RD,RD,True,64,64.0,0.0,P,P,True,ftp://ftp.ncbi.nlm.nih.gov/geo/samples/GSM505nnn/GSM505603/suppl/GSM505603_FL799-795.CEL.gz,ftp://ftp.ncbi.nlm.nih.gov/geo/samples/GSM615nnn/GSM615395/suppl/GSM615395_FL799-795.CEL.gz
MDACC:M806,GSM505605,GSM615398,806,M806,M806,MAQC_V,FL802-806.CEL.gz,FL802-806.CEL.gz,True,RD,RD,True,49,49.0,0.0,P,P,True,ftp://ftp.ncbi.nlm.nih.gov/geo/samples/GSM505nnn/GSM505605/suppl/GSM505605_FL802-806.CEL.gz,ftp://ftp.ncbi.nlm.nih.gov/geo/samples/GSM615nnn/GSM615398/suppl/GSM615398_FL802-806.CEL.gz
