patient_key,observed_pcr,score,analysis
MDACC:M106,0,2.342639923095703,all_patient_means
MDACC:M107,0,2.3490653038024902,all_patient_means
MDACC:M108,0,2.3891429901123047,all_patient_means
MDACC:M111,1,2.3781769275665283,all_patient_means
MDACC:M113,0,2.540102243423462,all_patient_means
MDACC:M116,1,2.6912081241607666,all_patient_means
MDACC:M117,0,2.019855499267578,all_patient_means
MDACC:M120,0,2.6481900215148926,all_patient_means
MDACC:M121,0,2.293297290802002,all_patient_means
MDACC:M123,1,2.118001937866211,all_patient_means
MDACC:M126,0,2.321648120880127,all_patient_means
MDACC:M128,0,2.382624387741089,all_patient_means
MDACC:M129,0,2.3432390689849854,all_patient_means
MDACC:M130,0,2.400089263916016,all_patient_means
MDACC:M133,0,2.423306703567505,all_patient_means
MDACC:M135,0,2.234195709228516,all_patient_means
MDACC:M136,1,2.708395481109619,all_patient_means
MDACC:M139,0,2.197908878326416,all_patient_means
MDACC:M141,1,2.642353057861328,all_patient_means
MDACC:M145,0,2.6796200275421143,all_patient_means
MDACC:M146,1,2.40576434135437,all_patient_means
MDACC:M153,1,2.58704686164856,all_patient_means
MDACC:M154,0,2.6253528594970703,all_patient_means
MDACC:M155,0,2.463097095489502,all_patient_means
MDACC:M156,0,2.613074541091919,all_patient_means
MDACC:M157,0,2.089161396026612,all_patient_means
MDACC:M158,0,2.2815041542053223,all_patient_means
MDACC:M159,1,2.4232802391052246,all_patient_means
MDACC:M161,1,2.39817762374878,all_patient_means
MDACC:M165,0,2.588451147079468,all_patient_means
MDACC:M176,0,2.2442121505737305,all_patient_means
MDACC:M177,1,2.562058687210083,all_patient_means
MDACC:M179,1,2.641237497329712,all_patient_means
MDACC:M180,1,2.6582555770874023,all_patient_means
MDACC:M181,0,1.912105917930603,all_patient_means
MDACC:M182,0,2.0503082275390625,all_patient_means
MDACC:M186,0,2.183427095413208,all_patient_means
MDACC:M188,0,2.247554302215576,all_patient_means
MDACC:M189,0,2.1530919075012207,all_patient_means
MDACC:M195,0,2.0866923332214355,all_patient_means
MDACC:M196,0,2.152583360671997,all_patient_means
MDACC:M199,1,2.578181505203247,all_patient_means
MDACC:M201,0,2.006739377975464,all_patient_means
MDACC:M205,1,2.616719484329224,all_patient_means
MDACC:M206,1,2.0998759269714355,all_patient_means
MDACC:M211,1,2.474137783050537,all_patient_means
MDACC:M212,1,2.671713352203369,all_patient_means
MDACC:M214,0,1.9398483037948608,all_patient_means
MDACC:M215,1,2.400131225585937,all_patient_means
MDACC:M216,0,2.3837332725524902,all_patient_means
MDACC:M217,0,2.209254741668701,all_patient_means
MDACC:M220,0,2.2591285705566406,all_patient_means
MDACC:M226,0,1.8200054168701167,all_patient_means
MDACC:M227,0,2.310516834259033,all_patient_means
MDACC:M228,0,1.9352004528045648,all_patient_means
MDACC:M230,0,2.6217318773269653,all_patient_means
MDACC:M231,0,1.9104648232460024,all_patient_means
MDACC:M232,1,2.0719308853149414,all_patient_means
MDACC:M233,0,2.3104225397109985,all_patient_means
MDACC:M234,0,1.9155118465423584,all_patient_means
MDACC:M235,0,3.099065661430359,all_patient_means
MDACC:M236,0,2.399173140525818,all_patient_means
MDACC:M237,0,2.5032533407211304,all_patient_means
MDACC:M238,1,2.2866573333740234,all_patient_means
MDACC:M239,1,2.459540367126465,all_patient_means
MDACC:M245,0,2.079769492149353,all_patient_means
MDACC:M246,0,2.132280111312866,all_patient_means
MDACC:M247,0,1.7414575815200806,all_patient_means
MDACC:M251,0,2.313007354736328,all_patient_means
MDACC:M255,0,1.8655757904052728,all_patient_means
MDACC:M256,0,2.0932631492614746,all_patient_means
MDACC:M257,0,2.162035822868347,all_patient_means
MDACC:M258,0,2.451722383499145,all_patient_means
MDACC:M259,0,1.9814453125,all_patient_means
MDACC:M260,0,1.9965282678604128,all_patient_means
MDACC:M261,0,1.989276647567749,all_patient_means
MDACC:M263,0,1.889402747154236,all_patient_means
MDACC:M264,0,2.7782062292099,all_patient_means
MDACC:M266,0,2.2957862615585327,all_patient_means
MDACC:M270,0,2.5305241346359253,all_patient_means
MDACC:M280,0,2.388300657272339,all_patient_means
MDACC:M281,0,2.0647401809692383,all_patient_means
MDACC:M282,0,1.9153321981430047,all_patient_means
MDACC:M283,0,2.2649037837982178,all_patient_means
MDACC:M286,0,3.0816526412963867,all_patient_means
MDACC:M287,0,2.208139419555664,all_patient_means
MDACC:M294,1,2.403381824493408,all_patient_means
MDACC:M295,1,2.007644891738892,all_patient_means
MDACC:M297,0,2.309534072875977,all_patient_means
MDACC:M301,1,2.4588656425476074,all_patient_means
MDACC:M302,0,2.4746495485305786,all_patient_means
MDACC:M304,0,2.0584373474121094,all_patient_means
MDACC:M309,1,2.2178874015808105,all_patient_means
MDACC:M310,0,2.0831782817840576,all_patient_means
MDACC:M314,0,2.263755321502685,all_patient_means
MDACC:M315,0,2.416132926940918,all_patient_means
MDACC:M316,1,2.392061948776245,all_patient_means
MDACC:M319,0,2.3651511669158936,all_patient_means
MDACC:M322,0,2.3013213872909546,all_patient_means
MDACC:M323,0,2.261496067047119,all_patient_means
MDACC:M330,0,2.138940453529358,all_patient_means
MDACC:M331,1,2.2888901233673096,all_patient_means
MDACC:M332,0,2.5644867420196533,all_patient_means
MDACC:M333,0,2.093009114265442,all_patient_means
MDACC:M334,0,2.600435972213745,all_patient_means
MDACC:M339,0,2.433070659637451,all_patient_means
MDACC:M340,0,2.009273052215576,all_patient_means
MDACC:M341,0,2.2763192653656006,all_patient_means
MDACC:M343,0,2.11199688911438,all_patient_means
MDACC:M345,0,2.2588937282562256,all_patient_means
MDACC:M353,1,2.458888053894043,all_patient_means
MDACC:M355,0,1.8357433080673216,all_patient_means
MDACC:M356,0,2.295848608016968,all_patient_means
MDACC:M357,0,2.040977954864502,all_patient_means
MDACC:M360,0,2.594712734222412,all_patient_means
MDACC:M363,0,2.3316545486450195,all_patient_means
MDACC:M365,0,1.9896667003631592,all_patient_means
MDACC:M367,1,2.51056170463562,all_patient_means
MDACC:M371,1,2.414309859275818,all_patient_means
MDACC:M373,1,2.142578601837158,all_patient_means
MDACC:M375,0,2.2804510593414307,all_patient_means
MDACC:M382,1,2.8344879150390625,all_patient_means
MDACC:M384,0,2.3613533973693848,all_patient_means
MDACC:M385,0,2.1113784313201904,all_patient_means
MDACC:M386,0,2.2453655004501343,all_patient_means
MDACC:M387,0,2.2932775020599365,all_patient_means
MDACC:M396,0,2.204158306121826,all_patient_means
MDACC:M399,0,2.058260679244995,all_patient_means
MDACC:M402,1,2.4016149044036865,all_patient_means
MDACC:M411,0,2.553119659423828,all_patient_means
MDACC:M417,0,2.0904629230499268,all_patient_means
MDACC:M421,0,2.3574657440185547,all_patient_means
MDACC:M423,0,2.6427223682403564,all_patient_means
MDACC:M425,0,2.573364734649658,all_patient_means
MDACC:M430,0,2.28396987915039,all_patient_means
MDACC:M431,0,2.2346949577331543,all_patient_means
MDACC:M433,0,2.2596116065979004,all_patient_means
MDACC:M434,0,2.2005820274353027,all_patient_means
MDACC:M442,1,2.515214681625366,all_patient_means
MDACC:M443,1,2.438584566116333,all_patient_means
MDACC:M447,0,2.296096086502075,all_patient_means
MDACC:M463,0,2.281900882720948,all_patient_means
MDACC:M469,0,2.3510830402374268,all_patient_means
MDACC:M482,0,2.6598904132843018,all_patient_means
MDACC:M484,0,2.326659679412842,all_patient_means
MDACC:M485,1,2.494995594024658,all_patient_means
MDACC:M486,0,2.1177468299865723,all_patient_means
MDACC:M497,0,2.525115966796875,all_patient_means
MDACC:M502,0,2.313688278198242,all_patient_means
MDACC:M503,0,2.4747323989868164,all_patient_means
MDACC:M506,0,2.64754581451416,all_patient_means
MDACC:M507,0,2.615263223648072,all_patient_means
MDACC:M513,1,2.386834621429444,all_patient_means
MDACC:M523,0,2.231475591659546,all_patient_means
MDACC:M524,1,2.716209650039673,all_patient_means
MDACC:M525,0,2.4096367359161377,all_patient_means
MDACC:M531,0,2.140838146209717,all_patient_means
MDACC:M534,0,2.3118896484375,all_patient_means
MDACC:M545,0,2.619293689727783,all_patient_means
MDACC:M549,0,2.191003799438477,all_patient_means
MDACC:M556,0,2.004749059677124,all_patient_means
MDACC:M557,1,2.29240083694458,all_patient_means
MDACC:M558,0,2.405055046081543,all_patient_means
MDACC:M559,0,2.2944023609161377,all_patient_means
MDACC:M564,0,2.4006447792053223,all_patient_means
MDACC:M566,0,2.138908863067627,all_patient_means
MDACC:M571,1,2.768343448638916,all_patient_means
MDACC:M576,0,2.330350399017334,all_patient_means
MDACC:M578,0,2.207120656967163,all_patient_means
MDACC:M583,0,2.3473598957061768,all_patient_means
MDACC:M599,0,1.9819380044937127,all_patient_means
MDACC:M607,0,1.882250189781189,all_patient_means
MDACC:M610,0,2.036827802658081,all_patient_means
MDACC:M612,0,2.605787515640259,all_patient_means
MDACC:M617,0,2.4175193309783936,all_patient_means
MDACC:M619,0,2.565656900405884,all_patient_means
MDACC:M626,0,2.414095640182495,all_patient_means
MDACC:M642,0,2.0947132110595703,all_patient_means
MDACC:M643,0,2.028160810470581,all_patient_means
MDACC:M647,0,2.0536704063415527,all_patient_means
MDACC:M651,1,2.151493549346924,all_patient_means
MDACC:M652,0,2.3552069664001465,all_patient_means
MDACC:M657,0,2.3012583255767822,all_patient_means
MDACC:M658,1,2.718777894973755,all_patient_means
MDACC:M659,0,2.4017577171325684,all_patient_means
MDACC:M661,1,2.5675625801086426,all_patient_means
MDACC:M662,0,2.2089011669158936,all_patient_means
MDACC:M665,1,2.344390392303467,all_patient_means
MDACC:M666,0,1.9894412755966189,all_patient_means
MDACC:M668,0,2.109100818634033,all_patient_means
MDACC:M669,0,2.0774731636047363,all_patient_means
MDACC:M670,0,2.1279845237731934,all_patient_means
MDACC:M671,0,2.315723896026612,all_patient_means
MDACC:M673,0,2.096765279769897,all_patient_means
MDACC:M675,0,2.0052132606506348,all_patient_means
MDACC:M679,0,2.450955867767334,all_patient_means
MDACC:M681,0,2.4343600273132324,all_patient_means
MDACC:M682,0,2.185088634490967,all_patient_means
MDACC:M683,0,2.311107635498047,all_patient_means
MDACC:M685,0,2.2928783893585205,all_patient_means
MDACC:M690,0,1.9168297052383425,all_patient_means
MDACC:M692,1,2.416271686553955,all_patient_means
MDACC:M693,0,2.3535919189453125,all_patient_means
MDACC:M695,0,2.24862027168274,all_patient_means
MDACC:M696,1,2.6041502952575684,all_patient_means
MDACC:M709,1,2.662196397781372,all_patient_means
MDACC:M710,0,2.1383731365203857,all_patient_means
MDACC:M713,0,2.245926141738892,all_patient_means
MDACC:M714,0,2.332150936126709,all_patient_means
MDACC:M717,0,2.1087582111358643,all_patient_means
MDACC:M718,0,2.167840480804444,all_patient_means
MDACC:M723,0,2.22627067565918,all_patient_means
MDACC:M725,0,2.119762897491455,all_patient_means
MDACC:M728,0,2.259070873260498,all_patient_means
MDACC:M732,0,2.191447734832764,all_patient_means
MDACC:M734,0,2.2992072105407715,all_patient_means
MDACC:M744,0,2.255232572555542,all_patient_means
MDACC:M746,0,1.957613706588745,all_patient_means
MDACC:M753,0,1.8916606903076167,all_patient_means
MDACC:M765,0,1.8526363372802728,all_patient_means
MDACC:M767,1,2.04862642288208,all_patient_means
MDACC:M774,0,1.8481231927871704,all_patient_means
MDACC:M781,0,2.1096527576446533,all_patient_means
MDACC:M782,0,2.107383251190185,all_patient_means
MDACC:M784,0,2.087088108062744,all_patient_means
MDACC:M795,0,1.980891466140747,all_patient_means
MDACC:M801,0,1.948910117149353,all_patient_means
MDACC:M806,0,2.3149871826171875,all_patient_means
MDACC:ML20,1,2.484076976776123,all_patient_means
MDACC:PERU01,0,2.2051570415496826,all_patient_means
MDACC:PERU07,0,2.4113311767578125,all_patient_means
MDACC:PERU08,0,1.975788831710816,all_patient_means
MDACC:PERU09,0,2.2429473400115967,all_patient_means
MDACC:PERU11,0,2.451437473297119,all_patient_means
MDACC:PERU12_14,0,2.2855772972106934,all_patient_means
MDACC:PERU14_16,0,2.6867899894714355,all_patient_means
MDACC:PERU53,0,2.047980785369873,all_patient_means
MDACC:PERU55,0,2.40161657333374,all_patient_means
MDACC:US002,0,1.917749047279358,all_patient_means
MDACC:US031,0,2.1160829067230225,all_patient_means
MDACC:US092,0,2.138306140899658,all_patient_means
MDACC:US097,0,2.0356557369232178,all_patient_means
MDACC:US120,0,2.3514740467071533,all_patient_means
MDACC:US123,0,2.062814235687256,all_patient_means
MDACC:US125,0,1.8962557315826416,all_patient_means
MDACC:US129,1,2.296518564224243,all_patient_means
MDACC:US134,0,2.497039556503296,all_patient_means
MDACC:US147,0,2.145902633666992,all_patient_means
MDACC:M157,0,2.089161396026612,source_MAQC_TV
MDACC:M196,0,2.152583360671997,source_MAQC_TV
MDACC:M176,0,2.2442121505737305,source_MAQC_TV
MDACC:M214,0,1.9398483037948608,source_MAQC_TV
MDACC:M113,0,2.540102243423462,source_MAQC_TV
MDACC:M154,0,2.6253528594970703,source_MAQC_TV
MDACC:M165,0,2.588451147079468,source_MAQC_TV
MDACC:M212,1,2.671713352203369,source_MAQC_TV
MDACC:M153,1,2.58704686164856,source_MAQC_TV
MDACC:M220,0,2.2591285705566406,source_MAQC_TV
MDACC:M228,0,1.9352004528045648,source_MAQC_TV
MDACC:M177,1,2.562058687210083,source_MAQC_TV
MDACC:M186,0,2.183427095413208,source_MAQC_TV
MDACC:M161,1,2.39817762374878,source_MAQC_TV
MDACC:M159,1,2.4232802391052246,source_MAQC_TV
MDACC:M130,0,2.400089263916016,source_MAQC_TV
MDACC:M180,1,2.6582555770874023,source_MAQC_TV
MDACC:M121,0,2.293297290802002,source_MAQC_TV
MDACC:M155,0,2.463097095489502,source_MAQC_TV
MDACC:M128,0,2.382624387741089,source_MAQC_TV
MDACC:M227,0,2.310516834259033,source_MAQC_TV
MDACC:M116,1,2.6912081241607666,source_MAQC_TV
MDACC:M156,0,2.613074541091919,source_MAQC_TV
MDACC:M111,1,2.3781769275665283,source_MAQC_TV
MDACC:M201,0,2.006739377975464,source_MAQC_TV
MDACC:M188,0,2.247554302215576,source_MAQC_TV
MDACC:M158,0,2.2815041542053223,source_MAQC_TV
MDACC:M226,0,1.8200054168701167,source_MAQC_TV
MDACC:M199,1,2.578181505203247,source_MAQC_TV
MDACC:M215,1,2.400131225585937,source_MAQC_TV
MDACC:M136,1,2.708395481109619,source_MAQC_TV
MDACC:M206,1,2.0998759269714355,source_MAQC_TV
MDACC:M211,1,2.474137783050537,source_MAQC_TV
MDACC:M217,0,2.209254741668701,source_MAQC_TV
MDACC:M135,0,2.234195709228516,source_MAQC_TV
MDACC:M216,0,2.3837332725524902,source_MAQC_TV
MDACC:M139,0,2.197908878326416,source_MAQC_TV
MDACC:M117,0,2.019855499267578,source_MAQC_TV
MDACC:M106,0,2.342639923095703,source_MAQC_TV
MDACC:M108,0,2.3891429901123047,source_MAQC_TV
MDACC:M123,1,2.118001937866211,source_MAQC_TV
MDACC:M126,0,2.321648120880127,source_MAQC_TV
MDACC:M205,1,2.616719484329224,source_MAQC_TV
MDACC:M182,0,2.0503082275390625,source_MAQC_TV
MDACC:M133,0,2.423306703567505,source_MAQC_TV
MDACC:M179,1,2.641237497329712,source_MAQC_TV
MDACC:M189,0,2.1530919075012207,source_MAQC_TV
MDACC:M181,0,1.912105917930603,source_MAQC_TV
MDACC:M230,0,2.510880947113037,source_MAQC_TV
MDACC:M236,0,2.4069385528564453,source_MAQC_TV
MDACC:M258,0,2.5133275985717773,source_MAQC_TV
MDACC:M246,0,2.257466077804565,source_MAQC_TV
MDACC:M237,0,2.592293500900269,source_MAQC_TV
MDACC:M239,1,2.384270191192627,source_MAQC_TV
MDACC:M264,0,2.7668325901031494,source_MAQC_TV
MDACC:M238,1,2.24444317817688,source_MAQC_TV
MDACC:M280,0,2.330491542816162,source_MAQC_TV
MDACC:M245,0,2.0255205631256104,source_MAQC_TV
MDACC:M266,0,2.14342999458313,source_MAQC_TV
MDACC:M235,0,3.1247987747192383,source_MAQC_TV
MDACC:M231,0,1.8259223699569704,source_MAQC_TV
MDACC:M257,0,2.124842882156372,source_MAQC_TV
MDACC:M256,0,2.091780424118042,source_MAQC_TV
MDACC:M270,0,2.6139233112335205,source_MAQC_TV
MDACC:M259,0,1.9814453125,source_MAQC_TV
MDACC:M301,1,2.4588656425476074,source_MAQC_TV
MDACC:M234,0,1.9155118465423584,source_MAQC_TV
MDACC:M310,0,2.0831782817840576,source_MAQC_TV
MDACC:M251,0,2.313007354736328,source_MAQC_TV
MDACC:M260,0,1.9965282678604128,source_MAQC_TV
MDACC:M255,0,1.8655757904052728,source_MAQC_TV
MDACC:M286,0,3.165306806564331,source_MAQC_TV
MDACC:M287,0,2.208139419555664,source_MAQC_TV
MDACC:M309,1,2.2178874015808105,source_MAQC_TV
MDACC:M304,0,2.0584373474121094,source_MAQC_TV
MDACC:M233,0,2.3296494483947754,source_MAQC_TV
MDACC:M297,0,2.309534072875977,source_MAQC_TV
MDACC:M295,1,2.007644891738892,source_MAQC_TV
MDACC:M282,0,1.9153321981430047,source_MAQC_TV
MDACC:M302,0,2.4247689247131348,source_MAQC_TV
MDACC:M261,0,1.989276647567749,source_MAQC_TV
MDACC:M333,0,2.1419928073883057,source_MAQC_TV
MDACC:M402,1,2.5240960121154785,source_MAQC_TV
MDACC:M387,0,2.274713516235352,source_MAQC_TV
MDACC:M386,0,2.2144479751586914,source_MAQC_TV
MDACC:M322,0,2.4222121238708496,source_MAQC_TV
MDACC:M375,0,2.200873374938965,source_MAQC_TV
MDACC:M330,0,2.1198277473449707,source_MAQC_TV
MDACC:M316,1,2.387256145477295,source_MAQC_TV
MDACC:M331,1,2.2670469284057617,source_MAQC_TV
MDACC:M371,1,2.387981653213501,source_MAQC_TV
MDACC:M323,0,2.261496067047119,source_MAQC_TV
MDACC:M442,1,2.515214681625366,source_MAQC_TV
MDACC:PERU14_16,0,2.6867899894714355,source_MAQC_TV
MDACC:M523,0,2.231475591659546,source_MAQC_TV
MDACC:M315,0,2.416132926940918,source_MAQC_TV
MDACC:M399,0,2.058260679244995,source_MAQC_TV
MDACC:M524,1,2.716209650039673,source_MAQC_TV
MDACC:M353,1,2.458888053894043,source_MAQC_TV
MDACC:M534,0,2.3118896484375,source_MAQC_TV
MDACC:M447,0,2.296096086502075,source_MAQC_TV
MDACC:M356,0,2.295848608016968,source_MAQC_TV
MDACC:M367,1,2.51056170463562,source_MAQC_TV
MDACC:M120,0,2.6481900215148926,source_MAQC_TV
MDACC:M482,0,2.6598904132843018,source_MAQC_TV
MDACC:M141,1,2.642353057861328,source_MAQC_TV
MDACC:M107,0,2.3490653038024902,source_MAQC_TV
MDACC:M343,0,2.11199688911438,source_MAQC_TV
MDACC:M485,1,2.494995594024658,source_MAQC_TV
MDACC:M373,1,2.142578601837158,source_MAQC_TV
MDACC:M463,0,2.281900882720948,source_MAQC_TV
MDACC:M357,0,2.040977954864502,source_MAQC_TV
MDACC:PERU12_14,0,2.2855772972106934,source_MAQC_TV
MDACC:M384,0,2.3613533973693848,source_MAQC_TV
MDACC:M497,0,2.525115966796875,source_MAQC_TV
MDACC:PERU07,0,2.4113311767578125,source_MAQC_TV
MDACC:M503,0,2.4747323989868164,source_MAQC_TV
MDACC:M129,0,2.3432390689849854,source_MAQC_TV
MDACC:M421,0,2.3574657440185547,source_MAQC_TV
MDACC:M146,1,2.40576434135437,source_MAQC_TV
MDACC:M506,0,2.64754581451416,source_MAQC_TV
MDACC:PERU09,0,2.2429473400115967,source_MAQC_TV
MDACC:M525,0,2.4096367359161377,source_MAQC_TV
MDACC:M145,0,2.6796200275421143,source_MAQC_TV
MDACC:M469,0,2.3510830402374268,source_MAQC_TV
MDACC:M484,0,2.326659679412842,source_MAQC_TV
MDACC:M341,0,2.2763192653656006,source_MAQC_TV
MDACC:M434,0,2.2005820274353027,source_MAQC_TV
MDACC:M334,0,2.600435972213745,source_MAQC_TV
MDACC:PERU01,0,2.2051570415496826,source_MAQC_TV
MDACC:M195,0,2.0866923332214355,source_MAQC_TV
MDACC:M232,1,2.0719308853149414,source_MAQC_TV
MDACC:M263,0,1.889402747154236,source_MAQC_TV
MDACC:M281,0,2.0647401809692383,source_MAQC_TV
MDACC:M283,0,2.2649037837982178,source_MAQC_TV
MDACC:M294,1,2.403381824493408,source_MAQC_TV
MDACC:M319,0,2.3651511669158936,source_MAQC_TV
MDACC:M332,0,2.5644867420196533,source_MAQC_TV
MDACC:M339,0,2.433070659637451,source_MAQC_TV
MDACC:M340,0,2.009273052215576,source_MAQC_TV
MDACC:M345,0,2.2588937282562256,source_MAQC_TV
MDACC:M355,0,1.8357433080673216,source_MAQC_TV
MDACC:M360,0,2.594712734222412,source_MAQC_TV
MDACC:M363,0,2.3316545486450195,source_MAQC_TV
MDACC:M365,0,1.9896667003631592,source_MAQC_TV
MDACC:M382,1,2.8344879150390625,source_MAQC_TV
MDACC:M385,0,2.1113784313201904,source_MAQC_TV
MDACC:M396,0,2.204158306121826,source_MAQC_TV
MDACC:M411,0,2.553119659423828,source_MAQC_TV
MDACC:M417,0,2.0904629230499268,source_MAQC_TV
MDACC:M423,0,2.6427223682403564,source_MAQC_TV
MDACC:M425,0,2.573364734649658,source_MAQC_TV
MDACC:M430,0,2.28396987915039,source_MAQC_TV
MDACC:M431,0,2.2346949577331543,source_MAQC_TV
MDACC:M433,0,2.2596116065979004,source_MAQC_TV
MDACC:M443,1,2.438584566116333,source_MAQC_TV
MDACC:M486,0,2.1177468299865723,source_MAQC_TV
MDACC:M502,0,2.313688278198242,source_MAQC_TV
MDACC:M507,0,2.615263223648072,source_MAQC_TV
MDACC:M513,1,2.386834621429444,source_MAQC_TV
MDACC:M531,0,2.140838146209717,source_MAQC_TV
MDACC:M545,0,2.619293689727783,source_MAQC_TV
MDACC:M549,0,2.191003799438477,source_MAQC_TV
MDACC:M556,0,2.004749059677124,source_MAQC_TV
MDACC:M557,1,2.29240083694458,source_MAQC_TV
MDACC:M558,0,2.405055046081543,source_MAQC_TV
MDACC:M559,0,2.2944023609161377,source_MAQC_TV
MDACC:M564,0,2.4006447792053223,source_MAQC_TV
MDACC:M566,0,2.138908863067627,source_MAQC_TV
MDACC:M571,1,2.768343448638916,source_MAQC_TV
MDACC:M576,0,2.330350399017334,source_MAQC_TV
MDACC:M578,0,2.207120656967163,source_MAQC_TV
MDACC:M583,0,2.3473598957061768,source_MAQC_TV
MDACC:M599,0,1.9819380044937127,source_MAQC_TV
MDACC:M607,0,1.882250189781189,source_MAQC_TV
MDACC:M610,0,2.036827802658081,source_MAQC_TV
MDACC:M612,0,2.605787515640259,source_MAQC_TV
MDACC:M617,0,2.4175193309783936,source_MAQC_TV
MDACC:M619,0,2.565656900405884,source_MAQC_TV
MDACC:M626,0,2.414095640182495,source_MAQC_TV
MDACC:M642,0,2.0947132110595703,source_MAQC_TV
MDACC:M643,0,2.028160810470581,source_MAQC_TV
MDACC:M647,0,2.0536704063415527,source_MAQC_TV
MDACC:M651,1,2.151493549346924,source_MAQC_TV
MDACC:M652,0,2.3552069664001465,source_MAQC_TV
MDACC:M657,0,2.3012583255767822,source_MAQC_TV
MDACC:M658,1,2.718777894973755,source_MAQC_TV
MDACC:M659,0,2.4017577171325684,source_MAQC_TV
MDACC:M661,1,2.5675625801086426,source_MAQC_TV
MDACC:M662,0,2.2089011669158936,source_MAQC_TV
MDACC:M665,1,2.344390392303467,source_MAQC_TV
MDACC:M666,0,1.9894412755966189,source_MAQC_TV
MDACC:M668,0,2.109100818634033,source_MAQC_TV
MDACC:M669,0,2.0774731636047363,source_MAQC_TV
MDACC:M670,0,2.1279845237731934,source_MAQC_TV
MDACC:M671,0,2.315723896026612,source_MAQC_TV
MDACC:M673,0,2.096765279769897,source_MAQC_TV
MDACC:M675,0,2.0052132606506348,source_MAQC_TV
MDACC:M679,0,2.450955867767334,source_MAQC_TV
MDACC:M681,0,2.4343600273132324,source_MAQC_TV
MDACC:M682,0,2.185088634490967,source_MAQC_TV
MDACC:M683,0,2.311107635498047,source_MAQC_TV
MDACC:M685,0,2.2928783893585205,source_MAQC_TV
MDACC:M690,0,1.9168297052383425,source_MAQC_TV
MDACC:M692,1,2.416271686553955,source_MAQC_TV
MDACC:M693,0,2.3535919189453125,source_MAQC_TV
MDACC:M695,0,2.24862027168274,source_MAQC_TV
MDACC:M696,1,2.6041502952575684,source_MAQC_TV
MDACC:M709,1,2.662196397781372,source_MAQC_TV
MDACC:M710,0,2.1383731365203857,source_MAQC_TV
MDACC:M714,0,2.332150936126709,source_MAQC_TV
MDACC:M717,0,2.1087582111358643,source_MAQC_TV
MDACC:M718,0,2.167840480804444,source_MAQC_TV
MDACC:M723,0,2.22627067565918,source_MAQC_TV
MDACC:M725,0,2.119762897491455,source_MAQC_TV
MDACC:M728,0,2.259070873260498,source_MAQC_TV
MDACC:M732,0,2.191447734832764,source_MAQC_TV
MDACC:M734,0,2.2992072105407715,source_MAQC_TV
MDACC:M744,0,2.255232572555542,source_MAQC_TV
MDACC:M746,0,1.957613706588745,source_MAQC_TV
MDACC:M753,0,1.8916606903076167,source_MAQC_TV
MDACC:M765,0,1.8526363372802728,source_MAQC_TV
MDACC:M767,1,2.04862642288208,source_MAQC_TV
MDACC:M774,0,1.8481231927871704,source_MAQC_TV
MDACC:M781,0,2.1096527576446533,source_MAQC_TV
MDACC:M782,0,2.107383251190185,source_MAQC_TV
MDACC:M784,0,2.087088108062744,source_MAQC_TV
MDACC:M795,0,1.980891466140747,source_MAQC_TV
MDACC:M801,0,1.948910117149353,source_MAQC_TV
MDACC:M806,0,2.3149871826171875,source_MAQC_TV
MDACC:M108,0,2.3891429901123047,patient_means_not_linked_GSE25055
MDACC:M116,1,2.6912081241607666,patient_means_not_linked_GSE25055
MDACC:M126,0,2.321648120880127,patient_means_not_linked_GSE25055
MDACC:M135,0,2.234195709228516,patient_means_not_linked_GSE25055
MDACC:M141,1,2.642353057861328,patient_means_not_linked_GSE25055
MDACC:M145,0,2.6796200275421143,patient_means_not_linked_GSE25055
MDACC:M159,1,2.4232802391052246,patient_means_not_linked_GSE25055
MDACC:M161,1,2.39817762374878,patient_means_not_linked_GSE25055
MDACC:M176,0,2.2442121505737305,patient_means_not_linked_GSE25055
MDACC:M179,1,2.641237497329712,patient_means_not_linked_GSE25055
MDACC:M186,0,2.183427095413208,patient_means_not_linked_GSE25055
MDACC:M212,1,2.671713352203369,patient_means_not_linked_GSE25055
MDACC:M230,0,2.6217318773269653,patient_means_not_linked_GSE25055
MDACC:M232,1,2.0719308853149414,patient_means_not_linked_GSE25055
MDACC:M235,0,3.099065661430359,patient_means_not_linked_GSE25055
MDACC:M237,0,2.5032533407211304,patient_means_not_linked_GSE25055
MDACC:M238,1,2.2866573333740234,patient_means_not_linked_GSE25055
MDACC:M239,1,2.459540367126465,patient_means_not_linked_GSE25055
MDACC:M245,0,2.079769492149353,patient_means_not_linked_GSE25055
MDACC:M247,0,1.7414575815200806,patient_means_not_linked_GSE25055
MDACC:M251,0,2.313007354736328,patient_means_not_linked_GSE25055
MDACC:M256,0,2.0932631492614746,patient_means_not_linked_GSE25055
MDACC:M257,0,2.162035822868347,patient_means_not_linked_GSE25055
MDACC:M258,0,2.451722383499145,patient_means_not_linked_GSE25055
MDACC:M264,0,2.7782062292099,patient_means_not_linked_GSE25055
MDACC:M286,0,3.0816526412963867,patient_means_not_linked_GSE25055
MDACC:M287,0,2.208139419555664,patient_means_not_linked_GSE25055
MDACC:M294,1,2.403381824493408,patient_means_not_linked_GSE25055
MDACC:M302,0,2.4746495485305786,patient_means_not_linked_GSE25055
MDACC:M309,1,2.2178874015808105,patient_means_not_linked_GSE25055
MDACC:M314,0,2.263755321502685,patient_means_not_linked_GSE25055
MDACC:M316,1,2.392061948776245,patient_means_not_linked_GSE25055
MDACC:M322,0,2.3013213872909546,patient_means_not_linked_GSE25055
MDACC:M330,0,2.138940453529358,patient_means_not_linked_GSE25055
MDACC:M331,1,2.2888901233673096,patient_means_not_linked_GSE25055
MDACC:M371,1,2.414309859275818,patient_means_not_linked_GSE25055
MDACC:M382,1,2.8344879150390625,patient_means_not_linked_GSE25055
MDACC:M385,0,2.1113784313201904,patient_means_not_linked_GSE25055
MDACC:M387,0,2.2932775020599365,patient_means_not_linked_GSE25055
MDACC:M443,1,2.438584566116333,patient_means_not_linked_GSE25055
MDACC:M482,0,2.6598904132843018,patient_means_not_linked_GSE25055
MDACC:M484,0,2.326659679412842,patient_means_not_linked_GSE25055
MDACC:M576,0,2.330350399017334,patient_means_not_linked_GSE25055
MDACC:M626,0,2.414095640182495,patient_means_not_linked_GSE25055
MDACC:M713,0,2.245926141738892,patient_means_not_linked_GSE25055
MDACC:M801,0,1.948910117149353,patient_means_not_linked_GSE25055
MDACC:ML20,1,2.484076976776123,patient_means_not_linked_GSE25055
MDACC:PERU08,0,1.975788831710816,patient_means_not_linked_GSE25055
MDACC:PERU53,0,2.047980785369873,patient_means_not_linked_GSE25055
MDACC:PERU55,0,2.40161657333374,patient_means_not_linked_GSE25055
MDACC:US002,0,1.917749047279358,patient_means_not_linked_GSE25055
MDACC:US031,0,2.1160829067230225,patient_means_not_linked_GSE25055
MDACC:US092,0,2.138306140899658,patient_means_not_linked_GSE25055
MDACC:US097,0,2.0356557369232178,patient_means_not_linked_GSE25055
MDACC:US120,0,2.3514740467071533,patient_means_not_linked_GSE25055
MDACC:US123,0,2.062814235687256,patient_means_not_linked_GSE25055
MDACC:US125,0,1.8962557315826416,patient_means_not_linked_GSE25055
MDACC:US129,1,2.296518564224243,patient_means_not_linked_GSE25055
MDACC:US134,0,2.497039556503296,patient_means_not_linked_GSE25055
MDACC:US147,0,2.145902633666992,patient_means_not_linked_GSE25055
